$date
  Mon Oct 20 22:00:07 2025
$end
$version
  GHDL v0
$end
$timescale
  1 fs
$end
$scope module standard $end
$upscope $end
$scope module std_logic_1164 $end
$upscope $end
$scope module numeric_std $end
$upscope $end
$scope module fmawritebuffer_tb $end
$var reg 1 ! clk $end
$var reg 1 " rst $end
$var reg 48 # fma_out[47:0] $end
$var reg 3 $ fma_valid_out[2:0] $end
$var reg 144 % line_out[143:0] $end
$var reg 1 & line_valid $end
$scope module fmawritebufferentity $end
$var reg 1 ' clk $end
$var reg 1 ( rst $end
$var reg 48 ) fma_out[47:0] $end
$var reg 3 * fma_valid_out[2:0] $end
$var reg 144 + line_out[143:0] $end
$var reg 1 , line_valid $end
$var integer 32 - phrase_in $end
$var reg 1 . increment_phrase $end
$var reg 144 / line_out_reg[143:0] $end
$var reg 1 0 line_valid_reg $end
$upscope $end
$upscope $end
$enddefinitions $end
#0
0!
1"
b000000000000000000000000000000000000000000000000 #
b000 $
bUUUUUUUUUUUUUUUUUUUUUUUUUUUUUUUUUUUUUUUUUUUUUUUUUUUUUUUUUUUUUUUUUUUUUUUUUUUUUUUUUUUUUUUUUUUUUUUUUUUUUUUUUUUUUUUUUUUUUUUUUUUUUUUUUUUUUUUUUUUUUUUU %
U&
0'
1(
b000000000000000000000000000000000000000000000000 )
b000 *
bUUUUUUUUUUUUUUUUUUUUUUUUUUUUUUUUUUUUUUUUUUUUUUUUUUUUUUUUUUUUUUUUUUUUUUUUUUUUUUUUUUUUUUUUUUUUUUUUUUUUUUUUUUUUUUUUUUUUUUUUUUUUUUUUUUUUUUUUUUUUUUUU +
U,
b0 -
0.
b000000000000000000000000000000000000000000000000000000000000000000000000000000000000000000000000000000000000000000000000000000000000000000000000 /
00
#5000000
1!
b000000000000000000000000000000000000000000000000000000000000000000000000000000000000000000000000000000000000000000000000000000000000000000000000 %
0&
1'
b000000000000000000000000000000000000000000000000000000000000000000000000000000000000000000000000000000000000000000000000000000000000000000000000 +
0,
#10000000
0!
0'
#15000000
1!
1'
#20000000
0!
0'
#25000000
1!
1'
#30000000
0!
0'
#35000000
1!
1'
#40000000
0!
0'
#45000000
1!
1'
#50000000
0!
0'
#55000000
1!
1'
#60000000
0!
0'
#65000000
1!
1'
#70000000
0!
0'
#75000000
1!
1'
#80000000
0!
0'
#85000000
1!
1'
#90000000
0!
0'
#95000000
1!
1'
#100000000
0!
0"
0'
0(
#105000000
1!
1'
#110000000
0!
0'
#115000000
1!
1'
#120000000
0!
0'
#125000000
1!
1'
#130000000
0!
0'
#135000000
1!
1'
#140000000
0!
0'
#145000000
1!
1'
#150000000
0!
0'
#155000000
1!
1'
#160000000
0!
0'
#165000000
1!
1'
#170000000
0!
0'
#175000000
1!
1'
#180000000
0!
0'
#185000000
1!
1'
#190000000
0!
0'
#195000000
1!
1'
#200000000
0!
b010111101010101001011110101010100101111010101010 #
b101 $
0'
b010111101010101001011110101010100101111010101010 )
b101 *
1.
#205000000
1!
b000000000000000000000000000000000000000000000000000000000000000000000000000000000000000000000000010111101010101001011110101010100101111010101010 %
1'
b000000000000000000000000000000000000000000000000000000000000000000000000000000000000000000000000010111101010101001011110101010100101111010101010 +
b1 -
#210000000
0!
0'
#215000000
1!
b000000000000000000000000000000000000000000000000010111101010101001011110101010100101111010101010010111101010101001011110101010100101111010101010 %
1'
b000000000000000000000000000000000000000000000000010111101010101001011110101010100101111010101010010111101010101001011110101010100101111010101010 +
b10 -
#220000000
0!
0'
#225000000
1!
b010111101010101001011110101010100101111010101010010111101010101001011110101010100101111010101010010111101010101001011110101010100101111010101010 %
1'
b010111101010101001011110101010100101111010101010010111101010101001011110101010100101111010101010010111101010101001011110101010100101111010101010 +
b11 -
10
#230000000
0!
0'
#235000000
1!
1'
b0 -
00
#240000000
0!
0'
#245000000
1!
1'
b1 -
#250000000
0!
b010100011010101101011110101110100010111110101010 #
b111 $
0'
b010100011010101101011110101110100010111110101010 )
b111 *
#255000000
1!
b010111101010101001011110101010100101111010101010010100011010101101011110101110100010111110101010010111101010101001011110101010100101111010101010 %
1'
b010111101010101001011110101010100101111010101010010100011010101101011110101110100010111110101010010111101010101001011110101010100101111010101010 +
b10 -
#260000000
0!
0'
#265000000
1!
b010100011010101101011110101110100010111110101010010100011010101101011110101110100010111110101010010111101010101001011110101010100101111010101010 %
1'
b010100011010101101011110101110100010111110101010010100011010101101011110101110100010111110101010010111101010101001011110101010100101111010101010 +
b11 -
10
#270000000
0!
0'
#275000000
1!
1'
b0 -
00
#280000000
0!
0'
#285000000
1!
b010100011010101101011110101110100010111110101010010100011010101101011110101110100010111110101010010100011010101101011110101110100010111110101010 %
1'
b010100011010101101011110101110100010111110101010010100011010101101011110101110100010111110101010010100011010101101011110101110100010111110101010 +
b1 -
#290000000
0!
0'
#295000000
1!
1'
b10 -
#300000000
0!
0'
#305000000
1!
1'
b11 -
10
#310000000
0!
0'
#315000000
1!
1'
b0 -
00
#320000000
0!
0'
#325000000
1!
1'
b1 -
#330000000
0!
0'
#335000000
1!
1'
b10 -
#340000000
0!
0'
#345000000
1!
1'
b11 -
10
#350000000
0!
0'
#355000000
1!
1'
b0 -
00
#360000000
0!
0'
#365000000
1!
1'
b1 -
#370000000
0!
0'
#375000000
1!
1'
b10 -
#380000000
0!
0'
#385000000
1!
1'
b11 -
10
#390000000
0!
0'
#395000000
1!
1'
b0 -
00
#400000000
0!
0'
#405000000
1!
1'
b1 -
#410000000
0!
0'
#415000000
1!
1'
b10 -
#420000000
0!
0'
#425000000
1!
1'
b11 -
10
#430000000
0!
0'
#435000000
1!
1'
b0 -
00
#440000000
0!
0'
#445000000
1!
1'
b1 -
#450000000
0!
0'
#455000000
1!
1'
b10 -
#460000000
0!
0'
#465000000
1!
1'
b11 -
10
#470000000
0!
0'
#475000000
1!
1'
b0 -
00
#480000000
0!
0'
#485000000
1!
1'
b1 -
#490000000
0!
0'
#495000000
1!
1'
b10 -
#500000000
0!
0'
#505000000
1!
1'
b11 -
10
#510000000
0!
0'
#515000000
1!
1'
b0 -
00
#520000000
0!
0'
#525000000
1!
1'
b1 -
#530000000
0!
0'
#535000000
1!
1'
b10 -
#540000000
0!
0'
#545000000
1!
1'
b11 -
10
#550000000
0!
0'
#555000000
1!
1'
b0 -
00
#560000000
0!
0'
#565000000
1!
1'
b1 -
#570000000
0!
0'
#575000000
1!
1'
b10 -
#580000000
0!
0'
#585000000
1!
1'
b11 -
10
#590000000
0!
0'
#595000000
1!
1'
b0 -
00
#600000000
0!
0'
#605000000
1!
1'
b1 -
#610000000
0!
0'
#615000000
1!
1'
b10 -
#620000000
0!
0'
#625000000
1!
1'
b11 -
10
#630000000
0!
0'
#635000000
1!
1'
b0 -
00
#640000000
0!
0'
#645000000
1!
1'
b1 -
#650000000
0!
0'
#655000000
1!
1'
b10 -
#660000000
0!
0'
#665000000
1!
1'
b11 -
10
#670000000
0!
0'
#675000000
1!
1'
b0 -
00
#680000000
0!
0'
#685000000
1!
1'
b1 -
#690000000
0!
0'
#695000000
1!
1'
b10 -
#700000000
0!
0'
#705000000
1!
1'
b11 -
10
#710000000
0!
0'
#715000000
1!
1'
b0 -
00
#720000000
0!
0'
#725000000
1!
1'
b1 -
#730000000
0!
0'
#735000000
1!
1'
b10 -
#740000000
0!
0'
#745000000
1!
1'
b11 -
10
#750000000
0!
0'
#755000000
1!
1'
b0 -
00
#760000000
0!
0'
#765000000
1!
1'
b1 -
#770000000
0!
0'
#775000000
1!
1'
b10 -
#780000000
0!
0'
#785000000
1!
1'
b11 -
10
#790000000
0!
0'
#795000000
1!
1'
b0 -
00
#800000000
0!
0'
#805000000
1!
1'
b1 -
#810000000
0!
0'
#815000000
1!
1'
b10 -
#820000000
0!
0'
#825000000
1!
1'
b11 -
10
#830000000
0!
0'
#835000000
1!
1'
b0 -
00
#840000000
0!
0'
#845000000
1!
1'
b1 -
#850000000
0!
0'
#855000000
1!
1'
b10 -
#860000000
0!
0'
#865000000
1!
1'
b11 -
10
#870000000
0!
0'
#875000000
1!
1'
b0 -
00
#880000000
0!
0'
#885000000
1!
1'
b1 -
#890000000
0!
0'
#895000000
1!
1'
b10 -
#900000000
0!
0'
#905000000
1!
1'
b11 -
10
#910000000
0!
0'
#915000000
1!
1'
b0 -
00
#920000000
0!
0'
#925000000
1!
1'
b1 -
#930000000
0!
0'
#935000000
1!
1'
b10 -
#940000000
0!
0'
#945000000
1!
1'
b11 -
10
#950000000
0!
0'
#955000000
1!
1'
b0 -
00
#960000000
0!
0'
#965000000
1!
1'
b1 -
#970000000
0!
0'
#975000000
1!
1'
b10 -
#980000000
0!
0'
#985000000
1!
1'
b11 -
10
#990000000
0!
0'
#995000000
1!
1'
b0 -
00
#1000000000
0!
0'
#1005000000
1!
1'
b1 -
#1010000000
0!
0'
#1015000000
1!
1'
b10 -
#1020000000
0!
0'
#1025000000
1!
1'
b11 -
10
#1030000000
0!
0'
#1035000000
1!
1'
b0 -
00
#1040000000
0!
0'
#1045000000
1!
1'
b1 -
#1050000000
0!
0'
#1055000000
1!
1'
b10 -
#1060000000
0!
0'
#1065000000
1!
1'
b11 -
10
#1070000000
0!
0'
#1075000000
1!
1'
b0 -
00
#1080000000
0!
0'
#1085000000
1!
1'
b1 -
#1090000000
0!
0'
#1095000000
1!
1'
b10 -
#1100000000
0!
0'
#1105000000
1!
1'
b11 -
10
#1110000000
0!
0'
#1115000000
1!
1'
b0 -
00
#1120000000
0!
0'
#1125000000
1!
1'
b1 -
#1130000000
0!
0'
#1135000000
1!
1'
b10 -
#1140000000
0!
0'
#1145000000
1!
1'
b11 -
10
#1150000000
0!
0'
#1155000000
1!
1'
b0 -
00
#1160000000
0!
0'
#1165000000
1!
1'
b1 -
#1170000000
0!
0'
#1175000000
1!
1'
b10 -
#1180000000
0!
0'
#1185000000
1!
1'
b11 -
10
#1190000000
0!
0'
#1195000000
1!
1'
b0 -
00
#1200000000
0!
0'
#1205000000
1!
1'
b1 -
#1210000000
0!
0'
#1215000000
1!
1'
b10 -
#1220000000
0!
0'
#1225000000
1!
1'
b11 -
10
#1230000000
0!
0'
#1235000000
1!
1'
b0 -
00
#1240000000
0!
0'
#1245000000
1!
1'
b1 -
#1250000000
0!
0'
#1255000000
1!
1'
b10 -
#1260000000
0!
0'
#1265000000
1!
1'
b11 -
10
#1270000000
0!
0'
#1275000000
1!
1'
b0 -
00
#1280000000
0!
0'
#1285000000
1!
1'
b1 -
#1290000000
0!
0'
#1295000000
1!
1'
b10 -
#1300000000
0!
0'
#1305000000
1!
1'
b11 -
10
#1310000000
0!
0'
#1315000000
1!
1'
b0 -
00
#1320000000
0!
0'
#1325000000
1!
1'
b1 -
#1330000000
0!
0'
#1335000000
1!
1'
b10 -
#1340000000
0!
0'
#1345000000
1!
1'
b11 -
10
#1350000000
0!
0'
#1355000000
1!
1'
b0 -
00
#1360000000
0!
0'
#1365000000
1!
1'
b1 -
#1370000000
0!
0'
#1375000000
1!
1'
b10 -
#1380000000
0!
0'
#1385000000
1!
1'
b11 -
10
#1390000000
0!
0'
#1395000000
1!
1'
b0 -
00
#1400000000
0!
0'
#1405000000
1!
1'
b1 -
#1410000000
0!
0'
#1415000000
1!
1'
b10 -
#1420000000
0!
0'
#1425000000
1!
1'
b11 -
10
#1430000000
0!
0'
#1435000000
1!
1'
b0 -
00
#1440000000
0!
0'
#1445000000
1!
1'
b1 -
#1450000000
0!
0'
#1455000000
1!
1'
b10 -
#1460000000
0!
0'
#1465000000
1!
1'
b11 -
10
#1470000000
0!
0'
#1475000000
1!
1'
b0 -
00
#1480000000
0!
0'
#1485000000
1!
1'
b1 -
#1490000000
0!
0'
#1495000000
1!
1'
b10 -
#1500000000
0!
0'
#1505000000
1!
1'
b11 -
10
#1510000000
0!
0'
#1515000000
1!
1'
b0 -
00
#1520000000
0!
0'
#1525000000
1!
1'
b1 -
#1530000000
0!
0'
#1535000000
1!
1'
b10 -
#1540000000
0!
0'
#1545000000
1!
1'
b11 -
10
#1550000000
0!
0'
#1555000000
1!
1'
b0 -
00
#1560000000
0!
0'
#1565000000
1!
1'
b1 -
#1570000000
0!
0'
#1575000000
1!
1'
b10 -
#1580000000
0!
0'
#1585000000
1!
1'
b11 -
10
#1590000000
0!
0'
#1595000000
1!
1'
b0 -
00
#1600000000
0!
0'
#1605000000
1!
1'
b1 -
#1610000000
0!
0'
#1615000000
1!
1'
b10 -
#1620000000
0!
0'
#1625000000
1!
1'
b11 -
10
#1630000000
0!
0'
#1635000000
1!
1'
b0 -
00
#1640000000
0!
0'
#1645000000
1!
1'
b1 -
#1650000000
0!
0'
#1655000000
1!
1'
b10 -
#1660000000
0!
0'
#1665000000
1!
1'
b11 -
10
#1670000000
0!
0'
#1675000000
1!
1'
b0 -
00
#1680000000
0!
0'
#1685000000
1!
1'
b1 -
#1690000000
0!
0'
#1695000000
1!
1'
b10 -
#1700000000
0!
0'
#1705000000
1!
1'
b11 -
10
#1710000000
0!
0'
#1715000000
1!
1'
b0 -
00
#1720000000
0!
0'
#1725000000
1!
1'
b1 -
#1730000000
0!
0'
#1735000000
1!
1'
b10 -
#1740000000
0!
0'
#1745000000
1!
1'
b11 -
10
#1750000000
0!
0'
#1755000000
1!
1'
b0 -
00
#1760000000
0!
0'
#1765000000
1!
1'
b1 -
#1770000000
0!
0'
#1775000000
1!
1'
b10 -
#1780000000
0!
0'
#1785000000
1!
1'
b11 -
10
#1790000000
0!
0'
#1795000000
1!
1'
b0 -
00
#1800000000
0!
0'
#1805000000
1!
1'
b1 -
#1810000000
0!
0'
#1815000000
1!
1'
b10 -
#1820000000
0!
0'
#1825000000
1!
1'
b11 -
10
#1830000000
0!
0'
#1835000000
1!
1'
b0 -
00
#1840000000
0!
0'
#1845000000
1!
1'
b1 -
#1850000000
0!
0'
#1855000000
1!
1'
b10 -
#1860000000
0!
0'
#1865000000
1!
1'
b11 -
10
#1870000000
0!
0'
#1875000000
1!
1'
b0 -
00
#1880000000
0!
0'
#1885000000
1!
1'
b1 -
#1890000000
0!
0'
#1895000000
1!
1'
b10 -
#1900000000
0!
0'
#1905000000
1!
1'
b11 -
10
#1910000000
0!
0'
#1915000000
1!
1'
b0 -
00
#1920000000
0!
0'
#1925000000
1!
1'
b1 -
#1930000000
0!
0'
#1935000000
1!
1'
b10 -
#1940000000
0!
0'
#1945000000
1!
1'
b11 -
10
#1950000000
0!
0'
#1955000000
1!
1'
b0 -
00
#1960000000
0!
0'
#1965000000
1!
1'
b1 -
#1970000000
0!
0'
#1975000000
1!
1'
b10 -
#1980000000
0!
0'
#1985000000
1!
1'
b11 -
10
#1990000000
0!
0'
#1995000000
1!
1'
b0 -
00
#2000000000
0!
0'
#2005000000
1!
1'
b1 -
#2010000000
0!
0'
#2015000000
1!
1'
b10 -
#2020000000
0!
0'
#2025000000
1!
1'
b11 -
10
#2030000000
0!
0'
#2035000000
1!
1'
b0 -
00
#2040000000
0!
0'
#2045000000
1!
1'
b1 -
#2050000000
0!
0'
#2055000000
1!
1'
b10 -
#2060000000
0!
0'
#2065000000
1!
1'
b11 -
10
#2070000000
0!
0'
#2075000000
1!
1'
b0 -
00
#2080000000
0!
0'
#2085000000
1!
1'
b1 -
#2090000000
0!
0'
#2095000000
1!
1'
b10 -
#2100000000
0!
0'
#2105000000
1!
1'
b11 -
10
#2110000000
0!
0'
#2115000000
1!
1'
b0 -
00
#2120000000
0!
0'
#2125000000
1!
1'
b1 -
#2130000000
0!
0'
#2135000000
1!
1'
b10 -
#2140000000
0!
0'
#2145000000
1!
1'
b11 -
10
#2150000000
0!
0'
#2155000000
1!
1'
b0 -
00
#2160000000
0!
0'
#2165000000
1!
1'
b1 -
#2170000000
0!
0'
#2175000000
1!
1'
b10 -
#2180000000
0!
0'
#2185000000
1!
1'
b11 -
10
#2190000000
0!
0'
#2195000000
1!
1'
b0 -
00
#2200000000
0!
0'
#2205000000
1!
1'
b1 -
#2210000000
0!
0'
#2215000000
1!
1'
b10 -
#2220000000
0!
0'
#2225000000
1!
1'
b11 -
10
#2230000000
0!
0'
#2235000000
1!
1'
b0 -
00
#2240000000
0!
0'
#2245000000
1!
1'
b1 -
#2250000000
0!
0'
#2255000000
1!
1'
b10 -
#2260000000
0!
0'
#2265000000
1!
1'
b11 -
10
#2270000000
0!
0'
#2275000000
1!
1'
b0 -
00
#2280000000
0!
0'
#2285000000
1!
1'
b1 -
#2290000000
0!
0'
#2295000000
1!
1'
b10 -
#2300000000
0!
0'
#2305000000
1!
1'
b11 -
10
#2310000000
0!
0'
#2315000000
1!
1'
b0 -
00
#2320000000
0!
0'
#2325000000
1!
1'
b1 -
#2330000000
0!
0'
#2335000000
1!
1'
b10 -
#2340000000
0!
0'
#2345000000
1!
1'
b11 -
10
#2350000000
0!
0'
#2355000000
1!
1'
b0 -
00
#2360000000
0!
0'
#2365000000
1!
1'
b1 -
#2370000000
0!
0'
#2375000000
1!
1'
b10 -
#2380000000
0!
0'
#2385000000
1!
1'
b11 -
10
#2390000000
0!
0'
#2395000000
1!
1'
b0 -
00
#2400000000
0!
0'
#2405000000
1!
1'
b1 -
#2410000000
0!
0'
#2415000000
1!
1'
b10 -
#2420000000
0!
0'
#2425000000
1!
1'
b11 -
10
#2430000000
0!
0'
#2435000000
1!
1'
b0 -
00
#2440000000
0!
0'
#2445000000
1!
1'
b1 -
#2450000000
0!
0'
#2455000000
1!
1'
b10 -
#2460000000
0!
0'
#2465000000
1!
1'
b11 -
10
#2470000000
0!
0'
#2475000000
1!
1'
b0 -
00
#2480000000
0!
0'
#2485000000
1!
1'
b1 -
#2490000000
0!
0'
#2495000000
1!
1'
b10 -
#2500000000
0!
0'
#2505000000
1!
1'
b11 -
10
#2510000000
0!
0'
#2515000000
1!
1'
b0 -
00
#2520000000
0!
0'
#2525000000
1!
1'
b1 -
#2530000000
0!
0'
#2535000000
1!
1'
b10 -
#2540000000
0!
0'
#2545000000
1!
1'
b11 -
10
#2550000000
0!
0'
#2555000000
1!
1'
b0 -
00
#2560000000
0!
0'
#2565000000
1!
1'
b1 -
#2570000000
0!
0'
#2575000000
1!
1'
b10 -
#2580000000
0!
0'
#2585000000
1!
1'
b11 -
10
#2590000000
0!
0'
#2595000000
1!
1'
b0 -
00
#2600000000
0!
0'
#2605000000
1!
1'
b1 -
#2610000000
0!
0'
#2615000000
1!
1'
b10 -
#2620000000
0!
0'
#2625000000
1!
1'
b11 -
10
#2630000000
0!
0'
#2635000000
1!
1'
b0 -
00
#2640000000
0!
0'
#2645000000
1!
1'
b1 -
#2650000000
0!
0'
#2655000000
1!
1'
b10 -
#2660000000
0!
0'
#2665000000
1!
1'
b11 -
10
#2670000000
0!
0'
#2675000000
1!
1'
b0 -
00
#2680000000
0!
0'
#2685000000
1!
1'
b1 -
#2690000000
0!
0'
#2695000000
1!
1'
b10 -
#2700000000
0!
0'
#2705000000
1!
1'
b11 -
10
#2710000000
0!
0'
#2715000000
1!
1'
b0 -
00
#2720000000
0!
0'
#2725000000
1!
1'
b1 -
#2730000000
0!
0'
#2735000000
1!
1'
b10 -
#2740000000
0!
0'
#2745000000
1!
1'
b11 -
10
#2750000000
0!
0'
#2755000000
1!
1'
b0 -
00
#2760000000
0!
0'
#2765000000
1!
1'
b1 -
#2770000000
0!
0'
#2775000000
1!
1'
b10 -
#2780000000
0!
0'
#2785000000
1!
1'
b11 -
10
#2790000000
0!
0'
#2795000000
1!
1'
b0 -
00
#2800000000
0!
0'
#2805000000
1!
1'
b1 -
#2810000000
0!
0'
#2815000000
1!
1'
b10 -
#2820000000
0!
0'
#2825000000
1!
1'
b11 -
10
#2830000000
0!
0'
#2835000000
1!
1'
b0 -
00
#2840000000
0!
0'
#2845000000
1!
1'
b1 -
#2850000000
0!
0'
#2855000000
1!
1'
b10 -
#2860000000
0!
0'
#2865000000
1!
1'
b11 -
10
#2870000000
0!
0'
#2875000000
1!
1'
b0 -
00
#2880000000
0!
0'
#2885000000
1!
1'
b1 -
#2890000000
0!
0'
#2895000000
1!
1'
b10 -
#2900000000
0!
0'
#2905000000
1!
1'
b11 -
10
#2910000000
0!
0'
#2915000000
1!
1'
b0 -
00
#2920000000
0!
0'
#2925000000
1!
1'
b1 -
#2930000000
0!
0'
#2935000000
1!
1'
b10 -
#2940000000
0!
0'
#2945000000
1!
1'
b11 -
10
#2950000000
0!
0'
#2955000000
1!
1'
b0 -
00
#2960000000
0!
0'
#2965000000
1!
1'
b1 -
#2970000000
0!
0'
#2975000000
1!
1'
b10 -
#2980000000
0!
0'
#2985000000
1!
1'
b11 -
10
#2990000000
0!
0'
#2995000000
1!
1'
b0 -
00
#3000000000
0!
0'
#3005000000
1!
1'
b1 -
#3010000000
0!
0'
#3015000000
1!
1'
b10 -
#3020000000
0!
0'
#3025000000
1!
1'
b11 -
10
#3030000000
0!
0'
#3035000000
1!
1'
b0 -
00
#3040000000
0!
0'
#3045000000
1!
1'
b1 -
#3050000000
0!
0'
#3055000000
1!
1'
b10 -
#3060000000
0!
0'
#3065000000
1!
1'
b11 -
10
#3070000000
0!
0'
#3075000000
1!
1'
b0 -
00
#3080000000
0!
0'
#3085000000
1!
1'
b1 -
#3090000000
0!
0'
#3095000000
1!
1'
b10 -
#3100000000
0!
0'
#3105000000
1!
1'
b11 -
10
#3110000000
0!
0'
#3115000000
1!
1'
b0 -
00
#3120000000
0!
0'
#3125000000
1!
1'
b1 -
#3130000000
0!
0'
#3135000000
1!
1'
b10 -
#3140000000
0!
0'
#3145000000
1!
1'
b11 -
10
#3150000000
0!
0'
#3155000000
1!
1'
b0 -
00
#3160000000
0!
0'
#3165000000
1!
1'
b1 -
#3170000000
0!
0'
#3175000000
1!
1'
b10 -
#3180000000
0!
0'
#3185000000
1!
1'
b11 -
10
#3190000000
0!
0'
#3195000000
1!
1'
b0 -
00
#3200000000
0!
0'
#3205000000
1!
1'
b1 -
#3210000000
0!
0'
#3215000000
1!
1'
b10 -
#3220000000
0!
0'
#3225000000
1!
1'
b11 -
10
#3230000000
0!
0'
#3235000000
1!
1'
b0 -
00
#3240000000
0!
0'
#3245000000
1!
1'
b1 -
#3250000000
0!
0'
#3255000000
1!
1'
b10 -
#3260000000
0!
0'
#3265000000
1!
1'
b11 -
10
#3270000000
0!
0'
#3275000000
1!
1'
b0 -
00
#3280000000
0!
0'
#3285000000
1!
1'
b1 -
#3290000000
0!
0'
#3295000000
1!
1'
b10 -
#3300000000
0!
0'
#3305000000
1!
1'
b11 -
10
#3310000000
0!
0'
#3315000000
1!
1'
b0 -
00
#3320000000
0!
0'
#3325000000
1!
1'
b1 -
#3330000000
0!
0'
#3335000000
1!
1'
b10 -
#3340000000
0!
0'
#3345000000
1!
1'
b11 -
10
#3350000000
0!
0'
#3355000000
1!
1'
b0 -
00
#3360000000
0!
0'
#3365000000
1!
1'
b1 -
#3370000000
0!
0'
#3375000000
1!
1'
b10 -
#3380000000
0!
0'
#3385000000
1!
1'
b11 -
10
#3390000000
0!
0'
#3395000000
1!
1'
b0 -
00
#3400000000
0!
0'
#3405000000
1!
1'
b1 -
#3410000000
0!
0'
#3415000000
1!
1'
b10 -
#3420000000
0!
0'
#3425000000
1!
1'
b11 -
10
#3430000000
0!
0'
#3435000000
1!
1'
b0 -
00
#3440000000
0!
0'
#3445000000
1!
1'
b1 -
#3450000000
0!
0'
#3455000000
1!
1'
b10 -
#3460000000
0!
0'
#3465000000
1!
1'
b11 -
10
#3470000000
0!
0'
#3475000000
1!
1'
b0 -
00
#3480000000
0!
0'
#3485000000
1!
1'
b1 -
#3490000000
0!
0'
#3495000000
1!
1'
b10 -
#3500000000
0!
0'
#3505000000
1!
1'
b11 -
10
#3510000000
0!
0'
#3515000000
1!
1'
b0 -
00
#3520000000
0!
0'
#3525000000
1!
1'
b1 -
#3530000000
0!
0'
#3535000000
1!
1'
b10 -
#3540000000
0!
0'
#3545000000
1!
1'
b11 -
10
#3550000000
0!
0'
#3555000000
1!
1'
b0 -
00
#3560000000
0!
0'
#3565000000
1!
1'
b1 -
#3570000000
0!
0'
#3575000000
1!
1'
b10 -
#3580000000
0!
0'
#3585000000
1!
1'
b11 -
10
#3590000000
0!
0'
#3595000000
1!
1'
b0 -
00
#3600000000
0!
0'
#3605000000
1!
1'
b1 -
#3610000000
0!
0'
#3615000000
1!
1'
b10 -
#3620000000
0!
0'
#3625000000
1!
1'
b11 -
10
#3630000000
0!
0'
#3635000000
1!
1'
b0 -
00
#3640000000
0!
0'
#3645000000
1!
1'
b1 -
#3650000000
0!
0'
#3655000000
1!
1'
b10 -
#3660000000
0!
0'
#3665000000
1!
1'
b11 -
10
#3670000000
0!
0'
#3675000000
1!
1'
b0 -
00
#3680000000
0!
0'
#3685000000
1!
1'
b1 -
#3690000000
0!
0'
#3695000000
1!
1'
b10 -
#3700000000
0!
0'
#3705000000
1!
1'
b11 -
10
#3710000000
0!
0'
#3715000000
1!
1'
b0 -
00
#3720000000
0!
0'
#3725000000
1!
1'
b1 -
#3730000000
0!
0'
#3735000000
1!
1'
b10 -
#3740000000
0!
0'
#3745000000
1!
1'
b11 -
10
#3750000000
0!
0'
#3755000000
1!
1'
b0 -
00
#3760000000
0!
0'
#3765000000
1!
1'
b1 -
#3770000000
0!
0'
#3775000000
1!
1'
b10 -
#3780000000
0!
0'
#3785000000
1!
1'
b11 -
10
#3790000000
0!
0'
#3795000000
1!
1'
b0 -
00
#3800000000
0!
0'
#3805000000
1!
1'
b1 -
#3810000000
0!
0'
#3815000000
1!
1'
b10 -
#3820000000
0!
0'
#3825000000
1!
1'
b11 -
10
#3830000000
0!
0'
#3835000000
1!
1'
b0 -
00
#3840000000
0!
0'
#3845000000
1!
1'
b1 -
#3850000000
0!
0'
#3855000000
1!
1'
b10 -
#3860000000
0!
0'
#3865000000
1!
1'
b11 -
10
#3870000000
0!
0'
#3875000000
1!
1'
b0 -
00
#3880000000
0!
0'
#3885000000
1!
1'
b1 -
#3890000000
0!
0'
#3895000000
1!
1'
b10 -
#3900000000
0!
0'
#3905000000
1!
1'
b11 -
10
#3910000000
0!
0'
#3915000000
1!
1'
b0 -
00
#3920000000
0!
0'
#3925000000
1!
1'
b1 -
#3930000000
0!
0'
#3935000000
1!
1'
b10 -
#3940000000
0!
0'
#3945000000
1!
1'
b11 -
10
#3950000000
0!
0'
#3955000000
1!
1'
b0 -
00
#3960000000
0!
0'
#3965000000
1!
1'
b1 -
#3970000000
0!
0'
#3975000000
1!
1'
b10 -
#3980000000
0!
0'
#3985000000
1!
1'
b11 -
10
#3990000000
0!
0'
#3995000000
1!
1'
b0 -
00
#4000000000
0!
0'
#4005000000
1!
1'
b1 -
#4010000000
0!
0'
#4015000000
1!
1'
b10 -
#4020000000
0!
0'
#4025000000
1!
1'
b11 -
10
#4030000000
0!
0'
#4035000000
1!
1'
b0 -
00
#4040000000
0!
0'
#4045000000
1!
1'
b1 -
#4050000000
0!
0'
#4055000000
1!
1'
b10 -
#4060000000
0!
0'
#4065000000
1!
1'
b11 -
10
#4070000000
0!
0'
#4075000000
1!
1'
b0 -
00
#4080000000
0!
0'
#4085000000
1!
1'
b1 -
#4090000000
0!
0'
#4095000000
1!
1'
b10 -
#4100000000
0!
0'
#4105000000
1!
1'
b11 -
10
#4110000000
0!
0'
#4115000000
1!
1'
b0 -
00
#4120000000
0!
0'
#4125000000
1!
1'
b1 -
#4130000000
0!
0'
#4135000000
1!
1'
b10 -
#4140000000
0!
0'
#4145000000
1!
1'
b11 -
10
#4150000000
0!
0'
#4155000000
1!
1'
b0 -
00
#4160000000
0!
0'
#4165000000
1!
1'
b1 -
#4170000000
0!
0'
#4175000000
1!
1'
b10 -
#4180000000
0!
0'
#4185000000
1!
1'
b11 -
10
#4190000000
0!
0'
#4195000000
1!
1'
b0 -
00
#4200000000
0!
0'
#4205000000
1!
1'
b1 -
#4210000000
0!
0'
#4215000000
1!
1'
b10 -
#4220000000
0!
0'
#4225000000
1!
1'
b11 -
10
#4230000000
0!
0'
#4235000000
1!
1'
b0 -
00
#4240000000
0!
0'
#4245000000
1!
1'
b1 -
#4250000000
0!
0'
#4255000000
1!
1'
b10 -
#4260000000
0!
0'
#4265000000
1!
1'
b11 -
10
#4270000000
0!
0'
#4275000000
1!
1'
b0 -
00
#4280000000
0!
0'
#4285000000
1!
1'
b1 -
#4290000000
0!
0'
#4295000000
1!
1'
b10 -
#4300000000
0!
0'
#4305000000
1!
1'
b11 -
10
#4310000000
0!
0'
#4315000000
1!
1'
b0 -
00
#4320000000
0!
0'
#4325000000
1!
1'
b1 -
#4330000000
0!
0'
#4335000000
1!
1'
b10 -
#4340000000
0!
0'
#4345000000
1!
1'
b11 -
10
#4350000000
0!
0'
#4355000000
1!
1'
b0 -
00
#4360000000
0!
0'
#4365000000
1!
1'
b1 -
#4370000000
0!
0'
#4375000000
1!
1'
b10 -
#4380000000
0!
0'
#4385000000
1!
1'
b11 -
10
#4390000000
0!
0'
#4395000000
1!
1'
b0 -
00
#4400000000
0!
0'
#4405000000
1!
1'
b1 -
#4410000000
0!
0'
#4415000000
1!
1'
b10 -
#4420000000
0!
0'
#4425000000
1!
1'
b11 -
10
#4430000000
0!
0'
#4435000000
1!
1'
b0 -
00
#4440000000
0!
0'
#4445000000
1!
1'
b1 -
#4450000000
0!
0'
#4455000000
1!
1'
b10 -
#4460000000
0!
0'
#4465000000
1!
1'
b11 -
10
#4470000000
0!
0'
#4475000000
1!
1'
b0 -
00
#4480000000
0!
0'
#4485000000
1!
1'
b1 -
#4490000000
0!
0'
#4495000000
1!
1'
b10 -
#4500000000
0!
0'
#4505000000
1!
1'
b11 -
10
#4510000000
0!
0'
#4515000000
1!
1'
b0 -
00
#4520000000
0!
0'
#4525000000
1!
1'
b1 -
#4530000000
0!
0'
#4535000000
1!
1'
b10 -
#4540000000
0!
0'
#4545000000
1!
1'
b11 -
10
#4550000000
0!
0'
#4555000000
1!
1'
b0 -
00
#4560000000
0!
0'
#4565000000
1!
1'
b1 -
#4570000000
0!
0'
#4575000000
1!
1'
b10 -
#4580000000
0!
0'
#4585000000
1!
1'
b11 -
10
#4590000000
0!
0'
#4595000000
1!
1'
b0 -
00
#4600000000
0!
0'
#4605000000
1!
1'
b1 -
#4610000000
0!
0'
#4615000000
1!
1'
b10 -
#4620000000
0!
0'
#4625000000
1!
1'
b11 -
10
#4630000000
0!
0'
#4635000000
1!
1'
b0 -
00
#4640000000
0!
0'
#4645000000
1!
1'
b1 -
#4650000000
0!
0'
#4655000000
1!
1'
b10 -
#4660000000
0!
0'
#4665000000
1!
1'
b11 -
10
#4670000000
0!
0'
#4675000000
1!
1'
b0 -
00
#4680000000
0!
0'
#4685000000
1!
1'
b1 -
#4690000000
0!
0'
#4695000000
1!
1'
b10 -
#4700000000
0!
0'
#4705000000
1!
1'
b11 -
10
#4710000000
0!
0'
#4715000000
1!
1'
b0 -
00
#4720000000
0!
0'
#4725000000
1!
1'
b1 -
#4730000000
0!
0'
#4735000000
1!
1'
b10 -
#4740000000
0!
0'
#4745000000
1!
1'
b11 -
10
#4750000000
0!
0'
#4755000000
1!
1'
b0 -
00
#4760000000
0!
0'
#4765000000
1!
1'
b1 -
#4770000000
0!
0'
#4775000000
1!
1'
b10 -
#4780000000
0!
0'
#4785000000
1!
1'
b11 -
10
#4790000000
0!
0'
#4795000000
1!
1'
b0 -
00
#4800000000
0!
0'
#4805000000
1!
1'
b1 -
#4810000000
0!
0'
#4815000000
1!
1'
b10 -
#4820000000
0!
0'
#4825000000
1!
1'
b11 -
10
#4830000000
0!
0'
#4835000000
1!
1'
b0 -
00
#4840000000
0!
0'
#4845000000
1!
1'
b1 -
#4850000000
0!
0'
#4855000000
1!
1'
b10 -
#4860000000
0!
0'
#4865000000
1!
1'
b11 -
10
#4870000000
0!
0'
#4875000000
1!
1'
b0 -
00
#4880000000
0!
0'
#4885000000
1!
1'
b1 -
#4890000000
0!
0'
#4895000000
1!
1'
b10 -
#4900000000
0!
0'
#4905000000
1!
1'
b11 -
10
#4910000000
0!
0'
#4915000000
1!
1'
b0 -
00
#4920000000
0!
0'
#4925000000
1!
1'
b1 -
#4930000000
0!
0'
#4935000000
1!
1'
b10 -
#4940000000
0!
0'
#4945000000
1!
1'
b11 -
10
#4950000000
0!
0'
#4955000000
1!
1'
b0 -
00
#4960000000
0!
0'
#4965000000
1!
1'
b1 -
#4970000000
0!
0'
#4975000000
1!
1'
b10 -
#4980000000
0!
0'
#4985000000
1!
1'
b11 -
10
#4990000000
0!
0'
#4995000000
1!
1'
b0 -
00
#5000000000
0!
0'
#5005000000
1!
1'
b1 -
#5010000000
0!
0'
#5015000000
1!
1'
b10 -
#5020000000
0!
0'
#5025000000
1!
1'
b11 -
10
#5030000000
0!
0'
#5035000000
1!
1'
b0 -
00
#5040000000
0!
0'
#5045000000
1!
1'
b1 -
#5050000000
0!
0'
#5055000000
1!
1'
b10 -
#5060000000
0!
0'
#5065000000
1!
1'
b11 -
10
#5070000000
0!
0'
#5075000000
1!
1'
b0 -
00
#5080000000
0!
0'
#5085000000
1!
1'
b1 -
#5090000000
0!
0'
#5095000000
1!
1'
b10 -
#5100000000
0!
0'
#5105000000
1!
1'
b11 -
10
#5110000000
0!
0'
#5115000000
1!
1'
b0 -
00
#5120000000
0!
0'
#5125000000
1!
1'
b1 -
#5130000000
0!
0'
#5135000000
1!
1'
b10 -
#5140000000
0!
0'
#5145000000
1!
1'
b11 -
10
#5150000000
0!
0'
#5155000000
1!
1'
b0 -
00
#5160000000
0!
0'
#5165000000
1!
1'
b1 -
#5170000000
0!
0'
#5175000000
1!
1'
b10 -
#5180000000
0!
0'
#5185000000
1!
1'
b11 -
10
#5190000000
0!
0'
#5195000000
1!
1'
b0 -
00
#5200000000
0!
0'
#5205000000
1!
1'
b1 -
#5210000000
0!
0'
#5215000000
1!
1'
b10 -
#5220000000
0!
0'
#5225000000
1!
1'
b11 -
10
#5230000000
0!
0'
#5235000000
1!
1'
b0 -
00
#5240000000
0!
0'
#5245000000
1!
1'
b1 -
#5250000000
0!
0'
#5255000000
1!
1'
b10 -
#5260000000
0!
0'
#5265000000
1!
1'
b11 -
10
#5270000000
0!
0'
#5275000000
1!
1'
b0 -
00
#5280000000
0!
0'
#5285000000
1!
1'
b1 -
#5290000000
0!
0'
#5295000000
1!
1'
b10 -
#5300000000
0!
0'
#5305000000
1!
1'
b11 -
10
#5310000000
0!
0'
#5315000000
1!
1'
b0 -
00
#5320000000
0!
0'
#5325000000
1!
1'
b1 -
#5330000000
0!
0'
#5335000000
1!
1'
b10 -
#5340000000
0!
0'
#5345000000
1!
1'
b11 -
10
#5350000000
0!
0'
#5355000000
1!
1'
b0 -
00
#5360000000
0!
0'
#5365000000
1!
1'
b1 -
#5370000000
0!
0'
#5375000000
1!
1'
b10 -
#5380000000
0!
0'
#5385000000
1!
1'
b11 -
10
#5390000000
0!
0'
#5395000000
1!
1'
b0 -
00
#5400000000
0!
0'
#5405000000
1!
1'
b1 -
#5410000000
0!
0'
#5415000000
1!
1'
b10 -
#5420000000
0!
0'
#5425000000
1!
1'
b11 -
10
#5430000000
0!
0'
#5435000000
1!
1'
b0 -
00
#5440000000
0!
0'
#5445000000
1!
1'
b1 -
#5450000000
0!
0'
#5455000000
1!
1'
b10 -
#5460000000
0!
0'
#5465000000
1!
1'
b11 -
10
#5470000000
0!
0'
#5475000000
1!
1'
b0 -
00
#5480000000
0!
0'
#5485000000
1!
1'
b1 -
#5490000000
0!
0'
#5495000000
1!
1'
b10 -
#5500000000
0!
0'
#5505000000
1!
1'
b11 -
10
#5510000000
0!
0'
#5515000000
1!
1'
b0 -
00
#5520000000
0!
0'
#5525000000
1!
1'
b1 -
#5530000000
0!
0'
#5535000000
1!
1'
b10 -
#5540000000
0!
0'
#5545000000
1!
1'
b11 -
10
#5550000000
0!
0'
#5555000000
1!
1'
b0 -
00
#5560000000
0!
0'
#5565000000
1!
1'
b1 -
#5570000000
0!
0'
#5575000000
1!
1'
b10 -
#5580000000
0!
0'
#5585000000
1!
1'
b11 -
10
#5590000000
0!
0'
#5595000000
1!
1'
b0 -
00
#5600000000
0!
0'
#5605000000
1!
1'
b1 -
#5610000000
0!
0'
#5615000000
1!
1'
b10 -
#5620000000
0!
0'
#5625000000
1!
1'
b11 -
10
#5630000000
0!
0'
#5635000000
1!
1'
b0 -
00
#5640000000
0!
0'
#5645000000
1!
1'
b1 -
#5650000000
0!
0'
#5655000000
1!
1'
b10 -
#5660000000
0!
0'
#5665000000
1!
1'
b11 -
10
#5670000000
0!
0'
#5675000000
1!
1'
b0 -
00
#5680000000
0!
0'
#5685000000
1!
1'
b1 -
#5690000000
0!
0'
#5695000000
1!
1'
b10 -
#5700000000
0!
0'
#5705000000
1!
1'
b11 -
10
#5710000000
0!
0'
#5715000000
1!
1'
b0 -
00
#5720000000
0!
0'
#5725000000
1!
1'
b1 -
#5730000000
0!
0'
#5735000000
1!
1'
b10 -
#5740000000
0!
0'
#5745000000
1!
1'
b11 -
10
#5750000000
0!
0'
#5755000000
1!
1'
b0 -
00
#5760000000
0!
0'
#5765000000
1!
1'
b1 -
#5770000000
0!
0'
#5775000000
1!
1'
b10 -
#5780000000
0!
0'
#5785000000
1!
1'
b11 -
10
#5790000000
0!
0'
#5795000000
1!
1'
b0 -
00
#5800000000
0!
0'
#5805000000
1!
1'
b1 -
#5810000000
0!
0'
#5815000000
1!
1'
b10 -
#5820000000
0!
0'
#5825000000
1!
1'
b11 -
10
#5830000000
0!
0'
#5835000000
1!
1'
b0 -
00
#5840000000
0!
0'
#5845000000
1!
1'
b1 -
#5850000000
0!
0'
#5855000000
1!
1'
b10 -
#5860000000
0!
0'
#5865000000
1!
1'
b11 -
10
#5870000000
0!
0'
#5875000000
1!
1'
b0 -
00
#5880000000
0!
0'
#5885000000
1!
1'
b1 -
#5890000000
0!
0'
#5895000000
1!
1'
b10 -
#5900000000
0!
0'
#5905000000
1!
1'
b11 -
10
#5910000000
0!
0'
#5915000000
1!
1'
b0 -
00
#5920000000
0!
0'
#5925000000
1!
1'
b1 -
#5930000000
0!
0'
#5935000000
1!
1'
b10 -
#5940000000
0!
0'
#5945000000
1!
1'
b11 -
10
#5950000000
0!
0'
#5955000000
1!
1'
b0 -
00
#5960000000
0!
0'
#5965000000
1!
1'
b1 -
#5970000000
0!
0'
#5975000000
1!
1'
b10 -
#5980000000
0!
0'
#5985000000
1!
1'
b11 -
10
#5990000000
0!
0'
#5995000000
1!
1'
b0 -
00
#6000000000
0!
0'
#6005000000
1!
1'
b1 -
#6010000000
0!
0'
#6015000000
1!
1'
b10 -
#6020000000
0!
0'
#6025000000
1!
1'
b11 -
10
#6030000000
0!
0'
#6035000000
1!
1'
b0 -
00
#6040000000
0!
0'
#6045000000
1!
1'
b1 -
#6050000000
0!
0'
#6055000000
1!
1'
b10 -
#6060000000
0!
0'
#6065000000
1!
1'
b11 -
10
#6070000000
0!
0'
#6075000000
1!
1'
b0 -
00
#6080000000
0!
0'
#6085000000
1!
1'
b1 -
#6090000000
0!
0'
#6095000000
1!
1'
b10 -
#6100000000
0!
0'
#6105000000
1!
1'
b11 -
10
#6110000000
0!
0'
#6115000000
1!
1'
b0 -
00
#6120000000
0!
0'
#6125000000
1!
1'
b1 -
#6130000000
0!
0'
#6135000000
1!
1'
b10 -
#6140000000
0!
0'
#6145000000
1!
1'
b11 -
10
#6150000000
0!
0'
#6155000000
1!
1'
b0 -
00
#6160000000
0!
0'
#6165000000
1!
1'
b1 -
#6170000000
0!
0'
#6175000000
1!
1'
b10 -
#6180000000
0!
0'
#6185000000
1!
1'
b11 -
10
#6190000000
0!
0'
#6195000000
1!
1'
b0 -
00
#6200000000
0!
0'
#6205000000
1!
1'
b1 -
#6210000000
0!
0'
#6215000000
1!
1'
b10 -
#6220000000
0!
0'
#6225000000
1!
1'
b11 -
10
#6230000000
0!
0'
#6235000000
1!
1'
b0 -
00
#6240000000
0!
0'
#6245000000
1!
1'
b1 -
#6250000000
0!
0'
#6255000000
1!
1'
b10 -
#6260000000
0!
0'
#6265000000
1!
1'
b11 -
10
#6270000000
0!
0'
#6275000000
1!
1'
b0 -
00
#6280000000
0!
0'
#6285000000
1!
1'
b1 -
#6290000000
0!
0'
#6295000000
1!
1'
b10 -
#6300000000
0!
0'
#6305000000
1!
1'
b11 -
10
#6310000000
0!
0'
#6315000000
1!
1'
b0 -
00
#6320000000
0!
0'
#6325000000
1!
1'
b1 -
#6330000000
0!
0'
#6335000000
1!
1'
b10 -
#6340000000
0!
0'
#6345000000
1!
1'
b11 -
10
#6350000000
0!
0'
#6355000000
1!
1'
b0 -
00
#6360000000
0!
0'
#6365000000
1!
1'
b1 -
#6370000000
0!
0'
#6375000000
1!
1'
b10 -
#6380000000
0!
0'
#6385000000
1!
1'
b11 -
10
#6390000000
0!
0'
#6395000000
1!
1'
b0 -
00
#6400000000
0!
0'
#6405000000
1!
1'
b1 -
#6410000000
0!
0'
#6415000000
1!
1'
b10 -
#6420000000
0!
0'
#6425000000
1!
1'
b11 -
10
#6430000000
0!
0'
#6435000000
1!
1'
b0 -
00
#6440000000
0!
0'
#6445000000
1!
1'
b1 -
#6450000000
0!
0'
#6455000000
1!
1'
b10 -
#6460000000
0!
0'
#6465000000
1!
1'
b11 -
10
#6470000000
0!
0'
#6475000000
1!
1'
b0 -
00
#6480000000
0!
0'
#6485000000
1!
1'
b1 -
#6490000000
0!
0'
#6495000000
1!
1'
b10 -
#6500000000
0!
0'
#6505000000
1!
1'
b11 -
10
#6510000000
0!
0'
#6515000000
1!
1'
b0 -
00
#6520000000
0!
0'
#6525000000
1!
1'
b1 -
#6530000000
0!
0'
#6535000000
1!
1'
b10 -
#6540000000
0!
0'
#6545000000
1!
1'
b11 -
10
#6550000000
0!
0'
#6555000000
1!
1'
b0 -
00
#6560000000
0!
0'
#6565000000
1!
1'
b1 -
#6570000000
0!
0'
#6575000000
1!
1'
b10 -
#6580000000
0!
0'
#6585000000
1!
1'
b11 -
10
#6590000000
0!
0'
#6595000000
1!
1'
b0 -
00
#6600000000
0!
0'
#6605000000
1!
1'
b1 -
#6610000000
0!
0'
#6615000000
1!
1'
b10 -
#6620000000
0!
0'
#6625000000
1!
1'
b11 -
10
#6630000000
0!
0'
#6635000000
1!
1'
b0 -
00
#6640000000
0!
0'
#6645000000
1!
1'
b1 -
#6650000000
0!
0'
#6655000000
1!
1'
b10 -
#6660000000
0!
0'
#6665000000
1!
1'
b11 -
10
#6670000000
0!
0'
#6675000000
1!
1'
b0 -
00
#6680000000
0!
0'
#6685000000
1!
1'
b1 -
#6690000000
0!
0'
#6695000000
1!
1'
b10 -
#6700000000
0!
0'
#6705000000
1!
1'
b11 -
10
#6710000000
0!
0'
#6715000000
1!
1'
b0 -
00
#6720000000
0!
0'
#6725000000
1!
1'
b1 -
#6730000000
0!
0'
#6735000000
1!
1'
b10 -
#6740000000
0!
0'
#6745000000
1!
1'
b11 -
10
#6750000000
0!
0'
#6755000000
1!
1'
b0 -
00
#6760000000
0!
0'
#6765000000
1!
1'
b1 -
#6770000000
0!
0'
#6775000000
1!
1'
b10 -
#6780000000
0!
0'
#6785000000
1!
1'
b11 -
10
#6790000000
0!
0'
#6795000000
1!
1'
b0 -
00
#6800000000
0!
0'
#6805000000
1!
1'
b1 -
#6810000000
0!
0'
#6815000000
1!
1'
b10 -
#6820000000
0!
0'
#6825000000
1!
1'
b11 -
10
#6830000000
0!
0'
#6835000000
1!
1'
b0 -
00
#6840000000
0!
0'
#6845000000
1!
1'
b1 -
#6850000000
0!
0'
#6855000000
1!
1'
b10 -
#6860000000
0!
0'
#6865000000
1!
1'
b11 -
10
#6870000000
0!
0'
#6875000000
1!
1'
b0 -
00
#6880000000
0!
0'
#6885000000
1!
1'
b1 -
#6890000000
0!
0'
#6895000000
1!
1'
b10 -
#6900000000
0!
0'
#6905000000
1!
1'
b11 -
10
#6910000000
0!
0'
#6915000000
1!
1'
b0 -
00
#6920000000
0!
0'
#6925000000
1!
1'
b1 -
#6930000000
0!
0'
#6935000000
1!
1'
b10 -
#6940000000
0!
0'
#6945000000
1!
1'
b11 -
10
#6950000000
0!
0'
#6955000000
1!
1'
b0 -
00
#6960000000
0!
0'
#6965000000
1!
1'
b1 -
#6970000000
0!
0'
#6975000000
1!
1'
b10 -
#6980000000
0!
0'
#6985000000
1!
1'
b11 -
10
#6990000000
0!
0'
#6995000000
1!
1'
b0 -
00
#7000000000
0!
0'
#7005000000
1!
1'
b1 -
#7010000000
0!
0'
#7015000000
1!
1'
b10 -
#7020000000
0!
0'
#7025000000
1!
1'
b11 -
10
#7030000000
0!
0'
#7035000000
1!
1'
b0 -
00
#7040000000
0!
0'
#7045000000
1!
1'
b1 -
#7050000000
0!
0'
#7055000000
1!
1'
b10 -
#7060000000
0!
0'
#7065000000
1!
1'
b11 -
10
#7070000000
0!
0'
#7075000000
1!
1'
b0 -
00
#7080000000
0!
0'
#7085000000
1!
1'
b1 -
#7090000000
0!
0'
#7095000000
1!
1'
b10 -
#7100000000
0!
0'
#7105000000
1!
1'
b11 -
10
#7110000000
0!
0'
#7115000000
1!
1'
b0 -
00
#7120000000
0!
0'
#7125000000
1!
1'
b1 -
#7130000000
0!
0'
#7135000000
1!
1'
b10 -
#7140000000
0!
0'
#7145000000
1!
1'
b11 -
10
#7150000000
0!
0'
#7155000000
1!
1'
b0 -
00
#7160000000
0!
0'
#7165000000
1!
1'
b1 -
#7170000000
0!
0'
#7175000000
1!
1'
b10 -
#7180000000
0!
0'
#7185000000
1!
1'
b11 -
10
#7190000000
0!
0'
#7195000000
1!
1'
b0 -
00
#7200000000
0!
0'
#7205000000
1!
1'
b1 -
#7210000000
0!
0'
#7215000000
1!
1'
b10 -
#7220000000
0!
0'
#7225000000
1!
1'
b11 -
10
#7230000000
0!
0'
#7235000000
1!
1'
b0 -
00
#7240000000
0!
0'
#7245000000
1!
1'
b1 -
#7250000000
0!
0'
#7255000000
1!
1'
b10 -
#7260000000
0!
0'
#7265000000
1!
1'
b11 -
10
#7270000000
0!
0'
#7275000000
1!
1'
b0 -
00
#7280000000
0!
0'
#7285000000
1!
1'
b1 -
#7290000000
0!
0'
#7295000000
1!
1'
b10 -
#7300000000
0!
0'
#7305000000
1!
1'
b11 -
10
#7310000000
0!
0'
#7315000000
1!
1'
b0 -
00
#7320000000
0!
0'
#7325000000
1!
1'
b1 -
#7330000000
0!
0'
#7335000000
1!
1'
b10 -
#7340000000
0!
0'
#7345000000
1!
1'
b11 -
10
#7350000000
0!
0'
#7355000000
1!
1'
b0 -
00
#7360000000
0!
0'
#7365000000
1!
1'
b1 -
#7370000000
0!
0'
#7375000000
1!
1'
b10 -
#7380000000
0!
0'
#7385000000
1!
1'
b11 -
10
#7390000000
0!
0'
#7395000000
1!
1'
b0 -
00
#7400000000
0!
0'
#7405000000
1!
1'
b1 -
#7410000000
0!
0'
#7415000000
1!
1'
b10 -
#7420000000
0!
0'
#7425000000
1!
1'
b11 -
10
#7430000000
0!
0'
#7435000000
1!
1'
b0 -
00
#7440000000
0!
0'
#7445000000
1!
1'
b1 -
#7450000000
0!
0'
#7455000000
1!
1'
b10 -
#7460000000
0!
0'
#7465000000
1!
1'
b11 -
10
#7470000000
0!
0'
#7475000000
1!
1'
b0 -
00
#7480000000
0!
0'
#7485000000
1!
1'
b1 -
#7490000000
0!
0'
#7495000000
1!
1'
b10 -
#7500000000
0!
0'
#7505000000
1!
1'
b11 -
10
#7510000000
0!
0'
#7515000000
1!
1'
b0 -
00
#7520000000
0!
0'
#7525000000
1!
1'
b1 -
#7530000000
0!
0'
#7535000000
1!
1'
b10 -
#7540000000
0!
0'
#7545000000
1!
1'
b11 -
10
#7550000000
0!
0'
#7555000000
1!
1'
b0 -
00
#7560000000
0!
0'
#7565000000
1!
1'
b1 -
#7570000000
0!
0'
#7575000000
1!
1'
b10 -
#7580000000
0!
0'
#7585000000
1!
1'
b11 -
10
#7590000000
0!
0'
#7595000000
1!
1'
b0 -
00
#7600000000
0!
0'
#7605000000
1!
1'
b1 -
#7610000000
0!
0'
#7615000000
1!
1'
b10 -
#7620000000
0!
0'
#7625000000
1!
1'
b11 -
10
#7630000000
0!
0'
#7635000000
1!
1'
b0 -
00
#7640000000
0!
0'
#7645000000
1!
1'
b1 -
#7650000000
0!
0'
#7655000000
1!
1'
b10 -
#7660000000
0!
0'
#7665000000
1!
1'
b11 -
10
#7670000000
0!
0'
#7675000000
1!
1'
b0 -
00
#7680000000
0!
0'
#7685000000
1!
1'
b1 -
#7690000000
0!
0'
#7695000000
1!
1'
b10 -
#7700000000
0!
0'
#7705000000
1!
1'
b11 -
10
#7710000000
0!
0'
#7715000000
1!
1'
b0 -
00
#7720000000
0!
0'
#7725000000
1!
1'
b1 -
#7730000000
0!
0'
#7735000000
1!
1'
b10 -
#7740000000
0!
0'
#7745000000
1!
1'
b11 -
10
#7750000000
0!
0'
#7755000000
1!
1'
b0 -
00
#7760000000
0!
0'
#7765000000
1!
1'
b1 -
#7770000000
0!
0'
#7775000000
1!
1'
b10 -
#7780000000
0!
0'
#7785000000
1!
1'
b11 -
10
#7790000000
0!
0'
#7795000000
1!
1'
b0 -
00
#7800000000
0!
0'
#7805000000
1!
1'
b1 -
#7810000000
0!
0'
#7815000000
1!
1'
b10 -
#7820000000
0!
0'
#7825000000
1!
1'
b11 -
10
#7830000000
0!
0'
#7835000000
1!
1'
b0 -
00
#7840000000
0!
0'
#7845000000
1!
1'
b1 -
#7850000000
0!
0'
#7855000000
1!
1'
b10 -
#7860000000
0!
0'
#7865000000
1!
1'
b11 -
10
#7870000000
0!
0'
#7875000000
1!
1'
b0 -
00
#7880000000
0!
0'
#7885000000
1!
1'
b1 -
#7890000000
0!
0'
#7895000000
1!
1'
b10 -
#7900000000
0!
0'
#7905000000
1!
1'
b11 -
10
#7910000000
0!
0'
#7915000000
1!
1'
b0 -
00
#7920000000
0!
0'
#7925000000
1!
1'
b1 -
#7930000000
0!
0'
#7935000000
1!
1'
b10 -
#7940000000
0!
0'
#7945000000
1!
1'
b11 -
10
#7950000000
0!
0'
#7955000000
1!
1'
b0 -
00
#7960000000
0!
0'
#7965000000
1!
1'
b1 -
#7970000000
0!
0'
#7975000000
1!
1'
b10 -
#7980000000
0!
0'
#7985000000
1!
1'
b11 -
10
#7990000000
0!
0'
#7995000000
1!
1'
b0 -
00
#8000000000
0!
0'
#8005000000
1!
1'
b1 -
#8010000000
0!
0'
#8015000000
1!
1'
b10 -
#8020000000
0!
0'
#8025000000
1!
1'
b11 -
10
#8030000000
0!
0'
#8035000000
1!
1'
b0 -
00
#8040000000
0!
0'
#8045000000
1!
1'
b1 -
#8050000000
0!
0'
#8055000000
1!
1'
b10 -
#8060000000
0!
0'
#8065000000
1!
1'
b11 -
10
#8070000000
0!
0'
#8075000000
1!
1'
b0 -
00
#8080000000
0!
0'
#8085000000
1!
1'
b1 -
#8090000000
0!
0'
#8095000000
1!
1'
b10 -
#8100000000
0!
0'
#8105000000
1!
1'
b11 -
10
#8110000000
0!
0'
#8115000000
1!
1'
b0 -
00
#8120000000
0!
0'
#8125000000
1!
1'
b1 -
#8130000000
0!
0'
#8135000000
1!
1'
b10 -
#8140000000
0!
0'
#8145000000
1!
1'
b11 -
10
#8150000000
0!
0'
#8155000000
1!
1'
b0 -
00
#8160000000
0!
0'
#8165000000
1!
1'
b1 -
#8170000000
0!
0'
#8175000000
1!
1'
b10 -
#8180000000
0!
0'
#8185000000
1!
1'
b11 -
10
#8190000000
0!
0'
#8195000000
1!
1'
b0 -
00
#8200000000
0!
0'
#8205000000
1!
1'
b1 -
#8210000000
0!
0'
#8215000000
1!
1'
b10 -
#8220000000
0!
0'
#8225000000
1!
1'
b11 -
10
#8230000000
0!
0'
#8235000000
1!
1'
b0 -
00
#8240000000
0!
0'
#8245000000
1!
1'
b1 -
#8250000000
0!
0'
#8255000000
1!
1'
b10 -
#8260000000
0!
0'
#8265000000
1!
1'
b11 -
10
#8270000000
0!
0'
#8275000000
1!
1'
b0 -
00
#8280000000
0!
0'
#8285000000
1!
1'
b1 -
#8290000000
0!
0'
#8295000000
1!
1'
b10 -
#8300000000
0!
0'
#8305000000
1!
1'
b11 -
10
#8310000000
0!
0'
#8315000000
1!
1'
b0 -
00
#8320000000
0!
0'
#8325000000
1!
1'
b1 -
#8330000000
0!
0'
#8335000000
1!
1'
b10 -
#8340000000
0!
0'
#8345000000
1!
1'
b11 -
10
#8350000000
0!
0'
#8355000000
1!
1'
b0 -
00
#8360000000
0!
0'
#8365000000
1!
1'
b1 -
#8370000000
0!
0'
#8375000000
1!
1'
b10 -
#8380000000
0!
0'
#8385000000
1!
1'
b11 -
10
#8390000000
0!
0'
#8395000000
1!
1'
b0 -
00
#8400000000
0!
0'
#8405000000
1!
1'
b1 -
#8410000000
0!
0'
#8415000000
1!
1'
b10 -
#8420000000
0!
0'
#8425000000
1!
1'
b11 -
10
#8430000000
0!
0'
#8435000000
1!
1'
b0 -
00
#8440000000
0!
0'
#8445000000
1!
1'
b1 -
#8450000000
0!
0'
#8455000000
1!
1'
b10 -
#8460000000
0!
0'
#8465000000
1!
1'
b11 -
10
#8470000000
0!
0'
#8475000000
1!
1'
b0 -
00
#8480000000
0!
0'
#8485000000
1!
1'
b1 -
#8490000000
0!
0'
#8495000000
1!
1'
b10 -
#8500000000
0!
0'
#8505000000
1!
1'
b11 -
10
#8510000000
0!
0'
#8515000000
1!
1'
b0 -
00
#8520000000
0!
0'
#8525000000
1!
1'
b1 -
#8530000000
0!
0'
#8535000000
1!
1'
b10 -
#8540000000
0!
0'
#8545000000
1!
1'
b11 -
10
#8550000000
0!
0'
#8555000000
1!
1'
b0 -
00
#8560000000
0!
0'
#8565000000
1!
1'
b1 -
#8570000000
0!
0'
#8575000000
1!
1'
b10 -
#8580000000
0!
0'
#8585000000
1!
1'
b11 -
10
#8590000000
0!
0'
#8595000000
1!
1'
b0 -
00
#8600000000
0!
0'
#8605000000
1!
1'
b1 -
#8610000000
0!
0'
#8615000000
1!
1'
b10 -
#8620000000
0!
0'
#8625000000
1!
1'
b11 -
10
#8630000000
0!
0'
#8635000000
1!
1'
b0 -
00
#8640000000
0!
0'
#8645000000
1!
1'
b1 -
#8650000000
0!
0'
#8655000000
1!
1'
b10 -
#8660000000
0!
0'
#8665000000
1!
1'
b11 -
10
#8670000000
0!
0'
#8675000000
1!
1'
b0 -
00
#8680000000
0!
0'
#8685000000
1!
1'
b1 -
#8690000000
0!
0'
#8695000000
1!
1'
b10 -
#8700000000
0!
0'
#8705000000
1!
1'
b11 -
10
#8710000000
0!
0'
#8715000000
1!
1'
b0 -
00
#8720000000
0!
0'
#8725000000
1!
1'
b1 -
#8730000000
0!
0'
#8735000000
1!
1'
b10 -
#8740000000
0!
0'
#8745000000
1!
1'
b11 -
10
#8750000000
0!
0'
#8755000000
1!
1'
b0 -
00
#8760000000
0!
0'
#8765000000
1!
1'
b1 -
#8770000000
0!
0'
#8775000000
1!
1'
b10 -
#8780000000
0!
0'
#8785000000
1!
1'
b11 -
10
#8790000000
0!
0'
#8795000000
1!
1'
b0 -
00
#8800000000
0!
0'
#8805000000
1!
1'
b1 -
#8810000000
0!
0'
#8815000000
1!
1'
b10 -
#8820000000
0!
0'
#8825000000
1!
1'
b11 -
10
#8830000000
0!
0'
#8835000000
1!
1'
b0 -
00
#8840000000
0!
0'
#8845000000
1!
1'
b1 -
#8850000000
0!
0'
#8855000000
1!
1'
b10 -
#8860000000
0!
0'
#8865000000
1!
1'
b11 -
10
#8870000000
0!
0'
#8875000000
1!
1'
b0 -
00
#8880000000
0!
0'
#8885000000
1!
1'
b1 -
#8890000000
0!
0'
#8895000000
1!
1'
b10 -
#8900000000
0!
0'
#8905000000
1!
1'
b11 -
10
#8910000000
0!
0'
#8915000000
1!
1'
b0 -
00
#8920000000
0!
0'
#8925000000
1!
1'
b1 -
#8930000000
0!
0'
#8935000000
1!
1'
b10 -
#8940000000
0!
0'
#8945000000
1!
1'
b11 -
10
#8950000000
0!
0'
#8955000000
1!
1'
b0 -
00
#8960000000
0!
0'
#8965000000
1!
1'
b1 -
#8970000000
0!
0'
#8975000000
1!
1'
b10 -
#8980000000
0!
0'
#8985000000
1!
1'
b11 -
10
#8990000000
0!
0'
#8995000000
1!
1'
b0 -
00
#9000000000
0!
0'
#9005000000
1!
1'
b1 -
#9010000000
0!
0'
#9015000000
1!
1'
b10 -
#9020000000
0!
0'
#9025000000
1!
1'
b11 -
10
#9030000000
0!
0'
#9035000000
1!
1'
b0 -
00
#9040000000
0!
0'
#9045000000
1!
1'
b1 -
#9050000000
0!
0'
#9055000000
1!
1'
b10 -
#9060000000
0!
0'
#9065000000
1!
1'
b11 -
10
#9070000000
0!
0'
#9075000000
1!
1'
b0 -
00
#9080000000
0!
0'
#9085000000
1!
1'
b1 -
#9090000000
0!
0'
#9095000000
1!
1'
b10 -
#9100000000
0!
0'
#9105000000
1!
1'
b11 -
10
#9110000000
0!
0'
#9115000000
1!
1'
b0 -
00
#9120000000
0!
0'
#9125000000
1!
1'
b1 -
#9130000000
0!
0'
#9135000000
1!
1'
b10 -
#9140000000
0!
0'
#9145000000
1!
1'
b11 -
10
#9150000000
0!
0'
#9155000000
1!
1'
b0 -
00
#9160000000
0!
0'
#9165000000
1!
1'
b1 -
#9170000000
0!
0'
#9175000000
1!
1'
b10 -
#9180000000
0!
0'
#9185000000
1!
1'
b11 -
10
#9190000000
0!
0'
#9195000000
1!
1'
b0 -
00
#9200000000
0!
0'
#9205000000
1!
1'
b1 -
#9210000000
0!
0'
#9215000000
1!
1'
b10 -
#9220000000
0!
0'
#9225000000
1!
1'
b11 -
10
#9230000000
0!
0'
#9235000000
1!
1'
b0 -
00
#9240000000
0!
0'
#9245000000
1!
1'
b1 -
#9250000000
0!
0'
#9255000000
1!
1'
b10 -
#9260000000
0!
0'
#9265000000
1!
1'
b11 -
10
#9270000000
0!
0'
#9275000000
1!
1'
b0 -
00
#9280000000
0!
0'
#9285000000
1!
1'
b1 -
#9290000000
0!
0'
#9295000000
1!
1'
b10 -
#9300000000
0!
0'
#9305000000
1!
1'
b11 -
10
#9310000000
0!
0'
#9315000000
1!
1'
b0 -
00
#9320000000
0!
0'
#9325000000
1!
1'
b1 -
#9330000000
0!
0'
#9335000000
1!
1'
b10 -
#9340000000
0!
0'
#9345000000
1!
1'
b11 -
10
#9350000000
0!
0'
#9355000000
1!
1'
b0 -
00
#9360000000
0!
0'
#9365000000
1!
1'
b1 -
#9370000000
0!
0'
#9375000000
1!
1'
b10 -
#9380000000
0!
0'
#9385000000
1!
1'
b11 -
10
#9390000000
0!
0'
#9395000000
1!
1'
b0 -
00
#9400000000
0!
0'
#9405000000
1!
1'
b1 -
#9410000000
0!
0'
#9415000000
1!
1'
b10 -
#9420000000
0!
0'
#9425000000
1!
1'
b11 -
10
#9430000000
0!
0'
#9435000000
1!
1'
b0 -
00
#9440000000
0!
0'
#9445000000
1!
1'
b1 -
#9450000000
0!
0'
#9455000000
1!
1'
b10 -
#9460000000
0!
0'
#9465000000
1!
1'
b11 -
10
#9470000000
0!
0'
#9475000000
1!
1'
b0 -
00
#9480000000
0!
0'
#9485000000
1!
1'
b1 -
#9490000000
0!
0'
#9495000000
1!
1'
b10 -
#9500000000
0!
0'
#9505000000
1!
1'
b11 -
10
#9510000000
0!
0'
#9515000000
1!
1'
b0 -
00
#9520000000
0!
0'
#9525000000
1!
1'
b1 -
#9530000000
0!
0'
#9535000000
1!
1'
b10 -
#9540000000
0!
0'
#9545000000
1!
1'
b11 -
10
#9550000000
0!
0'
#9555000000
1!
1'
b0 -
00
#9560000000
0!
0'
#9565000000
1!
1'
b1 -
#9570000000
0!
0'
#9575000000
1!
1'
b10 -
#9580000000
0!
0'
#9585000000
1!
1'
b11 -
10
#9590000000
0!
0'
#9595000000
1!
1'
b0 -
00
#9600000000
0!
0'
#9605000000
1!
1'
b1 -
#9610000000
0!
0'
#9615000000
1!
1'
b10 -
#9620000000
0!
0'
#9625000000
1!
1'
b11 -
10
#9630000000
0!
0'
#9635000000
1!
1'
b0 -
00
#9640000000
0!
0'
#9645000000
1!
1'
b1 -
#9650000000
0!
0'
#9655000000
1!
1'
b10 -
#9660000000
0!
0'
#9665000000
1!
1'
b11 -
10
#9670000000
0!
0'
#9675000000
1!
1'
b0 -
00
#9680000000
0!
0'
#9685000000
1!
1'
b1 -
#9690000000
0!
0'
#9695000000
1!
1'
b10 -
#9700000000
0!
0'
#9705000000
1!
1'
b11 -
10
#9710000000
0!
0'
#9715000000
1!
1'
b0 -
00
#9720000000
0!
0'
#9725000000
1!
1'
b1 -
#9730000000
0!
0'
#9735000000
1!
1'
b10 -
#9740000000
0!
0'
#9745000000
1!
1'
b11 -
10
#9750000000
0!
0'
#9755000000
1!
1'
b0 -
00
#9760000000
0!
0'
#9765000000
1!
1'
b1 -
#9770000000
0!
0'
#9775000000
1!
1'
b10 -
#9780000000
0!
0'
#9785000000
1!
1'
b11 -
10
#9790000000
0!
0'
#9795000000
1!
1'
b0 -
00
#9800000000
0!
0'
#9805000000
1!
1'
b1 -
#9810000000
0!
0'
#9815000000
1!
1'
b10 -
#9820000000
0!
0'
#9825000000
1!
1'
b11 -
10
#9830000000
0!
0'
#9835000000
1!
1'
b0 -
00
#9840000000
0!
0'
#9845000000
1!
1'
b1 -
#9850000000
0!
0'
#9855000000
1!
1'
b10 -
#9860000000
0!
0'
#9865000000
1!
1'
b11 -
10
#9870000000
0!
0'
#9875000000
1!
1'
b0 -
00
#9880000000
0!
0'
#9885000000
1!
1'
b1 -
#9890000000
0!
0'
#9895000000
1!
1'
b10 -
#9900000000
0!
0'
#9905000000
1!
1'
b11 -
10
#9910000000
0!
0'
#9915000000
1!
1'
b0 -
00
#9920000000
0!
0'
#9925000000
1!
1'
b1 -
#9930000000
0!
0'
#9935000000
1!
1'
b10 -
#9940000000
0!
0'
#9945000000
1!
1'
b11 -
10
#9950000000
0!
0'
#9955000000
1!
1'
b0 -
00
#9960000000
0!
0'
#9965000000
1!
1'
b1 -
#9970000000
0!
0'
#9975000000
1!
1'
b10 -
#9980000000
0!
0'
#9985000000
1!
1'
b11 -
10
#9990000000
0!
0'
#9995000000
1!
1'
b0 -
00
#10000000000
0!
0'
#10005000000
1!
1'
b1 -
#10010000000
0!
0'
#10015000000
1!
1'
b10 -
#10020000000
0!
0'
#10025000000
1!
1'
b11 -
10
#10030000000
0!
0'
#10035000000
1!
1'
b0 -
00
#10040000000
0!
0'
#10045000000
1!
1'
b1 -
#10050000000
0!
0'
#10055000000
1!
1'
b10 -
#10060000000
0!
0'
#10065000000
1!
1'
b11 -
10
#10070000000
0!
0'
#10075000000
1!
1'
b0 -
00
#10080000000
0!
0'
#10085000000
1!
1'
b1 -
#10090000000
0!
0'
#10095000000
1!
1'
b10 -
#10100000000
0!
0'
#10105000000
1!
1'
b11 -
10
#10110000000
0!
0'
#10115000000
1!
1'
b0 -
00
#10120000000
0!
0'
#10125000000
1!
1'
b1 -
#10130000000
0!
0'
#10135000000
1!
1'
b10 -
#10140000000
0!
0'
#10145000000
1!
1'
b11 -
10
#10150000000
0!
0'
#10155000000
1!
1'
b0 -
00
#10160000000
0!
0'
#10165000000
1!
1'
b1 -
#10170000000
0!
0'
#10175000000
1!
1'
b10 -
#10180000000
0!
0'
#10185000000
1!
1'
b11 -
10
#10190000000
0!
0'
#10195000000
1!
1'
b0 -
00
#10200000000
0!
0'
#10205000000
1!
1'
b1 -
#10210000000
0!
0'
#10215000000
1!
1'
b10 -
#10220000000
0!
0'
#10225000000
1!
1'
b11 -
10
#10230000000
0!
0'
#10235000000
1!
1'
b0 -
00
#10240000000
0!
0'
#10245000000
1!
1'
b1 -
#10250000000
0!
0'
#10255000000
1!
1'
b10 -
#10260000000
0!
0'
#10265000000
1!
1'
b11 -
10
#10270000000
0!
0'
#10275000000
1!
1'
b0 -
00
#10280000000
0!
0'
#10285000000
1!
1'
b1 -
#10290000000
0!
0'
#10295000000
1!
1'
b10 -
#10300000000
0!
0'
#10305000000
1!
1'
b11 -
10
#10310000000
0!
0'
#10315000000
1!
1'
b0 -
00
#10320000000
0!
0'
#10325000000
1!
1'
b1 -
#10330000000
0!
0'
#10335000000
1!
1'
b10 -
#10340000000
0!
0'
#10345000000
1!
1'
b11 -
10
#10350000000
0!
0'
#10355000000
1!
1'
b0 -
00
#10360000000
0!
0'
#10365000000
1!
1'
b1 -
#10370000000
0!
0'
#10375000000
1!
1'
b10 -
#10380000000
0!
0'
#10385000000
1!
1'
b11 -
10
#10390000000
0!
0'
#10395000000
1!
1'
b0 -
00
#10400000000
0!
0'
#10405000000
1!
1'
b1 -
#10410000000
0!
0'
#10415000000
1!
1'
b10 -
#10420000000
0!
0'
#10425000000
1!
1'
b11 -
10
#10430000000
0!
0'
#10435000000
1!
1'
b0 -
00
#10440000000
0!
0'
#10445000000
1!
1'
b1 -
#10450000000
0!
0'
#10455000000
1!
1'
b10 -
#10460000000
0!
0'
#10465000000
1!
1'
b11 -
10
#10470000000
0!
0'
#10475000000
1!
1'
b0 -
00
#10480000000
0!
0'
#10485000000
1!
1'
b1 -
#10490000000
0!
0'
#10495000000
1!
1'
b10 -
#10500000000
0!
0'
#10505000000
1!
1'
b11 -
10
#10510000000
0!
0'
#10515000000
1!
1'
b0 -
00
#10520000000
0!
0'
#10525000000
1!
1'
b1 -
#10530000000
0!
0'
#10535000000
1!
1'
b10 -
#10540000000
0!
0'
#10545000000
1!
1'
b11 -
10
#10550000000
0!
0'
#10555000000
1!
1'
b0 -
00
#10560000000
0!
0'
#10565000000
1!
1'
b1 -
#10570000000
0!
0'
#10575000000
1!
1'
b10 -
#10580000000
0!
0'
#10585000000
1!
1'
b11 -
10
#10590000000
0!
0'
#10595000000
1!
1'
b0 -
00
#10600000000
0!
0'
#10605000000
1!
1'
b1 -
#10610000000
0!
0'
#10615000000
1!
1'
b10 -
#10620000000
0!
0'
#10625000000
1!
1'
b11 -
10
#10630000000
0!
0'
#10635000000
1!
1'
b0 -
00
#10640000000
0!
0'
#10645000000
1!
1'
b1 -
#10650000000
0!
0'
#10655000000
1!
1'
b10 -
#10660000000
0!
0'
#10665000000
1!
1'
b11 -
10
#10670000000
0!
0'
#10675000000
1!
1'
b0 -
00
#10680000000
0!
0'
#10685000000
1!
1'
b1 -
#10690000000
0!
0'
#10695000000
1!
1'
b10 -
#10700000000
0!
0'
#10705000000
1!
1'
b11 -
10
#10710000000
0!
0'
#10715000000
1!
1'
b0 -
00
#10720000000
0!
0'
#10725000000
1!
1'
b1 -
#10730000000
0!
0'
#10735000000
1!
1'
b10 -
#10740000000
0!
0'
#10745000000
1!
1'
b11 -
10
#10750000000
0!
0'
#10755000000
1!
1'
b0 -
00
#10760000000
0!
0'
#10765000000
1!
1'
b1 -
#10770000000
0!
0'
#10775000000
1!
1'
b10 -
#10780000000
0!
0'
#10785000000
1!
1'
b11 -
10
#10790000000
0!
0'
#10795000000
1!
1'
b0 -
00
#10800000000
0!
0'
#10805000000
1!
1'
b1 -
#10810000000
0!
0'
#10815000000
1!
1'
b10 -
#10820000000
0!
0'
#10825000000
1!
1'
b11 -
10
#10830000000
0!
0'
#10835000000
1!
1'
b0 -
00
#10840000000
0!
0'
#10845000000
1!
1'
b1 -
#10850000000
0!
0'
#10855000000
1!
1'
b10 -
#10860000000
0!
0'
#10865000000
1!
1'
b11 -
10
#10870000000
0!
0'
#10875000000
1!
1'
b0 -
00
#10880000000
0!
0'
#10885000000
1!
1'
b1 -
#10890000000
0!
0'
#10895000000
1!
1'
b10 -
#10900000000
0!
0'
#10905000000
1!
1'
b11 -
10
#10910000000
0!
0'
#10915000000
1!
1'
b0 -
00
#10920000000
0!
0'
#10925000000
1!
1'
b1 -
#10930000000
0!
0'
#10935000000
1!
1'
b10 -
#10940000000
0!
0'
#10945000000
1!
1'
b11 -
10
#10950000000
0!
0'
#10955000000
1!
1'
b0 -
00
#10960000000
0!
0'
#10965000000
1!
1'
b1 -
#10970000000
0!
0'
#10975000000
1!
1'
b10 -
#10980000000
0!
0'
#10985000000
1!
1'
b11 -
10
#10990000000
0!
0'
#10995000000
1!
1'
b0 -
00
#11000000000
0!
0'
#11005000000
1!
1'
b1 -
#11010000000
0!
0'
#11015000000
1!
1'
b10 -
#11020000000
0!
0'
#11025000000
1!
1'
b11 -
10
#11030000000
0!
0'
#11035000000
1!
1'
b0 -
00
#11040000000
0!
0'
#11045000000
1!
1'
b1 -
#11050000000
0!
0'
#11055000000
1!
1'
b10 -
#11060000000
0!
0'
#11065000000
1!
1'
b11 -
10
#11070000000
0!
0'
#11075000000
1!
1'
b0 -
00
#11080000000
0!
0'
#11085000000
1!
1'
b1 -
#11090000000
0!
0'
#11095000000
1!
1'
b10 -
#11100000000
0!
0'
#11105000000
1!
1'
b11 -
10
#11110000000
0!
0'
#11115000000
1!
1'
b0 -
00
#11120000000
0!
0'
#11125000000
1!
1'
b1 -
#11130000000
0!
0'
#11135000000
1!
1'
b10 -
#11140000000
0!
0'
#11145000000
1!
1'
b11 -
10
#11150000000
0!
0'
#11155000000
1!
1'
b0 -
00
#11160000000
0!
0'
#11165000000
1!
1'
b1 -
#11170000000
0!
0'
#11175000000
1!
1'
b10 -
#11180000000
0!
0'
#11185000000
1!
1'
b11 -
10
#11190000000
0!
0'
#11195000000
1!
1'
b0 -
00
#11200000000
0!
0'
#11205000000
1!
1'
b1 -
#11210000000
0!
0'
#11215000000
1!
1'
b10 -
#11220000000
0!
0'
#11225000000
1!
1'
b11 -
10
#11230000000
0!
0'
#11235000000
1!
1'
b0 -
00
#11240000000
0!
0'
#11245000000
1!
1'
b1 -
#11250000000
0!
0'
#11255000000
1!
1'
b10 -
#11260000000
0!
0'
#11265000000
1!
1'
b11 -
10
#11270000000
0!
0'
#11275000000
1!
1'
b0 -
00
#11280000000
0!
0'
#11285000000
1!
1'
b1 -
#11290000000
0!
0'
#11295000000
1!
1'
b10 -
#11300000000
0!
0'
#11305000000
1!
1'
b11 -
10
#11310000000
0!
0'
#11315000000
1!
1'
b0 -
00
#11320000000
0!
0'
#11325000000
1!
1'
b1 -
#11330000000
0!
0'
#11335000000
1!
1'
b10 -
#11340000000
0!
0'
#11345000000
1!
1'
b11 -
10
#11350000000
0!
0'
#11355000000
1!
1'
b0 -
00
#11360000000
0!
0'
#11365000000
1!
1'
b1 -
#11370000000
0!
0'
#11375000000
1!
1'
b10 -
#11380000000
0!
0'
#11385000000
1!
1'
b11 -
10
#11390000000
0!
0'
#11395000000
1!
1'
b0 -
00
#11400000000
0!
0'
#11405000000
1!
1'
b1 -
#11410000000
0!
0'
#11415000000
1!
1'
b10 -
#11420000000
0!
0'
#11425000000
1!
1'
b11 -
10
#11430000000
0!
0'
#11435000000
1!
1'
b0 -
00
#11440000000
0!
0'
#11445000000
1!
1'
b1 -
#11450000000
0!
0'
#11455000000
1!
1'
b10 -
#11460000000
0!
0'
#11465000000
1!
1'
b11 -
10
#11470000000
0!
0'
#11475000000
1!
1'
b0 -
00
#11480000000
0!
0'
#11485000000
1!
1'
b1 -
#11490000000
0!
0'
#11495000000
1!
1'
b10 -
#11500000000
0!
0'
#11505000000
1!
1'
b11 -
10
#11510000000
0!
0'
#11515000000
1!
1'
b0 -
00
#11520000000
0!
0'
#11525000000
1!
1'
b1 -
#11530000000
0!
0'
#11535000000
1!
1'
b10 -
#11540000000
0!
0'
#11545000000
1!
1'
b11 -
10
#11550000000
0!
0'
#11555000000
1!
1'
b0 -
00
#11560000000
0!
0'
#11565000000
1!
1'
b1 -
#11570000000
0!
0'
#11575000000
1!
1'
b10 -
#11580000000
0!
0'
#11585000000
1!
1'
b11 -
10
#11590000000
0!
0'
#11595000000
1!
1'
b0 -
00
#11600000000
0!
0'
#11605000000
1!
1'
b1 -
#11610000000
0!
0'
#11615000000
1!
1'
b10 -
#11620000000
0!
0'
#11625000000
1!
1'
b11 -
10
#11630000000
0!
0'
#11635000000
1!
1'
b0 -
00
#11640000000
0!
0'
#11645000000
1!
1'
b1 -
#11650000000
0!
0'
#11655000000
1!
1'
b10 -
#11660000000
0!
0'
#11665000000
1!
1'
b11 -
10
#11670000000
0!
0'
#11675000000
1!
1'
b0 -
00
#11680000000
0!
0'
#11685000000
1!
1'
b1 -
#11690000000
0!
0'
#11695000000
1!
1'
b10 -
#11700000000
0!
0'
#11705000000
1!
1'
b11 -
10
#11710000000
0!
0'
#11715000000
1!
1'
b0 -
00
#11720000000
0!
0'
#11725000000
1!
1'
b1 -
#11730000000
0!
0'
#11735000000
1!
1'
b10 -
#11740000000
0!
0'
#11745000000
1!
1'
b11 -
10
#11750000000
0!
0'
#11755000000
1!
1'
b0 -
00
#11760000000
0!
0'
#11765000000
1!
1'
b1 -
#11770000000
0!
0'
#11775000000
1!
1'
b10 -
#11780000000
0!
0'
#11785000000
1!
1'
b11 -
10
#11790000000
0!
0'
#11795000000
1!
1'
b0 -
00
#11800000000
0!
0'
#11805000000
1!
1'
b1 -
#11810000000
0!
0'
#11815000000
1!
1'
b10 -
#11820000000
0!
0'
#11825000000
1!
1'
b11 -
10
#11830000000
0!
0'
#11835000000
1!
1'
b0 -
00
#11840000000
0!
0'
#11845000000
1!
1'
b1 -
#11850000000
0!
0'
#11855000000
1!
1'
b10 -
#11860000000
0!
0'
#11865000000
1!
1'
b11 -
10
#11870000000
0!
0'
#11875000000
1!
1'
b0 -
00
#11880000000
0!
0'
#11885000000
1!
1'
b1 -
#11890000000
0!
0'
#11895000000
1!
1'
b10 -
#11900000000
0!
0'
#11905000000
1!
1'
b11 -
10
#11910000000
0!
0'
#11915000000
1!
1'
b0 -
00
#11920000000
0!
0'
#11925000000
1!
1'
b1 -
#11930000000
0!
0'
#11935000000
1!
1'
b10 -
#11940000000
0!
0'
#11945000000
1!
1'
b11 -
10
#11950000000
0!
0'
#11955000000
1!
1'
b0 -
00
#11960000000
0!
0'
#11965000000
1!
1'
b1 -
#11970000000
0!
0'
#11975000000
1!
1'
b10 -
#11980000000
0!
0'
#11985000000
1!
1'
b11 -
10
#11990000000
0!
0'
#11995000000
1!
1'
b0 -
00
#12000000000
0!
0'
#12005000000
1!
1'
b1 -
#12010000000
0!
0'
#12015000000
1!
1'
b10 -
#12020000000
0!
0'
#12025000000
1!
1'
b11 -
10
#12030000000
0!
0'
#12035000000
1!
1'
b0 -
00
#12040000000
0!
0'
#12045000000
1!
1'
b1 -
#12050000000
0!
0'
#12055000000
1!
1'
b10 -
#12060000000
0!
0'
#12065000000
1!
1'
b11 -
10
#12070000000
0!
0'
#12075000000
1!
1'
b0 -
00
#12080000000
0!
0'
#12085000000
1!
1'
b1 -
#12090000000
0!
0'
#12095000000
1!
1'
b10 -
#12100000000
0!
0'
#12105000000
1!
1'
b11 -
10
#12110000000
0!
0'
#12115000000
1!
1'
b0 -
00
#12120000000
0!
0'
#12125000000
1!
1'
b1 -
#12130000000
0!
0'
#12135000000
1!
1'
b10 -
#12140000000
0!
0'
#12145000000
1!
1'
b11 -
10
#12150000000
0!
0'
#12155000000
1!
1'
b0 -
00
#12160000000
0!
0'
#12165000000
1!
1'
b1 -
#12170000000
0!
0'
#12175000000
1!
1'
b10 -
#12180000000
0!
0'
#12185000000
1!
1'
b11 -
10
#12190000000
0!
0'
#12195000000
1!
1'
b0 -
00
#12200000000
0!
0'
#12205000000
1!
1'
b1 -
#12210000000
0!
0'
#12215000000
1!
1'
b10 -
#12220000000
0!
0'
#12225000000
1!
1'
b11 -
10
#12230000000
0!
0'
#12235000000
1!
1'
b0 -
00
#12240000000
0!
0'
#12245000000
1!
1'
b1 -
#12250000000
0!
0'
#12255000000
1!
1'
b10 -
#12260000000
0!
0'
#12265000000
1!
1'
b11 -
10
#12270000000
0!
0'
#12275000000
1!
1'
b0 -
00
#12280000000
0!
0'
#12285000000
1!
1'
b1 -
#12290000000
0!
0'
#12295000000
1!
1'
b10 -
#12300000000
0!
0'
#12305000000
1!
1'
b11 -
10
#12310000000
0!
0'
#12315000000
1!
1'
b0 -
00
#12320000000
0!
0'
#12325000000
1!
1'
b1 -
#12330000000
0!
0'
#12335000000
1!
1'
b10 -
#12340000000
0!
0'
#12345000000
1!
1'
b11 -
10
#12350000000
0!
0'
#12355000000
1!
1'
b0 -
00
#12360000000
0!
0'
#12365000000
1!
1'
b1 -
#12370000000
0!
0'
#12375000000
1!
1'
b10 -
#12380000000
0!
0'
#12385000000
1!
1'
b11 -
10
#12390000000
0!
0'
#12395000000
1!
1'
b0 -
00
#12400000000
0!
0'
#12405000000
1!
1'
b1 -
#12410000000
0!
0'
#12415000000
1!
1'
b10 -
#12420000000
0!
0'
#12425000000
1!
1'
b11 -
10
#12430000000
0!
0'
#12435000000
1!
1'
b0 -
00
#12440000000
0!
0'
#12445000000
1!
1'
b1 -
#12450000000
0!
0'
#12455000000
1!
1'
b10 -
#12460000000
0!
0'
#12465000000
1!
1'
b11 -
10
#12470000000
0!
0'
#12475000000
1!
1'
b0 -
00
#12480000000
0!
0'
#12485000000
1!
1'
b1 -
#12490000000
0!
0'
#12495000000
1!
1'
b10 -
#12500000000
0!
0'
#12505000000
1!
1'
b11 -
10
#12510000000
0!
0'
#12515000000
1!
1'
b0 -
00
#12520000000
0!
0'
#12525000000
1!
1'
b1 -
#12530000000
0!
0'
#12535000000
1!
1'
b10 -
#12540000000
0!
0'
#12545000000
1!
1'
b11 -
10
#12550000000
0!
0'
#12555000000
1!
1'
b0 -
00
#12560000000
0!
0'
#12565000000
1!
1'
b1 -
#12570000000
0!
0'
#12575000000
1!
1'
b10 -
#12580000000
0!
0'
#12585000000
1!
1'
b11 -
10
#12590000000
0!
0'
#12595000000
1!
1'
b0 -
00
#12600000000
0!
0'
#12605000000
1!
1'
b1 -
#12610000000
0!
0'
#12615000000
1!
1'
b10 -
#12620000000
0!
0'
#12625000000
1!
1'
b11 -
10
#12630000000
0!
0'
#12635000000
1!
1'
b0 -
00
#12640000000
0!
0'
#12645000000
1!
1'
b1 -
#12650000000
0!
0'
#12655000000
1!
1'
b10 -
#12660000000
0!
0'
#12665000000
1!
1'
b11 -
10
#12670000000
0!
0'
#12675000000
1!
1'
b0 -
00
#12680000000
0!
0'
#12685000000
1!
1'
b1 -
#12690000000
0!
0'
#12695000000
1!
1'
b10 -
#12700000000
0!
0'
#12705000000
1!
1'
b11 -
10
#12710000000
0!
0'
#12715000000
1!
1'
b0 -
00
#12720000000
0!
0'
#12725000000
1!
1'
b1 -
#12730000000
0!
0'
#12735000000
1!
1'
b10 -
#12740000000
0!
0'
#12745000000
1!
1'
b11 -
10
#12750000000
0!
0'
#12755000000
1!
1'
b0 -
00
#12760000000
0!
0'
#12765000000
1!
1'
b1 -
#12770000000
0!
0'
#12775000000
1!
1'
b10 -
#12780000000
0!
0'
#12785000000
1!
1'
b11 -
10
#12790000000
0!
0'
#12795000000
1!
1'
b0 -
00
#12800000000
0!
0'
#12805000000
1!
1'
b1 -
#12810000000
0!
0'
#12815000000
1!
1'
b10 -
#12820000000
0!
0'
#12825000000
1!
1'
b11 -
10
#12830000000
0!
0'
#12835000000
1!
1'
b0 -
00
#12840000000
0!
0'
#12845000000
1!
1'
b1 -
#12850000000
0!
0'
#12855000000
1!
1'
b10 -
#12860000000
0!
0'
#12865000000
1!
1'
b11 -
10
#12870000000
0!
0'
#12875000000
1!
1'
b0 -
00
#12880000000
0!
0'
#12885000000
1!
1'
b1 -
#12890000000
0!
0'
#12895000000
1!
1'
b10 -
#12900000000
0!
0'
#12905000000
1!
1'
b11 -
10
#12910000000
0!
0'
#12915000000
1!
1'
b0 -
00
#12920000000
0!
0'
#12925000000
1!
1'
b1 -
#12930000000
0!
0'
#12935000000
1!
1'
b10 -
#12940000000
0!
0'
#12945000000
1!
1'
b11 -
10
#12950000000
0!
0'
#12955000000
1!
1'
b0 -
00
#12960000000
0!
0'
#12965000000
1!
1'
b1 -
#12970000000
0!
0'
#12975000000
1!
1'
b10 -
#12980000000
0!
0'
#12985000000
1!
1'
b11 -
10
#12990000000
0!
0'
#12995000000
1!
1'
b0 -
00
#13000000000
0!
0'
#13005000000
1!
1'
b1 -
#13010000000
0!
0'
#13015000000
1!
1'
b10 -
#13020000000
0!
0'
#13025000000
1!
1'
b11 -
10
#13030000000
0!
0'
#13035000000
1!
1'
b0 -
00
#13040000000
0!
0'
#13045000000
1!
1'
b1 -
#13050000000
0!
0'
#13055000000
1!
1'
b10 -
#13060000000
0!
0'
#13065000000
1!
1'
b11 -
10
#13070000000
0!
0'
#13075000000
1!
1'
b0 -
00
#13080000000
0!
0'
#13085000000
1!
1'
b1 -
#13090000000
0!
0'
#13095000000
1!
1'
b10 -
#13100000000
0!
0'
#13105000000
1!
1'
b11 -
10
#13110000000
0!
0'
#13115000000
1!
1'
b0 -
00
#13120000000
0!
0'
#13125000000
1!
1'
b1 -
#13130000000
0!
0'
#13135000000
1!
1'
b10 -
#13140000000
0!
0'
#13145000000
1!
1'
b11 -
10
#13150000000
0!
0'
#13155000000
1!
1'
b0 -
00
#13160000000
0!
0'
#13165000000
1!
1'
b1 -
#13170000000
0!
0'
#13175000000
1!
1'
b10 -
#13180000000
0!
0'
#13185000000
1!
1'
b11 -
10
#13190000000
0!
0'
#13195000000
1!
1'
b0 -
00
#13200000000
0!
0'
#13205000000
1!
1'
b1 -
#13210000000
0!
0'
#13215000000
1!
1'
b10 -
#13220000000
0!
0'
#13225000000
1!
1'
b11 -
10
#13230000000
0!
0'
#13235000000
1!
1'
b0 -
00
#13240000000
0!
0'
#13245000000
1!
1'
b1 -
#13250000000
0!
0'
#13255000000
1!
1'
b10 -
#13260000000
0!
0'
#13265000000
1!
1'
b11 -
10
#13270000000
0!
0'
#13275000000
1!
1'
b0 -
00
#13280000000
0!
0'
#13285000000
1!
1'
b1 -
#13290000000
0!
0'
#13295000000
1!
1'
b10 -
#13300000000
0!
0'
#13305000000
1!
1'
b11 -
10
#13310000000
0!
0'
#13315000000
1!
1'
b0 -
00
#13320000000
0!
0'
#13325000000
1!
1'
b1 -
#13330000000
0!
0'
#13335000000
1!
1'
b10 -
#13340000000
0!
0'
#13345000000
1!
1'
b11 -
10
#13350000000
0!
0'
#13355000000
1!
1'
b0 -
00
#13360000000
0!
0'
#13365000000
1!
1'
b1 -
#13370000000
0!
0'
#13375000000
1!
1'
b10 -
#13380000000
0!
0'
#13385000000
1!
1'
b11 -
10
#13390000000
0!
0'
#13395000000
1!
1'
b0 -
00
#13400000000
0!
0'
#13405000000
1!
1'
b1 -
#13410000000
0!
0'
#13415000000
1!
1'
b10 -
#13420000000
0!
0'
#13425000000
1!
1'
b11 -
10
#13430000000
0!
0'
#13435000000
1!
1'
b0 -
00
#13440000000
0!
0'
#13445000000
1!
1'
b1 -
#13450000000
0!
0'
#13455000000
1!
1'
b10 -
#13460000000
0!
0'
#13465000000
1!
1'
b11 -
10
#13470000000
0!
0'
#13475000000
1!
1'
b0 -
00
#13480000000
0!
0'
#13485000000
1!
1'
b1 -
#13490000000
0!
0'
#13495000000
1!
1'
b10 -
#13500000000
0!
0'
#13505000000
1!
1'
b11 -
10
#13510000000
0!
0'
#13515000000
1!
1'
b0 -
00
#13520000000
0!
0'
#13525000000
1!
1'
b1 -
#13530000000
0!
0'
#13535000000
1!
1'
b10 -
#13540000000
0!
0'
#13545000000
1!
1'
b11 -
10
#13550000000
0!
0'
#13555000000
1!
1'
b0 -
00
#13560000000
0!
0'
#13565000000
1!
1'
b1 -
#13570000000
0!
0'
#13575000000
1!
1'
b10 -
#13580000000
0!
0'
#13585000000
1!
1'
b11 -
10
#13590000000
0!
0'
#13595000000
1!
1'
b0 -
00
#13600000000
0!
0'
#13605000000
1!
1'
b1 -
#13610000000
0!
0'
#13615000000
1!
1'
b10 -
#13620000000
0!
0'
#13625000000
1!
1'
b11 -
10
#13630000000
0!
0'
#13635000000
1!
1'
b0 -
00
#13640000000
0!
0'
#13645000000
1!
1'
b1 -
#13650000000
0!
0'
#13655000000
1!
1'
b10 -
#13660000000
0!
0'
#13665000000
1!
1'
b11 -
10
#13670000000
0!
0'
#13675000000
1!
1'
b0 -
00
#13680000000
0!
0'
#13685000000
1!
1'
b1 -
#13690000000
0!
0'
#13695000000
1!
1'
b10 -
#13700000000
0!
0'
#13705000000
1!
1'
b11 -
10
#13710000000
0!
0'
#13715000000
1!
1'
b0 -
00
#13720000000
0!
0'
#13725000000
1!
1'
b1 -
#13730000000
0!
0'
#13735000000
1!
1'
b10 -
#13740000000
0!
0'
#13745000000
1!
1'
b11 -
10
#13750000000
0!
0'
#13755000000
1!
1'
b0 -
00
#13760000000
0!
0'
#13765000000
1!
1'
b1 -
#13770000000
0!
0'
#13775000000
1!
1'
b10 -
#13780000000
0!
0'
#13785000000
1!
1'
b11 -
10
#13790000000
0!
0'
#13795000000
1!
1'
b0 -
00
#13800000000
0!
0'
#13805000000
1!
1'
b1 -
#13810000000
0!
0'
#13815000000
1!
1'
b10 -
#13820000000
0!
0'
#13825000000
1!
1'
b11 -
10
#13830000000
0!
0'
#13835000000
1!
1'
b0 -
00
#13840000000
0!
0'
#13845000000
1!
1'
b1 -
#13850000000
0!
0'
#13855000000
1!
1'
b10 -
#13860000000
0!
0'
#13865000000
1!
1'
b11 -
10
#13870000000
0!
0'
#13875000000
1!
1'
b0 -
00
#13880000000
0!
0'
#13885000000
1!
1'
b1 -
#13890000000
0!
0'
#13895000000
1!
1'
b10 -
#13900000000
0!
0'
#13905000000
1!
1'
b11 -
10
#13910000000
0!
0'
#13915000000
1!
1'
b0 -
00
#13920000000
0!
0'
#13925000000
1!
1'
b1 -
#13930000000
0!
0'
#13935000000
1!
1'
b10 -
#13940000000
0!
0'
#13945000000
1!
1'
b11 -
10
#13950000000
0!
0'
#13955000000
1!
1'
b0 -
00
#13960000000
0!
0'
#13965000000
1!
1'
b1 -
#13970000000
0!
0'
#13975000000
1!
1'
b10 -
#13980000000
0!
0'
#13985000000
1!
1'
b11 -
10
#13990000000
0!
0'
#13995000000
1!
1'
b0 -
00
#14000000000
0!
0'
#14005000000
1!
1'
b1 -
#14010000000
0!
0'
#14015000000
1!
1'
b10 -
#14020000000
0!
0'
#14025000000
1!
1'
b11 -
10
#14030000000
0!
0'
#14035000000
1!
1'
b0 -
00
#14040000000
0!
0'
#14045000000
1!
1'
b1 -
#14050000000
0!
0'
#14055000000
1!
1'
b10 -
#14060000000
0!
0'
#14065000000
1!
1'
b11 -
10
#14070000000
0!
0'
#14075000000
1!
1'
b0 -
00
#14080000000
0!
0'
#14085000000
1!
1'
b1 -
#14090000000
0!
0'
#14095000000
1!
1'
b10 -
#14100000000
0!
0'
#14105000000
1!
1'
b11 -
10
#14110000000
0!
0'
#14115000000
1!
1'
b0 -
00
#14120000000
0!
0'
#14125000000
1!
1'
b1 -
#14130000000
0!
0'
#14135000000
1!
1'
b10 -
#14140000000
0!
0'
#14145000000
1!
1'
b11 -
10
#14150000000
0!
0'
#14155000000
1!
1'
b0 -
00
#14160000000
0!
0'
#14165000000
1!
1'
b1 -
#14170000000
0!
0'
#14175000000
1!
1'
b10 -
#14180000000
0!
0'
#14185000000
1!
1'
b11 -
10
#14190000000
0!
0'
#14195000000
1!
1'
b0 -
00
#14200000000
0!
0'
#14205000000
1!
1'
b1 -
#14210000000
0!
0'
#14215000000
1!
1'
b10 -
#14220000000
0!
0'
#14225000000
1!
1'
b11 -
10
#14230000000
0!
0'
#14235000000
1!
1'
b0 -
00
#14240000000
0!
0'
#14245000000
1!
1'
b1 -
#14250000000
0!
0'
#14255000000
1!
1'
b10 -
#14260000000
0!
0'
#14265000000
1!
1'
b11 -
10
#14270000000
0!
0'
#14275000000
1!
1'
b0 -
00
#14280000000
0!
0'
#14285000000
1!
1'
b1 -
#14290000000
0!
0'
#14295000000
1!
1'
b10 -
#14300000000
0!
0'
#14305000000
1!
1'
b11 -
10
#14310000000
0!
0'
#14315000000
1!
1'
b0 -
00
#14320000000
0!
0'
#14325000000
1!
1'
b1 -
#14330000000
0!
0'
#14335000000
1!
1'
b10 -
#14340000000
0!
0'
#14345000000
1!
1'
b11 -
10
#14350000000
0!
0'
#14355000000
1!
1'
b0 -
00
#14360000000
0!
0'
#14365000000
1!
1'
b1 -
#14370000000
0!
0'
#14375000000
1!
1'
b10 -
#14380000000
0!
0'
#14385000000
1!
1'
b11 -
10
#14390000000
0!
0'
#14395000000
1!
1'
b0 -
00
#14400000000
0!
0'
#14405000000
1!
1'
b1 -
#14410000000
0!
0'
#14415000000
1!
1'
b10 -
#14420000000
0!
0'
#14425000000
1!
1'
b11 -
10
#14430000000
0!
0'
#14435000000
1!
1'
b0 -
00
#14440000000
0!
0'
#14445000000
1!
1'
b1 -
#14450000000
0!
0'
#14455000000
1!
1'
b10 -
#14460000000
0!
0'
#14465000000
1!
1'
b11 -
10
#14470000000
0!
0'
#14475000000
1!
1'
b0 -
00
#14480000000
0!
0'
#14485000000
1!
1'
b1 -
#14490000000
0!
0'
#14495000000
1!
1'
b10 -
#14500000000
0!
0'
#14505000000
1!
1'
b11 -
10
#14510000000
0!
0'
#14515000000
1!
1'
b0 -
00
#14520000000
0!
0'
#14525000000
1!
1'
b1 -
#14530000000
0!
0'
#14535000000
1!
1'
b10 -
#14540000000
0!
0'
#14545000000
1!
1'
b11 -
10
#14550000000
0!
0'
#14555000000
1!
1'
b0 -
00
#14560000000
0!
0'
#14565000000
1!
1'
b1 -
#14570000000
0!
0'
#14575000000
1!
1'
b10 -
#14580000000
0!
0'
#14585000000
1!
1'
b11 -
10
#14590000000
0!
0'
#14595000000
1!
1'
b0 -
00
#14600000000
0!
0'
#14605000000
1!
1'
b1 -
#14610000000
0!
0'
#14615000000
1!
1'
b10 -
#14620000000
0!
0'
#14625000000
1!
1'
b11 -
10
#14630000000
0!
0'
#14635000000
1!
1'
b0 -
00
#14640000000
0!
0'
#14645000000
1!
1'
b1 -
#14650000000
0!
0'
#14655000000
1!
1'
b10 -
#14660000000
0!
0'
#14665000000
1!
1'
b11 -
10
#14670000000
0!
0'
#14675000000
1!
1'
b0 -
00
#14680000000
0!
0'
#14685000000
1!
1'
b1 -
#14690000000
0!
0'
#14695000000
1!
1'
b10 -
#14700000000
0!
0'
#14705000000
1!
1'
b11 -
10
#14710000000
0!
0'
#14715000000
1!
1'
b0 -
00
#14720000000
0!
0'
#14725000000
1!
1'
b1 -
#14730000000
0!
0'
#14735000000
1!
1'
b10 -
#14740000000
0!
0'
#14745000000
1!
1'
b11 -
10
#14750000000
0!
0'
#14755000000
1!
1'
b0 -
00
#14760000000
0!
0'
#14765000000
1!
1'
b1 -
#14770000000
0!
0'
#14775000000
1!
1'
b10 -
#14780000000
0!
0'
#14785000000
1!
1'
b11 -
10
#14790000000
0!
0'
#14795000000
1!
1'
b0 -
00
#14800000000
0!
0'
#14805000000
1!
1'
b1 -
#14810000000
0!
0'
#14815000000
1!
1'
b10 -
#14820000000
0!
0'
#14825000000
1!
1'
b11 -
10
#14830000000
0!
0'
#14835000000
1!
1'
b0 -
00
#14840000000
0!
0'
#14845000000
1!
1'
b1 -
#14850000000
0!
0'
#14855000000
1!
1'
b10 -
#14860000000
0!
0'
#14865000000
1!
1'
b11 -
10
#14870000000
0!
0'
#14875000000
1!
1'
b0 -
00
#14880000000
0!
0'
#14885000000
1!
1'
b1 -
#14890000000
0!
0'
#14895000000
1!
1'
b10 -
#14900000000
0!
0'
#14905000000
1!
1'
b11 -
10
#14910000000
0!
0'
#14915000000
1!
1'
b0 -
00
#14920000000
0!
0'
#14925000000
1!
1'
b1 -
#14930000000
0!
0'
#14935000000
1!
1'
b10 -
#14940000000
0!
0'
#14945000000
1!
1'
b11 -
10
#14950000000
0!
0'
#14955000000
1!
1'
b0 -
00
#14960000000
0!
0'
#14965000000
1!
1'
b1 -
#14970000000
0!
0'
#14975000000
1!
1'
b10 -
#14980000000
0!
0'
#14985000000
1!
1'
b11 -
10
#14990000000
0!
0'
#14995000000
1!
1'
b0 -
00
#15000000000
0!
0'
#15005000000
1!
1'
b1 -
#15010000000
0!
0'
#15015000000
1!
1'
b10 -
#15020000000
0!
0'
#15025000000
1!
1'
b11 -
10
#15030000000
0!
0'
#15035000000
1!
1'
b0 -
00
#15040000000
0!
0'
#15045000000
1!
1'
b1 -
#15050000000
0!
0'
#15055000000
1!
1'
b10 -
#15060000000
0!
0'
#15065000000
1!
1'
b11 -
10
#15070000000
0!
0'
#15075000000
1!
1'
b0 -
00
#15080000000
0!
0'
#15085000000
1!
1'
b1 -
#15090000000
0!
0'
#15095000000
1!
1'
b10 -
#15100000000
0!
0'
#15105000000
1!
1'
b11 -
10
#15110000000
0!
0'
#15115000000
1!
1'
b0 -
00
#15120000000
0!
0'
#15125000000
1!
1'
b1 -
#15130000000
0!
0'
#15135000000
1!
1'
b10 -
#15140000000
0!
0'
#15145000000
1!
1'
b11 -
10
#15150000000
0!
0'
#15155000000
1!
1'
b0 -
00
#15160000000
0!
0'
#15165000000
1!
1'
b1 -
#15170000000
0!
0'
#15175000000
1!
1'
b10 -
#15180000000
0!
0'
#15185000000
1!
1'
b11 -
10
#15190000000
0!
0'
#15195000000
1!
1'
b0 -
00
#15200000000
0!
0'
#15205000000
1!
1'
b1 -
#15210000000
0!
0'
#15215000000
1!
1'
b10 -
#15220000000
0!
0'
#15225000000
1!
1'
b11 -
10
#15230000000
0!
0'
#15235000000
1!
1'
b0 -
00
#15240000000
0!
0'
#15245000000
1!
1'
b1 -
#15250000000
0!
0'
#15255000000
1!
1'
b10 -
#15260000000
0!
0'
#15265000000
1!
1'
b11 -
10
#15270000000
0!
0'
#15275000000
1!
1'
b0 -
00
#15280000000
0!
0'
#15285000000
1!
1'
b1 -
#15290000000
0!
0'
#15295000000
1!
1'
b10 -
#15300000000
0!
0'
#15305000000
1!
1'
b11 -
10
#15310000000
0!
0'
#15315000000
1!
1'
b0 -
00
#15320000000
0!
0'
#15325000000
1!
1'
b1 -
#15330000000
0!
0'
#15335000000
1!
1'
b10 -
#15340000000
0!
0'
#15345000000
1!
1'
b11 -
10
#15350000000
0!
0'
#15355000000
1!
1'
b0 -
00
#15360000000
0!
0'
#15365000000
1!
1'
b1 -
#15370000000
0!
0'
#15375000000
1!
1'
b10 -
#15380000000
0!
0'
#15385000000
1!
1'
b11 -
10
#15390000000
0!
0'
#15395000000
1!
1'
b0 -
00
#15400000000
0!
0'
#15405000000
1!
1'
b1 -
#15410000000
0!
0'
#15415000000
1!
1'
b10 -
#15420000000
0!
0'
#15425000000
1!
1'
b11 -
10
#15430000000
0!
0'
#15435000000
1!
1'
b0 -
00
#15440000000
0!
0'
#15445000000
1!
1'
b1 -
#15450000000
0!
0'
#15455000000
1!
1'
b10 -
#15460000000
0!
0'
#15465000000
1!
1'
b11 -
10
#15470000000
0!
0'
#15475000000
1!
1'
b0 -
00
#15480000000
0!
0'
#15485000000
1!
1'
b1 -
#15490000000
0!
0'
#15495000000
1!
1'
b10 -
#15500000000
0!
0'
#15505000000
1!
1'
b11 -
10
#15510000000
0!
0'
#15515000000
1!
1'
b0 -
00
#15520000000
0!
0'
#15525000000
1!
1'
b1 -
#15530000000
0!
0'
#15535000000
1!
1'
b10 -
#15540000000
0!
0'
#15545000000
1!
1'
b11 -
10
#15550000000
0!
0'
#15555000000
1!
1'
b0 -
00
#15560000000
0!
0'
#15565000000
1!
1'
b1 -
#15570000000
0!
0'
#15575000000
1!
1'
b10 -
#15580000000
0!
0'
#15585000000
1!
1'
b11 -
10
#15590000000
0!
0'
#15595000000
1!
1'
b0 -
00
#15600000000
0!
0'
#15605000000
1!
1'
b1 -
#15610000000
0!
0'
#15615000000
1!
1'
b10 -
#15620000000
0!
0'
#15625000000
1!
1'
b11 -
10
#15630000000
0!
0'
#15635000000
1!
1'
b0 -
00
#15640000000
0!
0'
#15645000000
1!
1'
b1 -
#15650000000
0!
0'
#15655000000
1!
1'
b10 -
#15660000000
0!
0'
#15665000000
1!
1'
b11 -
10
#15670000000
0!
0'
#15675000000
1!
1'
b0 -
00
#15680000000
0!
0'
#15685000000
1!
1'
b1 -
#15690000000
0!
0'
#15695000000
1!
1'
b10 -
#15700000000
0!
0'
#15705000000
1!
1'
b11 -
10
#15710000000
0!
0'
#15715000000
1!
1'
b0 -
00
#15720000000
0!
0'
#15725000000
1!
1'
b1 -
#15730000000
0!
0'
#15735000000
1!
1'
b10 -
#15740000000
0!
0'
#15745000000
1!
1'
b11 -
10
#15750000000
0!
0'
#15755000000
1!
1'
b0 -
00
#15760000000
0!
0'
#15765000000
1!
1'
b1 -
#15770000000
0!
0'
#15775000000
1!
1'
b10 -
#15780000000
0!
0'
#15785000000
1!
1'
b11 -
10
#15790000000
0!
0'
#15795000000
1!
1'
b0 -
00
#15800000000
0!
0'
#15805000000
1!
1'
b1 -
#15810000000
0!
0'
#15815000000
1!
1'
b10 -
#15820000000
0!
0'
#15825000000
1!
1'
b11 -
10
#15830000000
0!
0'
#15835000000
1!
1'
b0 -
00
#15840000000
0!
0'
#15845000000
1!
1'
b1 -
#15850000000
0!
0'
#15855000000
1!
1'
b10 -
#15860000000
0!
0'
#15865000000
1!
1'
b11 -
10
#15870000000
0!
0'
#15875000000
1!
1'
b0 -
00
#15880000000
0!
0'
#15885000000
1!
1'
b1 -
#15890000000
0!
0'
#15895000000
1!
1'
b10 -
#15900000000
0!
0'
#15905000000
1!
1'
b11 -
10
#15910000000
0!
0'
#15915000000
1!
1'
b0 -
00
#15920000000
0!
0'
#15925000000
1!
1'
b1 -
#15930000000
0!
0'
#15935000000
1!
1'
b10 -
#15940000000
0!
0'
#15945000000
1!
1'
b11 -
10
#15950000000
0!
0'
#15955000000
1!
1'
b0 -
00
#15960000000
0!
0'
#15965000000
1!
1'
b1 -
#15970000000
0!
0'
#15975000000
1!
1'
b10 -
#15980000000
0!
0'
#15985000000
1!
1'
b11 -
10
#15990000000
0!
0'
#15995000000
1!
1'
b0 -
00
#16000000000
0!
0'
#16005000000
1!
1'
b1 -
#16010000000
0!
0'
#16015000000
1!
1'
b10 -
#16020000000
0!
0'
#16025000000
1!
1'
b11 -
10
#16030000000
0!
0'
#16035000000
1!
1'
b0 -
00
#16040000000
0!
0'
#16045000000
1!
1'
b1 -
#16050000000
0!
0'
#16055000000
1!
1'
b10 -
#16060000000
0!
0'
#16065000000
1!
1'
b11 -
10
#16070000000
0!
0'
#16075000000
1!
1'
b0 -
00
#16080000000
0!
0'
#16085000000
1!
1'
b1 -
#16090000000
0!
0'
#16095000000
1!
1'
b10 -
#16100000000
0!
0'
#16105000000
1!
1'
b11 -
10
#16110000000
0!
0'
#16115000000
1!
1'
b0 -
00
#16120000000
0!
0'
#16125000000
1!
1'
b1 -
#16130000000
0!
0'
#16135000000
1!
1'
b10 -
#16140000000
0!
0'
#16145000000
1!
1'
b11 -
10
#16150000000
0!
0'
#16155000000
1!
1'
b0 -
00
#16160000000
0!
0'
#16165000000
1!
1'
b1 -
#16170000000
0!
0'
#16175000000
1!
1'
b10 -
#16180000000
0!
0'
#16185000000
1!
1'
b11 -
10
#16190000000
0!
0'
#16195000000
1!
1'
b0 -
00
#16200000000
0!
0'
#16205000000
1!
1'
b1 -
#16210000000
0!
0'
#16215000000
1!
1'
b10 -
#16220000000
0!
0'
#16225000000
1!
1'
b11 -
10
#16230000000
0!
0'
#16235000000
1!
1'
b0 -
00
#16240000000
0!
0'
#16245000000
1!
1'
b1 -
#16250000000
0!
0'
#16255000000
1!
1'
b10 -
#16260000000
0!
0'
#16265000000
1!
1'
b11 -
10
#16270000000
0!
0'
#16275000000
1!
1'
b0 -
00
#16280000000
0!
0'
#16285000000
1!
1'
b1 -
#16290000000
0!
0'
#16295000000
1!
1'
b10 -
#16300000000
0!
0'
#16305000000
1!
1'
b11 -
10
#16310000000
0!
0'
#16315000000
1!
1'
b0 -
00
#16320000000
0!
0'
#16325000000
1!
1'
b1 -
#16330000000
0!
0'
#16335000000
1!
1'
b10 -
#16340000000
0!
0'
#16345000000
1!
1'
b11 -
10
#16350000000
0!
0'
#16355000000
1!
1'
b0 -
00
#16360000000
0!
0'
#16365000000
1!
1'
b1 -
#16370000000
0!
0'
#16375000000
1!
1'
b10 -
#16380000000
0!
0'
#16385000000
1!
1'
b11 -
10
#16390000000
0!
0'
#16395000000
1!
1'
b0 -
00
#16400000000
0!
0'
#16405000000
1!
1'
b1 -
#16410000000
0!
0'
#16415000000
1!
1'
b10 -
#16420000000
0!
0'
#16425000000
1!
1'
b11 -
10
#16430000000
0!
0'
#16435000000
1!
1'
b0 -
00
#16440000000
0!
0'
#16445000000
1!
1'
b1 -
#16450000000
0!
0'
#16455000000
1!
1'
b10 -
#16460000000
0!
0'
#16465000000
1!
1'
b11 -
10
#16470000000
0!
0'
#16475000000
1!
1'
b0 -
00
#16480000000
0!
0'
#16485000000
1!
1'
b1 -
#16490000000
0!
0'
#16495000000
1!
1'
b10 -
#16500000000
0!
0'
#16505000000
1!
1'
b11 -
10
#16510000000
0!
0'
#16515000000
1!
1'
b0 -
00
#16520000000
0!
0'
#16525000000
1!
1'
b1 -
#16530000000
0!
0'
#16535000000
1!
1'
b10 -
#16540000000
0!
0'
#16545000000
1!
1'
b11 -
10
#16550000000
0!
0'
#16555000000
1!
1'
b0 -
00
#16560000000
0!
0'
#16565000000
1!
1'
b1 -
#16570000000
0!
0'
#16575000000
1!
1'
b10 -
#16580000000
0!
0'
#16585000000
1!
1'
b11 -
10
#16590000000
0!
0'
#16595000000
1!
1'
b0 -
00
#16600000000
0!
0'
#16605000000
1!
1'
b1 -
#16610000000
0!
0'
#16615000000
1!
1'
b10 -
#16620000000
0!
0'
#16625000000
1!
1'
b11 -
10
#16630000000
0!
0'
#16635000000
1!
1'
b0 -
00
#16640000000
0!
0'
#16645000000
1!
1'
b1 -
#16650000000
0!
0'
#16655000000
1!
1'
b10 -
#16660000000
0!
0'
#16665000000
1!
1'
b11 -
10
#16670000000
0!
0'
#16675000000
1!
1'
b0 -
00
#16680000000
0!
0'
#16685000000
1!
1'
b1 -
#16690000000
0!
0'
#16695000000
1!
1'
b10 -
#16700000000
0!
0'
#16705000000
1!
1'
b11 -
10
#16710000000
0!
0'
#16715000000
1!
1'
b0 -
00
#16720000000
0!
0'
#16725000000
1!
1'
b1 -
#16730000000
0!
0'
#16735000000
1!
1'
b10 -
#16740000000
0!
0'
#16745000000
1!
1'
b11 -
10
#16750000000
0!
0'
#16755000000
1!
1'
b0 -
00
#16760000000
0!
0'
#16765000000
1!
1'
b1 -
#16770000000
0!
0'
#16775000000
1!
1'
b10 -
#16780000000
0!
0'
#16785000000
1!
1'
b11 -
10
#16790000000
0!
0'
#16795000000
1!
1'
b0 -
00
#16800000000
0!
0'
#16805000000
1!
1'
b1 -
#16810000000
0!
0'
#16815000000
1!
1'
b10 -
#16820000000
0!
0'
#16825000000
1!
1'
b11 -
10
#16830000000
0!
0'
#16835000000
1!
1'
b0 -
00
#16840000000
0!
0'
#16845000000
1!
1'
b1 -
#16850000000
0!
0'
#16855000000
1!
1'
b10 -
#16860000000
0!
0'
#16865000000
1!
1'
b11 -
10
#16870000000
0!
0'
#16875000000
1!
1'
b0 -
00
#16880000000
0!
0'
#16885000000
1!
1'
b1 -
#16890000000
0!
0'
#16895000000
1!
1'
b10 -
#16900000000
0!
0'
#16905000000
1!
1'
b11 -
10
#16910000000
0!
0'
#16915000000
1!
1'
b0 -
00
#16920000000
0!
0'
#16925000000
1!
1'
b1 -
#16930000000
0!
0'
#16935000000
1!
1'
b10 -
#16940000000
0!
0'
#16945000000
1!
1'
b11 -
10
#16950000000
0!
0'
#16955000000
1!
1'
b0 -
00
#16960000000
0!
0'
#16965000000
1!
1'
b1 -
#16970000000
0!
0'
#16975000000
1!
1'
b10 -
#16980000000
0!
0'
#16985000000
1!
1'
b11 -
10
#16990000000
0!
0'
#16995000000
1!
1'
b0 -
00
#17000000000
0!
0'
#17005000000
1!
1'
b1 -
#17010000000
0!
0'
#17015000000
1!
1'
b10 -
#17020000000
0!
0'
#17025000000
1!
1'
b11 -
10
#17030000000
0!
0'
#17035000000
1!
1'
b0 -
00
#17040000000
0!
0'
#17045000000
1!
1'
b1 -
#17050000000
0!
0'
#17055000000
1!
1'
b10 -
#17060000000
0!
0'
#17065000000
1!
1'
b11 -
10
#17070000000
0!
0'
#17075000000
1!
1'
b0 -
00
#17080000000
0!
0'
#17085000000
1!
1'
b1 -
#17090000000
0!
0'
#17095000000
1!
1'
b10 -
#17100000000
0!
0'
#17105000000
1!
1'
b11 -
10
#17110000000
0!
0'
#17115000000
1!
1'
b0 -
00
#17120000000
0!
0'
#17125000000
1!
1'
b1 -
#17130000000
0!
0'
#17135000000
1!
1'
b10 -
#17140000000
0!
0'
#17145000000
1!
1'
b11 -
10
#17150000000
0!
0'
#17155000000
1!
1'
b0 -
00
#17160000000
0!
0'
#17165000000
1!
1'
b1 -
#17170000000
0!
0'
#17175000000
1!
1'
b10 -
#17180000000
0!
0'
#17185000000
1!
1'
b11 -
10
#17190000000
0!
0'
#17195000000
1!
1'
b0 -
00
#17200000000
0!
0'
#17205000000
1!
1'
b1 -
#17210000000
0!
0'
#17215000000
1!
1'
b10 -
#17220000000
0!
0'
#17225000000
1!
1'
b11 -
10
#17230000000
0!
0'
#17235000000
1!
1'
b0 -
00
#17240000000
0!
0'
#17245000000
1!
1'
b1 -
#17250000000
0!
0'
#17255000000
1!
1'
b10 -
#17260000000
0!
0'
#17265000000
1!
1'
b11 -
10
#17270000000
0!
0'
#17275000000
1!
1'
b0 -
00
#17280000000
0!
0'
#17285000000
1!
1'
b1 -
#17290000000
0!
0'
#17295000000
1!
1'
b10 -
#17300000000
0!
0'
#17305000000
1!
1'
b11 -
10
#17310000000
0!
0'
#17315000000
1!
1'
b0 -
00
#17320000000
0!
0'
#17325000000
1!
1'
b1 -
#17330000000
0!
0'
#17335000000
1!
1'
b10 -
#17340000000
0!
0'
#17345000000
1!
1'
b11 -
10
#17350000000
0!
0'
#17355000000
1!
1'
b0 -
00
#17360000000
0!
0'
#17365000000
1!
1'
b1 -
#17370000000
0!
0'
#17375000000
1!
1'
b10 -
#17380000000
0!
0'
#17385000000
1!
1'
b11 -
10
#17390000000
0!
0'
#17395000000
1!
1'
b0 -
00
#17400000000
0!
0'
#17405000000
1!
1'
b1 -
#17410000000
0!
0'
#17415000000
1!
1'
b10 -
#17420000000
0!
0'
#17425000000
1!
1'
b11 -
10
#17430000000
0!
0'
#17435000000
1!
1'
b0 -
00
#17440000000
0!
0'
#17445000000
1!
1'
b1 -
#17450000000
0!
0'
#17455000000
1!
1'
b10 -
#17460000000
0!
0'
#17465000000
1!
1'
b11 -
10
#17470000000
0!
0'
#17475000000
1!
1'
b0 -
00
#17480000000
0!
0'
#17485000000
1!
1'
b1 -
#17490000000
0!
0'
#17495000000
1!
1'
b10 -
#17500000000
0!
0'
#17505000000
1!
1'
b11 -
10
#17510000000
0!
0'
#17515000000
1!
1'
b0 -
00
#17520000000
0!
0'
#17525000000
1!
1'
b1 -
#17530000000
0!
0'
#17535000000
1!
1'
b10 -
#17540000000
0!
0'
#17545000000
1!
1'
b11 -
10
#17550000000
0!
0'
#17555000000
1!
1'
b0 -
00
#17560000000
0!
0'
#17565000000
1!
1'
b1 -
#17570000000
0!
0'
#17575000000
1!
1'
b10 -
#17580000000
0!
0'
#17585000000
1!
1'
b11 -
10
#17590000000
0!
0'
#17595000000
1!
1'
b0 -
00
#17600000000
0!
0'
#17605000000
1!
1'
b1 -
#17610000000
0!
0'
#17615000000
1!
1'
b10 -
#17620000000
0!
0'
#17625000000
1!
1'
b11 -
10
#17630000000
0!
0'
#17635000000
1!
1'
b0 -
00
#17640000000
0!
0'
#17645000000
1!
1'
b1 -
#17650000000
0!
0'
#17655000000
1!
1'
b10 -
#17660000000
0!
0'
#17665000000
1!
1'
b11 -
10
#17670000000
0!
0'
#17675000000
1!
1'
b0 -
00
#17680000000
0!
0'
#17685000000
1!
1'
b1 -
#17690000000
0!
0'
#17695000000
1!
1'
b10 -
#17700000000
0!
0'
#17705000000
1!
1'
b11 -
10
#17710000000
0!
0'
#17715000000
1!
1'
b0 -
00
#17720000000
0!
0'
#17725000000
1!
1'
b1 -
#17730000000
0!
0'
#17735000000
1!
1'
b10 -
#17740000000
0!
0'
#17745000000
1!
1'
b11 -
10
#17750000000
0!
0'
#17755000000
1!
1'
b0 -
00
#17760000000
0!
0'
#17765000000
1!
1'
b1 -
#17770000000
0!
0'
#17775000000
1!
1'
b10 -
#17780000000
0!
0'
#17785000000
1!
1'
b11 -
10
#17790000000
0!
0'
#17795000000
1!
1'
b0 -
00
#17800000000
0!
0'
#17805000000
1!
1'
b1 -
#17810000000
0!
0'
#17815000000
1!
1'
b10 -
#17820000000
0!
0'
#17825000000
1!
1'
b11 -
10
#17830000000
0!
0'
#17835000000
1!
1'
b0 -
00
#17840000000
0!
0'
#17845000000
1!
1'
b1 -
#17850000000
0!
0'
#17855000000
1!
1'
b10 -
#17860000000
0!
0'
#17865000000
1!
1'
b11 -
10
#17870000000
0!
0'
#17875000000
1!
1'
b0 -
00
#17880000000
0!
0'
#17885000000
1!
1'
b1 -
#17890000000
0!
0'
#17895000000
1!
1'
b10 -
#17900000000
0!
0'
#17905000000
1!
1'
b11 -
10
#17910000000
0!
0'
#17915000000
1!
1'
b0 -
00
#17920000000
0!
0'
#17925000000
1!
1'
b1 -
#17930000000
0!
0'
#17935000000
1!
1'
b10 -
#17940000000
0!
0'
#17945000000
1!
1'
b11 -
10
#17950000000
0!
0'
#17955000000
1!
1'
b0 -
00
#17960000000
0!
0'
#17965000000
1!
1'
b1 -
#17970000000
0!
0'
#17975000000
1!
1'
b10 -
#17980000000
0!
0'
#17985000000
1!
1'
b11 -
10
#17990000000
0!
0'
#17995000000
1!
1'
b0 -
00
#18000000000
0!
0'
#18005000000
1!
1'
b1 -
#18010000000
0!
0'
#18015000000
1!
1'
b10 -
#18020000000
0!
0'
#18025000000
1!
1'
b11 -
10
#18030000000
0!
0'
#18035000000
1!
1'
b0 -
00
#18040000000
0!
0'
#18045000000
1!
1'
b1 -
#18050000000
0!
0'
#18055000000
1!
1'
b10 -
#18060000000
0!
0'
#18065000000
1!
1'
b11 -
10
#18070000000
0!
0'
#18075000000
1!
1'
b0 -
00
#18080000000
0!
0'
#18085000000
1!
1'
b1 -
#18090000000
0!
0'
#18095000000
1!
1'
b10 -
#18100000000
0!
0'
#18105000000
1!
1'
b11 -
10
#18110000000
0!
0'
#18115000000
1!
1'
b0 -
00
#18120000000
0!
0'
#18125000000
1!
1'
b1 -
#18130000000
0!
0'
#18135000000
1!
1'
b10 -
#18140000000
0!
0'
#18145000000
1!
1'
b11 -
10
#18150000000
0!
0'
#18155000000
1!
1'
b0 -
00
#18160000000
0!
0'
#18165000000
1!
1'
b1 -
#18170000000
0!
0'
#18175000000
1!
1'
b10 -
#18180000000
0!
0'
#18185000000
1!
1'
b11 -
10
#18190000000
0!
0'
#18195000000
1!
1'
b0 -
00
#18200000000
0!
0'
#18205000000
1!
1'
b1 -
#18210000000
0!
0'
#18215000000
1!
1'
b10 -
#18220000000
0!
0'
#18225000000
1!
1'
b11 -
10
#18230000000
0!
0'
#18235000000
1!
1'
b0 -
00
#18240000000
0!
0'
#18245000000
1!
1'
b1 -
#18250000000
0!
0'
#18255000000
1!
1'
b10 -
#18260000000
0!
0'
#18265000000
1!
1'
b11 -
10
#18270000000
0!
0'
#18275000000
1!
1'
b0 -
00
#18280000000
0!
0'
#18285000000
1!
1'
b1 -
#18290000000
0!
0'
#18295000000
1!
1'
b10 -
#18300000000
0!
0'
#18305000000
1!
1'
b11 -
10
#18310000000
0!
0'
#18315000000
1!
1'
b0 -
00
#18320000000
0!
0'
#18325000000
1!
1'
b1 -
#18330000000
0!
0'
#18335000000
1!
1'
b10 -
#18340000000
0!
0'
#18345000000
1!
1'
b11 -
10
#18350000000
0!
0'
#18355000000
1!
1'
b0 -
00
#18360000000
0!
0'
#18365000000
1!
1'
b1 -
#18370000000
0!
0'
#18375000000
1!
1'
b10 -
#18380000000
0!
0'
#18385000000
1!
1'
b11 -
10
#18390000000
0!
0'
#18395000000
1!
1'
b0 -
00
#18400000000
0!
0'
#18405000000
1!
1'
b1 -
#18410000000
0!
0'
#18415000000
1!
1'
b10 -
#18420000000
0!
0'
#18425000000
1!
1'
b11 -
10
#18430000000
0!
0'
#18435000000
1!
1'
b0 -
00
#18440000000
0!
0'
#18445000000
1!
1'
b1 -
#18450000000
0!
0'
#18455000000
1!
1'
b10 -
#18460000000
0!
0'
#18465000000
1!
1'
b11 -
10
#18470000000
0!
0'
#18475000000
1!
1'
b0 -
00
#18480000000
0!
0'
#18485000000
1!
1'
b1 -
#18490000000
0!
0'
#18495000000
1!
1'
b10 -
#18500000000
0!
0'
#18505000000
1!
1'
b11 -
10
#18510000000
0!
0'
#18515000000
1!
1'
b0 -
00
#18520000000
0!
0'
#18525000000
1!
1'
b1 -
#18530000000
0!
0'
#18535000000
1!
1'
b10 -
#18540000000
0!
0'
#18545000000
1!
1'
b11 -
10
#18550000000
0!
0'
#18555000000
1!
1'
b0 -
00
#18560000000
0!
0'
#18565000000
1!
1'
b1 -
#18570000000
0!
0'
#18575000000
1!
1'
b10 -
#18580000000
0!
0'
#18585000000
1!
1'
b11 -
10
#18590000000
0!
0'
#18595000000
1!
1'
b0 -
00
#18600000000
0!
0'
#18605000000
1!
1'
b1 -
#18610000000
0!
0'
#18615000000
1!
1'
b10 -
#18620000000
0!
0'
#18625000000
1!
1'
b11 -
10
#18630000000
0!
0'
#18635000000
1!
1'
b0 -
00
#18640000000
0!
0'
#18645000000
1!
1'
b1 -
#18650000000
0!
0'
#18655000000
1!
1'
b10 -
#18660000000
0!
0'
#18665000000
1!
1'
b11 -
10
#18670000000
0!
0'
#18675000000
1!
1'
b0 -
00
#18680000000
0!
0'
#18685000000
1!
1'
b1 -
#18690000000
0!
0'
#18695000000
1!
1'
b10 -
#18700000000
0!
0'
#18705000000
1!
1'
b11 -
10
#18710000000
0!
0'
#18715000000
1!
1'
b0 -
00
#18720000000
0!
0'
#18725000000
1!
1'
b1 -
#18730000000
0!
0'
#18735000000
1!
1'
b10 -
#18740000000
0!
0'
#18745000000
1!
1'
b11 -
10
#18750000000
0!
0'
#18755000000
1!
1'
b0 -
00
#18760000000
0!
0'
#18765000000
1!
1'
b1 -
#18770000000
0!
0'
#18775000000
1!
1'
b10 -
#18780000000
0!
0'
#18785000000
1!
1'
b11 -
10
#18790000000
0!
0'
#18795000000
1!
1'
b0 -
00
#18800000000
0!
0'
#18805000000
1!
1'
b1 -
#18810000000
0!
0'
#18815000000
1!
1'
b10 -
#18820000000
0!
0'
#18825000000
1!
1'
b11 -
10
#18830000000
0!
0'
#18835000000
1!
1'
b0 -
00
#18840000000
0!
0'
#18845000000
1!
1'
b1 -
#18850000000
0!
0'
#18855000000
1!
1'
b10 -
#18860000000
0!
0'
#18865000000
1!
1'
b11 -
10
#18870000000
0!
0'
#18875000000
1!
1'
b0 -
00
#18880000000
0!
0'
#18885000000
1!
1'
b1 -
#18890000000
0!
0'
#18895000000
1!
1'
b10 -
#18900000000
0!
0'
#18905000000
1!
1'
b11 -
10
#18910000000
0!
0'
#18915000000
1!
1'
b0 -
00
#18920000000
0!
0'
#18925000000
1!
1'
b1 -
#18930000000
0!
0'
#18935000000
1!
1'
b10 -
#18940000000
0!
0'
#18945000000
1!
1'
b11 -
10
#18950000000
0!
0'
#18955000000
1!
1'
b0 -
00
#18960000000
0!
0'
#18965000000
1!
1'
b1 -
#18970000000
0!
0'
#18975000000
1!
1'
b10 -
#18980000000
0!
0'
#18985000000
1!
1'
b11 -
10
#18990000000
0!
0'
#18995000000
1!
1'
b0 -
00
#19000000000
0!
0'
#19005000000
1!
1'
b1 -
#19010000000
0!
0'
#19015000000
1!
1'
b10 -
#19020000000
0!
0'
#19025000000
1!
1'
b11 -
10
#19030000000
0!
0'
#19035000000
1!
1'
b0 -
00
#19040000000
0!
0'
#19045000000
1!
1'
b1 -
#19050000000
0!
0'
#19055000000
1!
1'
b10 -
#19060000000
0!
0'
#19065000000
1!
1'
b11 -
10
#19070000000
0!
0'
#19075000000
1!
1'
b0 -
00
#19080000000
0!
0'
#19085000000
1!
1'
b1 -
#19090000000
0!
0'
#19095000000
1!
1'
b10 -
#19100000000
0!
0'
#19105000000
1!
1'
b11 -
10
#19110000000
0!
0'
#19115000000
1!
1'
b0 -
00
#19120000000
0!
0'
#19125000000
1!
1'
b1 -
#19130000000
0!
0'
#19135000000
1!
1'
b10 -
#19140000000
0!
0'
#19145000000
1!
1'
b11 -
10
#19150000000
0!
0'
#19155000000
1!
1'
b0 -
00
#19160000000
0!
0'
#19165000000
1!
1'
b1 -
#19170000000
0!
0'
#19175000000
1!
1'
b10 -
#19180000000
0!
0'
#19185000000
1!
1'
b11 -
10
#19190000000
0!
0'
#19195000000
1!
1'
b0 -
00
#19200000000
0!
0'
#19205000000
1!
1'
b1 -
#19210000000
0!
0'
#19215000000
1!
1'
b10 -
#19220000000
0!
0'
#19225000000
1!
1'
b11 -
10
#19230000000
0!
0'
#19235000000
1!
1'
b0 -
00
#19240000000
0!
0'
#19245000000
1!
1'
b1 -
#19250000000
0!
0'
#19255000000
1!
1'
b10 -
#19260000000
0!
0'
#19265000000
1!
1'
b11 -
10
#19270000000
0!
0'
#19275000000
1!
1'
b0 -
00
#19280000000
0!
0'
#19285000000
1!
1'
b1 -
#19290000000
0!
0'
#19295000000
1!
1'
b10 -
#19300000000
0!
0'
#19305000000
1!
1'
b11 -
10
#19310000000
0!
0'
#19315000000
1!
1'
b0 -
00
#19320000000
0!
0'
#19325000000
1!
1'
b1 -
#19330000000
0!
0'
#19335000000
1!
1'
b10 -
#19340000000
0!
0'
#19345000000
1!
1'
b11 -
10
#19350000000
0!
0'
#19355000000
1!
1'
b0 -
00
#19360000000
0!
0'
#19365000000
1!
1'
b1 -
#19370000000
0!
0'
#19375000000
1!
1'
b10 -
#19380000000
0!
0'
#19385000000
1!
1'
b11 -
10
#19390000000
0!
0'
#19395000000
1!
1'
b0 -
00
#19400000000
0!
0'
#19405000000
1!
1'
b1 -
#19410000000
0!
0'
#19415000000
1!
1'
b10 -
#19420000000
0!
0'
#19425000000
1!
1'
b11 -
10
#19430000000
0!
0'
#19435000000
1!
1'
b0 -
00
#19440000000
0!
0'
#19445000000
1!
1'
b1 -
#19450000000
0!
0'
#19455000000
1!
1'
b10 -
#19460000000
0!
0'
#19465000000
1!
1'
b11 -
10
#19470000000
0!
0'
#19475000000
1!
1'
b0 -
00
#19480000000
0!
0'
#19485000000
1!
1'
b1 -
#19490000000
0!
0'
#19495000000
1!
1'
b10 -
#19500000000
0!
0'
#19505000000
1!
1'
b11 -
10
#19510000000
0!
0'
#19515000000
1!
1'
b0 -
00
#19520000000
0!
0'
#19525000000
1!
1'
b1 -
#19530000000
0!
0'
#19535000000
1!
1'
b10 -
#19540000000
0!
0'
#19545000000
1!
1'
b11 -
10
#19550000000
0!
0'
#19555000000
1!
1'
b0 -
00
#19560000000
0!
0'
#19565000000
1!
1'
b1 -
#19570000000
0!
0'
#19575000000
1!
1'
b10 -
#19580000000
0!
0'
#19585000000
1!
1'
b11 -
10
#19590000000
0!
0'
#19595000000
1!
1'
b0 -
00
#19600000000
0!
0'
#19605000000
1!
1'
b1 -
#19610000000
0!
0'
#19615000000
1!
1'
b10 -
#19620000000
0!
0'
#19625000000
1!
1'
b11 -
10
#19630000000
0!
0'
#19635000000
1!
1'
b0 -
00
#19640000000
0!
0'
#19645000000
1!
1'
b1 -
#19650000000
0!
0'
#19655000000
1!
1'
b10 -
#19660000000
0!
0'
#19665000000
1!
1'
b11 -
10
#19670000000
0!
0'
#19675000000
1!
1'
b0 -
00
#19680000000
0!
0'
#19685000000
1!
1'
b1 -
#19690000000
0!
0'
#19695000000
1!
1'
b10 -
#19700000000
0!
0'
#19705000000
1!
1'
b11 -
10
#19710000000
0!
0'
#19715000000
1!
1'
b0 -
00
#19720000000
0!
0'
#19725000000
1!
1'
b1 -
#19730000000
0!
0'
#19735000000
1!
1'
b10 -
#19740000000
0!
0'
#19745000000
1!
1'
b11 -
10
#19750000000
0!
0'
#19755000000
1!
1'
b0 -
00
#19760000000
0!
0'
#19765000000
1!
1'
b1 -
#19770000000
0!
0'
#19775000000
1!
1'
b10 -
#19780000000
0!
0'
#19785000000
1!
1'
b11 -
10
#19790000000
0!
0'
#19795000000
1!
1'
b0 -
00
#19800000000
0!
0'
#19805000000
1!
1'
b1 -
#19810000000
0!
0'
#19815000000
1!
1'
b10 -
#19820000000
0!
0'
#19825000000
1!
1'
b11 -
10
#19830000000
0!
0'
#19835000000
1!
1'
b0 -
00
#19840000000
0!
0'
#19845000000
1!
1'
b1 -
#19850000000
0!
0'
#19855000000
1!
1'
b10 -
#19860000000
0!
0'
#19865000000
1!
1'
b11 -
10
#19870000000
0!
0'
#19875000000
1!
1'
b0 -
00
#19880000000
0!
0'
#19885000000
1!
1'
b1 -
#19890000000
0!
0'
#19895000000
1!
1'
b10 -
#19900000000
0!
0'
#19905000000
1!
1'
b11 -
10
#19910000000
0!
0'
#19915000000
1!
1'
b0 -
00
#19920000000
0!
0'
#19925000000
1!
1'
b1 -
#19930000000
0!
0'
#19935000000
1!
1'
b10 -
#19940000000
0!
0'
#19945000000
1!
1'
b11 -
10
#19950000000
0!
0'
#19955000000
1!
1'
b0 -
00
#19960000000
0!
0'
#19965000000
1!
1'
b1 -
#19970000000
0!
0'
#19975000000
1!
1'
b10 -
#19980000000
0!
0'
#19985000000
1!
1'
b11 -
10
#19990000000
0!
0'
#19995000000
1!
1'
b0 -
00
#20000000000
0!
0'
#20005000000
1!
1'
b1 -
#20010000000
0!
0'
#20015000000
1!
1'
b10 -
#20020000000
0!
0'
#20025000000
1!
1'
b11 -
10
#20030000000
0!
0'
#20035000000
1!
1'
b0 -
00
#20040000000
0!
0'
#20045000000
1!
1'
b1 -
#20050000000
0!
0'
#20055000000
1!
1'
b10 -
#20060000000
0!
0'
#20065000000
1!
1'
b11 -
10
#20070000000
0!
0'
#20075000000
1!
1'
b0 -
00
#20080000000
0!
0'
#20085000000
1!
1'
b1 -
#20090000000
0!
0'
#20095000000
1!
1'
b10 -
#20100000000
0!
0'
#20105000000
1!
1'
b11 -
10
#20110000000
0!
0'
#20115000000
1!
1'
b0 -
00
#20120000000
0!
0'
#20125000000
1!
1'
b1 -
#20130000000
0!
0'
#20135000000
1!
1'
b10 -
#20140000000
0!
0'
#20145000000
1!
1'
b11 -
10
#20150000000
0!
0'
#20155000000
1!
1'
b0 -
00
#20160000000
0!
0'
#20165000000
1!
1'
b1 -
#20170000000
0!
0'
#20175000000
1!
1'
b10 -
#20180000000
0!
0'
#20185000000
1!
1'
b11 -
10
#20190000000
0!
0'
#20195000000
1!
1'
b0 -
00
#20200000000
0!
0'
#20205000000
1!
1'
b1 -
#20210000000
0!
0'
#20215000000
1!
1'
b10 -
#20220000000
0!
0'
#20225000000
1!
1'
b11 -
10
#20230000000
0!
0'
#20235000000
1!
1'
b0 -
00
#20240000000
0!
0'
#20245000000
1!
1'
b1 -
#20250000000
0!
0'
#20255000000
1!
1'
b10 -
#20260000000
0!
0'
#20265000000
1!
1'
b11 -
10
#20270000000
0!
0'
#20275000000
1!
1'
b0 -
00
#20280000000
0!
0'
#20285000000
1!
1'
b1 -
#20290000000
0!
0'
#20295000000
1!
1'
b10 -
#20300000000
0!
0'
#20305000000
1!
1'
b11 -
10
#20310000000
0!
0'
#20315000000
1!
1'
b0 -
00
#20320000000
0!
0'
#20325000000
1!
1'
b1 -
#20330000000
0!
0'
#20335000000
1!
1'
b10 -
#20340000000
0!
0'
#20345000000
1!
1'
b11 -
10
#20350000000
0!
0'
#20355000000
1!
1'
b0 -
00
#20360000000
0!
0'
#20365000000
1!
1'
b1 -
#20370000000
0!
0'
#20375000000
1!
1'
b10 -
#20380000000
0!
0'
#20385000000
1!
1'
b11 -
10
#20390000000
0!
0'
#20395000000
1!
1'
b0 -
00
#20400000000
0!
0'
#20405000000
1!
1'
b1 -
#20410000000
0!
0'
#20415000000
1!
1'
b10 -
#20420000000
0!
0'
#20425000000
1!
1'
b11 -
10
#20430000000
0!
0'
#20435000000
1!
1'
b0 -
00
#20440000000
0!
0'
#20445000000
1!
1'
b1 -
#20450000000
0!
0'
#20455000000
1!
1'
b10 -
#20460000000
0!
0'
#20465000000
1!
1'
b11 -
10
#20470000000
0!
0'
#20475000000
1!
1'
b0 -
00
#20480000000
0!
0'
#20485000000
1!
1'
b1 -
#20490000000
0!
0'
#20495000000
1!
1'
b10 -
#20500000000
0!
0'
#20505000000
1!
1'
b11 -
10
#20510000000
0!
0'
#20515000000
1!
1'
b0 -
00
#20520000000
0!
0'
#20525000000
1!
1'
b1 -
#20530000000
0!
0'
#20535000000
1!
1'
b10 -
#20540000000
0!
0'
#20545000000
1!
1'
b11 -
10
#20550000000
0!
0'
#20555000000
1!
1'
b0 -
00
#20560000000
0!
0'
#20565000000
1!
1'
b1 -
#20570000000
0!
0'
#20575000000
1!
1'
b10 -
#20580000000
0!
0'
#20585000000
1!
1'
b11 -
10
#20590000000
0!
0'
#20595000000
1!
1'
b0 -
00
#20600000000
0!
0'
#20605000000
1!
1'
b1 -
#20610000000
0!
0'
#20615000000
1!
1'
b10 -
#20620000000
0!
0'
#20625000000
1!
1'
b11 -
10
#20630000000
0!
0'
#20635000000
1!
1'
b0 -
00
#20640000000
0!
0'
#20645000000
1!
1'
b1 -
#20650000000
0!
0'
#20655000000
1!
1'
b10 -
#20660000000
0!
0'
#20665000000
1!
1'
b11 -
10
#20670000000
0!
0'
#20675000000
1!
1'
b0 -
00
#20680000000
0!
0'
#20685000000
1!
1'
b1 -
#20690000000
0!
0'
#20695000000
1!
1'
b10 -
#20700000000
0!
0'
#20705000000
1!
1'
b11 -
10
#20710000000
0!
0'
#20715000000
1!
1'
b0 -
00
#20720000000
0!
0'
#20725000000
1!
1'
b1 -
#20730000000
0!
0'
#20735000000
1!
1'
b10 -
#20740000000
0!
0'
#20745000000
1!
1'
b11 -
10
#20750000000
0!
0'
#20755000000
1!
1'
b0 -
00
#20760000000
0!
0'
#20765000000
1!
1'
b1 -
#20770000000
0!
0'
#20775000000
1!
1'
b10 -
#20780000000
0!
0'
#20785000000
1!
1'
b11 -
10
#20790000000
0!
0'
#20795000000
1!
1'
b0 -
00
#20800000000
0!
0'
#20805000000
1!
1'
b1 -
#20810000000
0!
0'
#20815000000
1!
1'
b10 -
#20820000000
0!
0'
#20825000000
1!
1'
b11 -
10
#20830000000
0!
0'
#20835000000
1!
1'
b0 -
00
#20840000000
0!
0'
#20845000000
1!
1'
b1 -
#20850000000
0!
0'
#20855000000
1!
1'
b10 -
#20860000000
0!
0'
#20865000000
1!
1'
b11 -
10
#20870000000
0!
0'
#20875000000
1!
1'
b0 -
00
#20880000000
0!
0'
#20885000000
1!
1'
b1 -
#20890000000
0!
0'
#20895000000
1!
1'
b10 -
#20900000000
0!
0'
#20905000000
1!
1'
b11 -
10
#20910000000
0!
0'
#20915000000
1!
1'
b0 -
00
#20920000000
0!
0'
#20925000000
1!
1'
b1 -
#20930000000
0!
0'
#20935000000
1!
1'
b10 -
#20940000000
0!
0'
#20945000000
1!
1'
b11 -
10
#20950000000
0!
0'
#20955000000
1!
1'
b0 -
00
#20960000000
0!
0'
#20965000000
1!
1'
b1 -
#20970000000
0!
0'
#20975000000
1!
1'
b10 -
#20980000000
0!
0'
#20985000000
1!
1'
b11 -
10
#20990000000
0!
0'
#20995000000
1!
1'
b0 -
00
#21000000000
0!
0'
#21005000000
1!
1'
b1 -
#21010000000
0!
0'
#21015000000
1!
1'
b10 -
#21020000000
0!
0'
#21025000000
1!
1'
b11 -
10
#21030000000
0!
0'
#21035000000
1!
1'
b0 -
00
#21040000000
0!
0'
#21045000000
1!
1'
b1 -
#21050000000
0!
0'
#21055000000
1!
1'
b10 -
#21060000000
0!
0'
#21065000000
1!
1'
b11 -
10
#21070000000
0!
0'
#21075000000
1!
1'
b0 -
00
#21080000000
0!
0'
#21085000000
1!
1'
b1 -
#21090000000
0!
0'
#21095000000
1!
1'
b10 -
#21100000000
0!
0'
#21105000000
1!
1'
b11 -
10
#21110000000
0!
0'
#21115000000
1!
1'
b0 -
00
#21120000000
0!
0'
#21125000000
1!
1'
b1 -
#21130000000
0!
0'
#21135000000
1!
1'
b10 -
#21140000000
0!
0'
#21145000000
1!
1'
b11 -
10
#21150000000
0!
0'
#21155000000
1!
1'
b0 -
00
#21160000000
0!
0'
#21165000000
1!
1'
b1 -
#21170000000
0!
0'
#21175000000
1!
1'
b10 -
#21180000000
0!
0'
#21185000000
1!
1'
b11 -
10
#21190000000
0!
0'
#21195000000
1!
1'
b0 -
00
#21200000000
0!
0'
#21205000000
1!
1'
b1 -
#21210000000
0!
0'
#21215000000
1!
1'
b10 -
#21220000000
0!
0'
#21225000000
1!
1'
b11 -
10
#21230000000
0!
0'
#21235000000
1!
1'
b0 -
00
#21240000000
0!
0'
#21245000000
1!
1'
b1 -
#21250000000
0!
0'
#21255000000
1!
1'
b10 -
#21260000000
0!
0'
#21265000000
1!
1'
b11 -
10
#21270000000
0!
0'
#21275000000
1!
1'
b0 -
00
#21280000000
0!
0'
#21285000000
1!
1'
b1 -
#21290000000
0!
0'
#21295000000
1!
1'
b10 -
#21300000000
0!
0'
#21305000000
1!
1'
b11 -
10
#21310000000
0!
0'
#21315000000
1!
1'
b0 -
00
#21320000000
0!
0'
#21325000000
1!
1'
b1 -
#21330000000
0!
0'
#21335000000
1!
1'
b10 -
#21340000000
0!
0'
#21345000000
1!
1'
b11 -
10
#21350000000
0!
0'
#21355000000
1!
1'
b0 -
00
#21360000000
0!
0'
#21365000000
1!
1'
b1 -
#21370000000
0!
0'
#21375000000
1!
1'
b10 -
#21380000000
0!
0'
#21385000000
1!
1'
b11 -
10
#21390000000
0!
0'
#21395000000
1!
1'
b0 -
00
#21400000000
0!
0'
#21405000000
1!
1'
b1 -
#21410000000
0!
0'
#21415000000
1!
1'
b10 -
#21420000000
0!
0'
#21425000000
1!
1'
b11 -
10
#21430000000
0!
0'
#21435000000
1!
1'
b0 -
00
#21440000000
0!
0'
#21445000000
1!
1'
b1 -
#21450000000
0!
0'
#21455000000
1!
1'
b10 -
#21460000000
0!
0'
#21465000000
1!
1'
b11 -
10
#21470000000
0!
0'
#21475000000
1!
1'
b0 -
00
#21480000000
0!
0'
#21485000000
1!
1'
b1 -
#21490000000
0!
0'
#21495000000
1!
1'
b10 -
#21500000000
0!
0'
#21505000000
1!
1'
b11 -
10
#21510000000
0!
0'
#21515000000
1!
1'
b0 -
00
#21520000000
0!
0'
#21525000000
1!
1'
b1 -
#21530000000
0!
0'
#21535000000
1!
1'
b10 -
#21540000000
0!
0'
#21545000000
1!
1'
b11 -
10
#21550000000
0!
0'
#21555000000
1!
1'
b0 -
00
#21560000000
0!
0'
#21565000000
1!
1'
b1 -
#21570000000
0!
0'
#21575000000
1!
1'
b10 -
#21580000000
0!
0'
#21585000000
1!
1'
b11 -
10
#21590000000
0!
0'
#21595000000
1!
1'
b0 -
00
#21600000000
0!
0'
#21605000000
1!
1'
b1 -
#21610000000
0!
0'
#21615000000
1!
1'
b10 -
#21620000000
0!
0'
#21625000000
1!
1'
b11 -
10
#21630000000
0!
0'
#21635000000
1!
1'
b0 -
00
#21640000000
0!
0'
#21645000000
1!
1'
b1 -
#21650000000
0!
0'
#21655000000
1!
1'
b10 -
#21660000000
0!
0'
#21665000000
1!
1'
b11 -
10
#21670000000
0!
0'
#21675000000
1!
1'
b0 -
00
#21680000000
0!
0'
#21685000000
1!
1'
b1 -
#21690000000
0!
0'
#21695000000
1!
1'
b10 -
#21700000000
0!
0'
#21705000000
1!
1'
b11 -
10
#21710000000
0!
0'
#21715000000
1!
1'
b0 -
00
#21720000000
0!
0'
#21725000000
1!
1'
b1 -
#21730000000
0!
0'
#21735000000
1!
1'
b10 -
#21740000000
0!
0'
#21745000000
1!
1'
b11 -
10
#21750000000
0!
0'
#21755000000
1!
1'
b0 -
00
#21760000000
0!
0'
#21765000000
1!
1'
b1 -
#21770000000
0!
0'
#21775000000
1!
1'
b10 -
#21780000000
0!
0'
#21785000000
1!
1'
b11 -
10
#21790000000
0!
0'
#21795000000
1!
1'
b0 -
00
#21800000000
0!
0'
#21805000000
1!
1'
b1 -
#21810000000
0!
0'
#21815000000
1!
1'
b10 -
#21820000000
0!
0'
#21825000000
1!
1'
b11 -
10
#21830000000
0!
0'
#21835000000
1!
1'
b0 -
00
#21840000000
0!
0'
#21845000000
1!
1'
b1 -
#21850000000
0!
0'
#21855000000
1!
1'
b10 -
#21860000000
0!
0'
#21865000000
1!
1'
b11 -
10
#21870000000
0!
0'
#21875000000
1!
1'
b0 -
00
#21880000000
0!
0'
#21885000000
1!
1'
b1 -
#21890000000
0!
0'
#21895000000
1!
1'
b10 -
#21900000000
0!
0'
#21905000000
1!
1'
b11 -
10
#21910000000
0!
0'
#21915000000
1!
1'
b0 -
00
#21920000000
0!
0'
#21925000000
1!
1'
b1 -
#21930000000
0!
0'
#21935000000
1!
1'
b10 -
#21940000000
0!
0'
#21945000000
1!
1'
b11 -
10
#21950000000
0!
0'
#21955000000
1!
1'
b0 -
00
#21960000000
0!
0'
#21965000000
1!
1'
b1 -
#21970000000
0!
0'
#21975000000
1!
1'
b10 -
#21980000000
0!
0'
#21985000000
1!
1'
b11 -
10
#21990000000
0!
0'
#21995000000
1!
1'
b0 -
00
#22000000000
0!
0'
#22005000000
1!
1'
b1 -
#22010000000
0!
0'
#22015000000
1!
1'
b10 -
#22020000000
0!
0'
#22025000000
1!
1'
b11 -
10
#22030000000
0!
0'
#22035000000
1!
1'
b0 -
00
#22040000000
0!
0'
#22045000000
1!
1'
b1 -
#22050000000
0!
0'
#22055000000
1!
1'
b10 -
#22060000000
0!
0'
#22065000000
1!
1'
b11 -
10
#22070000000
0!
0'
#22075000000
1!
1'
b0 -
00
#22080000000
0!
0'
#22085000000
1!
1'
b1 -
#22090000000
0!
0'
#22095000000
1!
1'
b10 -
#22100000000
0!
0'
#22105000000
1!
1'
b11 -
10
#22110000000
0!
0'
#22115000000
1!
1'
b0 -
00
#22120000000
0!
0'
#22125000000
1!
1'
b1 -
#22130000000
0!
0'
#22135000000
1!
1'
b10 -
#22140000000
0!
0'
#22145000000
1!
1'
b11 -
10
#22150000000
0!
0'
#22155000000
1!
1'
b0 -
00
#22160000000
0!
0'
#22165000000
1!
1'
b1 -
#22170000000
0!
0'
#22175000000
1!
1'
b10 -
#22180000000
0!
0'
#22185000000
1!
1'
b11 -
10
#22190000000
0!
0'
#22195000000
1!
1'
b0 -
00
#22200000000
0!
0'
#22205000000
1!
1'
b1 -
#22210000000
0!
0'
#22215000000
1!
1'
b10 -
#22220000000
0!
0'
#22225000000
1!
1'
b11 -
10
#22230000000
0!
0'
#22235000000
1!
1'
b0 -
00
#22240000000
0!
0'
#22245000000
1!
1'
b1 -
#22250000000
0!
0'
#22255000000
1!
1'
b10 -
#22260000000
0!
0'
#22265000000
1!
1'
b11 -
10
#22270000000
0!
0'
#22275000000
1!
1'
b0 -
00
#22280000000
0!
0'
#22285000000
1!
1'
b1 -
#22290000000
0!
0'
#22295000000
1!
1'
b10 -
#22300000000
0!
0'
#22305000000
1!
1'
b11 -
10
#22310000000
0!
0'
#22315000000
1!
1'
b0 -
00
#22320000000
0!
0'
#22325000000
1!
1'
b1 -
#22330000000
0!
0'
#22335000000
1!
1'
b10 -
#22340000000
0!
0'
#22345000000
1!
1'
b11 -
10
#22350000000
0!
0'
#22355000000
1!
1'
b0 -
00
#22360000000
0!
0'
#22365000000
1!
1'
b1 -
#22370000000
0!
0'
#22375000000
1!
1'
b10 -
#22380000000
0!
0'
#22385000000
1!
1'
b11 -
10
#22390000000
0!
0'
#22395000000
1!
1'
b0 -
00
#22400000000
0!
0'
#22405000000
1!
1'
b1 -
#22410000000
0!
0'
#22415000000
1!
1'
b10 -
#22420000000
0!
0'
#22425000000
1!
1'
b11 -
10
#22430000000
0!
0'
#22435000000
1!
1'
b0 -
00
#22440000000
0!
0'
#22445000000
1!
1'
b1 -
#22450000000
0!
0'
#22455000000
1!
1'
b10 -
#22460000000
0!
0'
#22465000000
1!
1'
b11 -
10
#22470000000
0!
0'
#22475000000
1!
1'
b0 -
00
#22480000000
0!
0'
#22485000000
1!
1'
b1 -
#22490000000
0!
0'
#22495000000
1!
1'
b10 -
#22500000000
0!
0'
#22505000000
1!
1'
b11 -
10
#22510000000
0!
0'
#22515000000
1!
1'
b0 -
00
#22520000000
0!
0'
#22525000000
1!
1'
b1 -
#22530000000
0!
0'
#22535000000
1!
1'
b10 -
#22540000000
0!
0'
#22545000000
1!
1'
b11 -
10
#22550000000
0!
0'
#22555000000
1!
1'
b0 -
00
#22560000000
0!
0'
#22565000000
1!
1'
b1 -
#22570000000
0!
0'
#22575000000
1!
1'
b10 -
#22580000000
0!
0'
#22585000000
1!
1'
b11 -
10
#22590000000
0!
0'
#22595000000
1!
1'
b0 -
00
#22600000000
0!
0'
#22605000000
1!
1'
b1 -
#22610000000
0!
0'
#22615000000
1!
1'
b10 -
#22620000000
0!
0'
#22625000000
1!
1'
b11 -
10
#22630000000
0!
0'
#22635000000
1!
1'
b0 -
00
#22640000000
0!
0'
#22645000000
1!
1'
b1 -
#22650000000
0!
0'
#22655000000
1!
1'
b10 -
#22660000000
0!
0'
#22665000000
1!
1'
b11 -
10
#22670000000
0!
0'
#22675000000
1!
1'
b0 -
00
#22680000000
0!
0'
#22685000000
1!
1'
b1 -
#22690000000
0!
0'
#22695000000
1!
1'
b10 -
#22700000000
0!
0'
#22705000000
1!
1'
b11 -
10
#22710000000
0!
0'
#22715000000
1!
1'
b0 -
00
#22720000000
0!
0'
#22725000000
1!
1'
b1 -
#22730000000
0!
0'
#22735000000
1!
1'
b10 -
#22740000000
0!
0'
#22745000000
1!
1'
b11 -
10
#22750000000
0!
0'
#22755000000
1!
1'
b0 -
00
#22760000000
0!
0'
#22765000000
1!
1'
b1 -
#22770000000
0!
0'
#22775000000
1!
1'
b10 -
#22780000000
0!
0'
#22785000000
1!
1'
b11 -
10
#22790000000
0!
0'
#22795000000
1!
1'
b0 -
00
#22800000000
0!
0'
#22805000000
1!
1'
b1 -
#22810000000
0!
0'
#22815000000
1!
1'
b10 -
#22820000000
0!
0'
#22825000000
1!
1'
b11 -
10
#22830000000
0!
0'
#22835000000
1!
1'
b0 -
00
#22840000000
0!
0'
#22845000000
1!
1'
b1 -
#22850000000
0!
0'
#22855000000
1!
1'
b10 -
#22860000000
0!
0'
#22865000000
1!
1'
b11 -
10
#22870000000
0!
0'
#22875000000
1!
1'
b0 -
00
#22880000000
0!
0'
#22885000000
1!
1'
b1 -
#22890000000
0!
0'
#22895000000
1!
1'
b10 -
#22900000000
0!
0'
#22905000000
1!
1'
b11 -
10
#22910000000
0!
0'
#22915000000
1!
1'
b0 -
00
#22920000000
0!
0'
#22925000000
1!
1'
b1 -
#22930000000
0!
0'
#22935000000
1!
1'
b10 -
#22940000000
0!
0'
#22945000000
1!
1'
b11 -
10
#22950000000
0!
0'
#22955000000
1!
1'
b0 -
00
#22960000000
0!
0'
#22965000000
1!
1'
b1 -
#22970000000
0!
0'
#22975000000
1!
1'
b10 -
#22980000000
0!
0'
#22985000000
1!
1'
b11 -
10
#22990000000
0!
0'
#22995000000
1!
1'
b0 -
00
#23000000000
0!
0'
#23005000000
1!
1'
b1 -
#23010000000
0!
0'
#23015000000
1!
1'
b10 -
#23020000000
0!
0'
#23025000000
1!
1'
b11 -
10
#23030000000
0!
0'
#23035000000
1!
1'
b0 -
00
#23040000000
0!
0'
#23045000000
1!
1'
b1 -
#23050000000
0!
0'
#23055000000
1!
1'
b10 -
#23060000000
0!
0'
#23065000000
1!
1'
b11 -
10
#23070000000
0!
0'
#23075000000
1!
1'
b0 -
00
#23080000000
0!
0'
#23085000000
1!
1'
b1 -
#23090000000
0!
0'
#23095000000
1!
1'
b10 -
#23100000000
0!
0'
#23105000000
1!
1'
b11 -
10
#23110000000
0!
0'
#23115000000
1!
1'
b0 -
00
#23120000000
0!
0'
#23125000000
1!
1'
b1 -
#23130000000
0!
0'
#23135000000
1!
1'
b10 -
#23140000000
0!
0'
#23145000000
1!
1'
b11 -
10
#23150000000
0!
0'
#23155000000
1!
1'
b0 -
00
#23160000000
0!
0'
#23165000000
1!
1'
b1 -
#23170000000
0!
0'
#23175000000
1!
1'
b10 -
#23180000000
0!
0'
#23185000000
1!
1'
b11 -
10
#23190000000
0!
0'
#23195000000
1!
1'
b0 -
00
#23200000000
0!
0'
#23205000000
1!
1'
b1 -
#23210000000
0!
0'
#23215000000
1!
1'
b10 -
#23220000000
0!
0'
#23225000000
1!
1'
b11 -
10
#23230000000
0!
0'
#23235000000
1!
1'
b0 -
00
#23240000000
0!
0'
#23245000000
1!
1'
b1 -
#23250000000
0!
0'
#23255000000
1!
1'
b10 -
#23260000000
0!
0'
#23265000000
1!
1'
b11 -
10
#23270000000
0!
0'
#23275000000
1!
1'
b0 -
00
#23280000000
0!
0'
#23285000000
1!
1'
b1 -
#23290000000
0!
0'
#23295000000
1!
1'
b10 -
#23300000000
0!
0'
#23305000000
1!
1'
b11 -
10
#23310000000
0!
0'
#23315000000
1!
1'
b0 -
00
#23320000000
0!
0'
#23325000000
1!
1'
b1 -
#23330000000
0!
0'
#23335000000
1!
1'
b10 -
#23340000000
0!
0'
#23345000000
1!
1'
b11 -
10
#23350000000
0!
0'
#23355000000
1!
1'
b0 -
00
#23360000000
0!
0'
#23365000000
1!
1'
b1 -
#23370000000
0!
0'
#23375000000
1!
1'
b10 -
#23380000000
0!
0'
#23385000000
1!
1'
b11 -
10
#23390000000
0!
0'
#23395000000
1!
1'
b0 -
00
#23400000000
0!
0'
#23405000000
1!
1'
b1 -
#23410000000
0!
0'
#23415000000
1!
1'
b10 -
#23420000000
0!
0'
#23425000000
1!
1'
b11 -
10
#23430000000
0!
0'
#23435000000
1!
1'
b0 -
00
#23440000000
0!
0'
#23445000000
1!
1'
b1 -
#23450000000
0!
0'
#23455000000
1!
1'
b10 -
#23460000000
0!
0'
#23465000000
1!
1'
b11 -
10
#23470000000
0!
0'
#23475000000
1!
1'
b0 -
00
#23480000000
0!
0'
#23485000000
1!
1'
b1 -
#23490000000
0!
0'
#23495000000
1!
1'
b10 -
#23500000000
0!
0'
#23505000000
1!
1'
b11 -
10
#23510000000
0!
0'
#23515000000
1!
1'
b0 -
00
#23520000000
0!
0'
#23525000000
1!
1'
b1 -
#23530000000
0!
0'
#23535000000
1!
1'
b10 -
#23540000000
0!
0'
#23545000000
1!
1'
b11 -
10
#23550000000
0!
0'
#23555000000
1!
1'
b0 -
00
#23560000000
0!
0'
#23565000000
1!
1'
b1 -
#23570000000
0!
0'
#23575000000
1!
1'
b10 -
#23580000000
0!
0'
#23585000000
1!
1'
b11 -
10
#23590000000
0!
0'
#23595000000
1!
1'
b0 -
00
#23600000000
0!
0'
#23605000000
1!
1'
b1 -
#23610000000
0!
0'
#23615000000
1!
1'
b10 -
#23620000000
0!
0'
#23625000000
1!
1'
b11 -
10
#23630000000
0!
0'
#23635000000
1!
1'
b0 -
00
#23640000000
0!
0'
#23645000000
1!
1'
b1 -
#23650000000
0!
0'
#23655000000
1!
1'
b10 -
#23660000000
0!
0'
#23665000000
1!
1'
b11 -
10
#23670000000
0!
0'
#23675000000
1!
1'
b0 -
00
#23680000000
0!
0'
#23685000000
1!
1'
b1 -
#23690000000
0!
0'
#23695000000
1!
1'
b10 -
#23700000000
0!
0'
#23705000000
1!
1'
b11 -
10
#23710000000
0!
0'
#23715000000
1!
1'
b0 -
00
#23720000000
0!
0'
#23725000000
1!
1'
b1 -
#23730000000
0!
0'
#23735000000
1!
1'
b10 -
#23740000000
0!
0'
#23745000000
1!
1'
b11 -
10
#23750000000
0!
0'
#23755000000
1!
1'
b0 -
00
#23760000000
0!
0'
#23765000000
1!
1'
b1 -
#23770000000
0!
0'
#23775000000
1!
1'
b10 -
#23780000000
0!
0'
#23785000000
1!
1'
b11 -
10
#23790000000
0!
0'
#23795000000
1!
1'
b0 -
00
#23800000000
0!
0'
#23805000000
1!
1'
b1 -
#23810000000
0!
0'
#23815000000
1!
1'
b10 -
#23820000000
0!
0'
#23825000000
1!
1'
b11 -
10
#23830000000
0!
0'
#23835000000
1!
1'
b0 -
00
#23840000000
0!
0'
#23845000000
1!
1'
b1 -
#23850000000
0!
0'
#23855000000
1!
1'
b10 -
#23860000000
0!
0'
#23865000000
1!
1'
b11 -
10
#23870000000
0!
0'
#23875000000
1!
1'
b0 -
00
#23880000000
0!
0'
#23885000000
1!
1'
b1 -
#23890000000
0!
0'
#23895000000
1!
1'
b10 -
#23900000000
0!
0'
#23905000000
1!
1'
b11 -
10
#23910000000
0!
0'
#23915000000
1!
1'
b0 -
00
#23920000000
0!
0'
#23925000000
1!
1'
b1 -
#23930000000
0!
0'
#23935000000
1!
1'
b10 -
#23940000000
0!
0'
#23945000000
1!
1'
b11 -
10
#23950000000
0!
0'
#23955000000
1!
1'
b0 -
00
#23960000000
0!
0'
#23965000000
1!
1'
b1 -
#23970000000
0!
0'
#23975000000
1!
1'
b10 -
#23980000000
0!
0'
#23985000000
1!
1'
b11 -
10
#23990000000
0!
0'
#23995000000
1!
1'
b0 -
00
#24000000000
0!
0'
#24005000000
1!
1'
b1 -
#24010000000
0!
0'
#24015000000
1!
1'
b10 -
#24020000000
0!
0'
#24025000000
1!
1'
b11 -
10
#24030000000
0!
0'
#24035000000
1!
1'
b0 -
00
#24040000000
0!
0'
#24045000000
1!
1'
b1 -
#24050000000
0!
0'
#24055000000
1!
1'
b10 -
#24060000000
0!
0'
#24065000000
1!
1'
b11 -
10
#24070000000
0!
0'
#24075000000
1!
1'
b0 -
00
#24080000000
0!
0'
#24085000000
1!
1'
b1 -
#24090000000
0!
0'
#24095000000
1!
1'
b10 -
#24100000000
0!
0'
#24105000000
1!
1'
b11 -
10
#24110000000
0!
0'
#24115000000
1!
1'
b0 -
00
#24120000000
0!
0'
#24125000000
1!
1'
b1 -
#24130000000
0!
0'
#24135000000
1!
1'
b10 -
#24140000000
0!
0'
#24145000000
1!
1'
b11 -
10
#24150000000
0!
0'
#24155000000
1!
1'
b0 -
00
#24160000000
0!
0'
#24165000000
1!
1'
b1 -
#24170000000
0!
0'
#24175000000
1!
1'
b10 -
#24180000000
0!
0'
#24185000000
1!
1'
b11 -
10
#24190000000
0!
0'
#24195000000
1!
1'
b0 -
00
#24200000000
0!
0'
#24205000000
1!
1'
b1 -
#24210000000
0!
0'
#24215000000
1!
1'
b10 -
#24220000000
0!
0'
#24225000000
1!
1'
b11 -
10
#24230000000
0!
0'
#24235000000
1!
1'
b0 -
00
#24240000000
0!
0'
#24245000000
1!
1'
b1 -
#24250000000
0!
0'
#24255000000
1!
1'
b10 -
#24260000000
0!
0'
#24265000000
1!
1'
b11 -
10
#24270000000
0!
0'
#24275000000
1!
1'
b0 -
00
#24280000000
0!
0'
#24285000000
1!
1'
b1 -
#24290000000
0!
0'
#24295000000
1!
1'
b10 -
#24300000000
0!
0'
#24305000000
1!
1'
b11 -
10
#24310000000
0!
0'
#24315000000
1!
1'
b0 -
00
#24320000000
0!
0'
#24325000000
1!
1'
b1 -
#24330000000
0!
0'
#24335000000
1!
1'
b10 -
#24340000000
0!
0'
#24345000000
1!
1'
b11 -
10
#24350000000
0!
0'
#24355000000
1!
1'
b0 -
00
#24360000000
0!
0'
#24365000000
1!
1'
b1 -
#24370000000
0!
0'
#24375000000
1!
1'
b10 -
#24380000000
0!
0'
#24385000000
1!
1'
b11 -
10
#24390000000
0!
0'
#24395000000
1!
1'
b0 -
00
#24400000000
0!
0'
#24405000000
1!
1'
b1 -
#24410000000
0!
0'
#24415000000
1!
1'
b10 -
#24420000000
0!
0'
#24425000000
1!
1'
b11 -
10
#24430000000
0!
0'
#24435000000
1!
1'
b0 -
00
#24440000000
0!
0'
#24445000000
1!
1'
b1 -
#24450000000
0!
0'
#24455000000
1!
1'
b10 -
#24460000000
0!
0'
#24465000000
1!
1'
b11 -
10
#24470000000
0!
0'
#24475000000
1!
1'
b0 -
00
#24480000000
0!
0'
#24485000000
1!
1'
b1 -
#24490000000
0!
0'
#24495000000
1!
1'
b10 -
#24500000000
0!
0'
#24505000000
1!
1'
b11 -
10
#24510000000
0!
0'
#24515000000
1!
1'
b0 -
00
#24520000000
0!
0'
#24525000000
1!
1'
b1 -
#24530000000
0!
0'
#24535000000
1!
1'
b10 -
#24540000000
0!
0'
#24545000000
1!
1'
b11 -
10
#24550000000
0!
0'
#24555000000
1!
1'
b0 -
00
#24560000000
0!
0'
#24565000000
1!
1'
b1 -
#24570000000
0!
0'
#24575000000
1!
1'
b10 -
#24580000000
0!
0'
#24585000000
1!
1'
b11 -
10
#24590000000
0!
0'
#24595000000
1!
1'
b0 -
00
#24600000000
0!
0'
#24605000000
1!
1'
b1 -
#24610000000
0!
0'
#24615000000
1!
1'
b10 -
#24620000000
0!
0'
#24625000000
1!
1'
b11 -
10
#24630000000
0!
0'
#24635000000
1!
1'
b0 -
00
#24640000000
0!
0'
#24645000000
1!
1'
b1 -
#24650000000
0!
0'
#24655000000
1!
1'
b10 -
#24660000000
0!
0'
#24665000000
1!
1'
b11 -
10
#24670000000
0!
0'
#24675000000
1!
1'
b0 -
00
#24680000000
0!
0'
#24685000000
1!
1'
b1 -
#24690000000
0!
0'
#24695000000
1!
1'
b10 -
#24700000000
0!
0'
#24705000000
1!
1'
b11 -
10
#24710000000
0!
0'
#24715000000
1!
1'
b0 -
00
#24720000000
0!
0'
#24725000000
1!
1'
b1 -
#24730000000
0!
0'
#24735000000
1!
1'
b10 -
#24740000000
0!
0'
#24745000000
1!
1'
b11 -
10
#24750000000
0!
0'
#24755000000
1!
1'
b0 -
00
#24760000000
0!
0'
#24765000000
1!
1'
b1 -
#24770000000
0!
0'
#24775000000
1!
1'
b10 -
#24780000000
0!
0'
#24785000000
1!
1'
b11 -
10
#24790000000
0!
0'
#24795000000
1!
1'
b0 -
00
#24800000000
0!
0'
#24805000000
1!
1'
b1 -
#24810000000
0!
0'
#24815000000
1!
1'
b10 -
#24820000000
0!
0'
#24825000000
1!
1'
b11 -
10
#24830000000
0!
0'
#24835000000
1!
1'
b0 -
00
#24840000000
0!
0'
#24845000000
1!
1'
b1 -
#24850000000
0!
0'
#24855000000
1!
1'
b10 -
#24860000000
0!
0'
#24865000000
1!
1'
b11 -
10
#24870000000
0!
0'
#24875000000
1!
1'
b0 -
00
#24880000000
0!
0'
#24885000000
1!
1'
b1 -
#24890000000
0!
0'
#24895000000
1!
1'
b10 -
#24900000000
0!
0'
#24905000000
1!
1'
b11 -
10
#24910000000
0!
0'
#24915000000
1!
1'
b0 -
00
#24920000000
0!
0'
#24925000000
1!
1'
b1 -
#24930000000
0!
0'
#24935000000
1!
1'
b10 -
#24940000000
0!
0'
#24945000000
1!
1'
b11 -
10
#24950000000
0!
0'
#24955000000
1!
1'
b0 -
00
#24960000000
0!
0'
#24965000000
1!
1'
b1 -
#24970000000
0!
0'
#24975000000
1!
1'
b10 -
#24980000000
0!
0'
#24985000000
1!
1'
b11 -
10
#24990000000
0!
0'
#24995000000
1!
1'
b0 -
00
#25000000000
0!
0'
#25005000000
1!
1'
b1 -
#25010000000
0!
0'
#25015000000
1!
1'
b10 -
#25020000000
0!
0'
#25025000000
1!
1'
b11 -
10
#25030000000
0!
0'
#25035000000
1!
1'
b0 -
00
#25040000000
0!
0'
#25045000000
1!
1'
b1 -
#25050000000
0!
0'
#25055000000
1!
1'
b10 -
#25060000000
0!
0'
#25065000000
1!
1'
b11 -
10
#25070000000
0!
0'
#25075000000
1!
1'
b0 -
00
#25080000000
0!
0'
#25085000000
1!
1'
b1 -
#25090000000
0!
0'
#25095000000
1!
1'
b10 -
#25100000000
0!
0'
#25105000000
1!
1'
b11 -
10
#25110000000
0!
0'
#25115000000
1!
1'
b0 -
00
#25120000000
0!
0'
#25125000000
1!
1'
b1 -
#25130000000
0!
0'
#25135000000
1!
1'
b10 -
#25140000000
0!
0'
#25145000000
1!
1'
b11 -
10
#25150000000
0!
0'
#25155000000
1!
1'
b0 -
00
#25160000000
0!
0'
#25165000000
1!
1'
b1 -
#25170000000
0!
0'
#25175000000
1!
1'
b10 -
#25180000000
0!
0'
#25185000000
1!
1'
b11 -
10
#25190000000
0!
0'
#25195000000
1!
1'
b0 -
00
#25200000000
0!
0'
#25205000000
1!
1'
b1 -
#25210000000
0!
0'
#25215000000
1!
1'
b10 -
#25220000000
0!
0'
#25225000000
1!
1'
b11 -
10
#25230000000
0!
0'
#25235000000
1!
1'
b0 -
00
#25240000000
0!
0'
#25245000000
1!
1'
b1 -
#25250000000
0!
0'
#25255000000
1!
1'
b10 -
#25260000000
0!
0'
#25265000000
1!
1'
b11 -
10
#25270000000
0!
0'
#25275000000
1!
1'
b0 -
00
#25280000000
0!
0'
#25285000000
1!
1'
b1 -
#25290000000
0!
0'
#25295000000
1!
1'
b10 -
#25300000000
0!
0'
#25305000000
1!
1'
b11 -
10
#25310000000
0!
0'
#25315000000
1!
1'
b0 -
00
#25320000000
0!
0'
#25325000000
1!
1'
b1 -
#25330000000
0!
0'
#25335000000
1!
1'
b10 -
#25340000000
0!
0'
#25345000000
1!
1'
b11 -
10
#25350000000
0!
0'
#25355000000
1!
1'
b0 -
00
#25360000000
0!
0'
#25365000000
1!
1'
b1 -
#25370000000
0!
0'
#25375000000
1!
1'
b10 -
#25380000000
0!
0'
#25385000000
1!
1'
b11 -
10
#25390000000
0!
0'
#25395000000
1!
1'
b0 -
00
#25400000000
0!
0'
#25405000000
1!
1'
b1 -
#25410000000
0!
0'
#25415000000
1!
1'
b10 -
#25420000000
0!
0'
#25425000000
1!
1'
b11 -
10
#25430000000
0!
0'
#25435000000
1!
1'
b0 -
00
#25440000000
0!
0'
#25445000000
1!
1'
b1 -
#25450000000
0!
0'
#25455000000
1!
1'
b10 -
#25460000000
0!
0'
#25465000000
1!
1'
b11 -
10
#25470000000
0!
0'
#25475000000
1!
1'
b0 -
00
#25480000000
0!
0'
#25485000000
1!
1'
b1 -
#25490000000
0!
0'
#25495000000
1!
1'
b10 -
#25500000000
0!
0'
#25505000000
1!
1'
b11 -
10
#25510000000
0!
0'
#25515000000
1!
1'
b0 -
00
#25520000000
0!
0'
#25525000000
1!
1'
b1 -
#25530000000
0!
0'
#25535000000
1!
1'
b10 -
#25540000000
0!
0'
#25545000000
1!
1'
b11 -
10
#25550000000
0!
0'
#25555000000
1!
1'
b0 -
00
#25560000000
0!
0'
#25565000000
1!
1'
b1 -
#25570000000
0!
0'
#25575000000
1!
1'
b10 -
#25580000000
0!
0'
#25585000000
1!
1'
b11 -
10
#25590000000
0!
0'
#25595000000
1!
1'
b0 -
00
#25600000000
0!
0'
#25605000000
1!
1'
b1 -
#25610000000
0!
0'
#25615000000
1!
1'
b10 -
#25620000000
0!
0'
#25625000000
1!
1'
b11 -
10
#25630000000
0!
0'
#25635000000
1!
1'
b0 -
00
#25640000000
0!
0'
#25645000000
1!
1'
b1 -
#25650000000
0!
0'
#25655000000
1!
1'
b10 -
#25660000000
0!
0'
#25665000000
1!
1'
b11 -
10
#25670000000
0!
0'
#25675000000
1!
1'
b0 -
00
#25680000000
0!
0'
#25685000000
1!
1'
b1 -
#25690000000
0!
0'
#25695000000
1!
1'
b10 -
#25700000000
0!
0'
#25705000000
1!
1'
b11 -
10
#25710000000
0!
0'
#25715000000
1!
1'
b0 -
00
#25720000000
0!
0'
#25725000000
1!
1'
b1 -
#25730000000
0!
0'
#25735000000
1!
1'
b10 -
#25740000000
0!
0'
#25745000000
1!
1'
b11 -
10
#25750000000
0!
0'
#25755000000
1!
1'
b0 -
00
#25760000000
0!
0'
#25765000000
1!
1'
b1 -
#25770000000
0!
0'
#25775000000
1!
1'
b10 -
#25780000000
0!
0'
#25785000000
1!
1'
b11 -
10
#25790000000
0!
0'
#25795000000
1!
1'
b0 -
00
#25800000000
0!
0'
#25805000000
1!
1'
b1 -
#25810000000
0!
0'
#25815000000
1!
1'
b10 -
#25820000000
0!
0'
#25825000000
1!
1'
b11 -
10
#25830000000
0!
0'
#25835000000
1!
1'
b0 -
00
#25840000000
0!
0'
#25845000000
1!
1'
b1 -
#25850000000
0!
0'
#25855000000
1!
1'
b10 -
#25860000000
0!
0'
#25865000000
1!
1'
b11 -
10
#25870000000
0!
0'
#25875000000
1!
1'
b0 -
00
#25880000000
0!
0'
#25885000000
1!
1'
b1 -
#25890000000
0!
0'
#25895000000
1!
1'
b10 -
#25900000000
0!
0'
#25905000000
1!
1'
b11 -
10
#25910000000
0!
0'
#25915000000
1!
1'
b0 -
00
#25920000000
0!
0'
#25925000000
1!
1'
b1 -
#25930000000
0!
0'
#25935000000
1!
1'
b10 -
#25940000000
0!
0'
#25945000000
1!
1'
b11 -
10
#25950000000
0!
0'
#25955000000
1!
1'
b0 -
00
#25960000000
0!
0'
#25965000000
1!
1'
b1 -
#25970000000
0!
0'
#25975000000
1!
1'
b10 -
#25980000000
0!
0'
#25985000000
1!
1'
b11 -
10
#25990000000
0!
0'
#25995000000
1!
1'
b0 -
00
#26000000000
0!
0'
#26005000000
1!
1'
b1 -
#26010000000
0!
0'
#26015000000
1!
1'
b10 -
#26020000000
0!
0'
#26025000000
1!
1'
b11 -
10
#26030000000
0!
0'
#26035000000
1!
1'
b0 -
00
#26040000000
0!
0'
#26045000000
1!
1'
b1 -
#26050000000
0!
0'
#26055000000
1!
1'
b10 -
#26060000000
0!
0'
#26065000000
1!
1'
b11 -
10
#26070000000
0!
0'
#26075000000
1!
1'
b0 -
00
#26080000000
0!
0'
#26085000000
1!
1'
b1 -
#26090000000
0!
0'
#26095000000
1!
1'
b10 -
#26100000000
0!
0'
#26105000000
1!
1'
b11 -
10
#26110000000
0!
0'
#26115000000
1!
1'
b0 -
00
#26120000000
0!
0'
#26125000000
1!
1'
b1 -
#26130000000
0!
0'
#26135000000
1!
1'
b10 -
#26140000000
0!
0'
#26145000000
1!
1'
b11 -
10
#26150000000
0!
0'
#26155000000
1!
1'
b0 -
00
#26160000000
0!
0'
#26165000000
1!
1'
b1 -
#26170000000
0!
0'
#26175000000
1!
1'
b10 -
#26180000000
0!
0'
#26185000000
1!
1'
b11 -
10
#26190000000
0!
0'
#26195000000
1!
1'
b0 -
00
#26200000000
0!
0'
#26205000000
1!
1'
b1 -
#26210000000
0!
0'
#26215000000
1!
1'
b10 -
#26220000000
0!
0'
#26225000000
1!
1'
b11 -
10
#26230000000
0!
0'
#26235000000
1!
1'
b0 -
00
#26240000000
0!
0'
#26245000000
1!
1'
b1 -
#26250000000
0!
0'
#26255000000
1!
1'
b10 -
#26260000000
0!
0'
#26265000000
1!
1'
b11 -
10
#26270000000
0!
0'
#26275000000
1!
1'
b0 -
00
#26280000000
0!
0'
#26285000000
1!
1'
b1 -
#26290000000
0!
0'
#26295000000
1!
1'
b10 -
#26300000000
0!
0'
#26305000000
1!
1'
b11 -
10
#26310000000
0!
0'
#26315000000
1!
1'
b0 -
00
#26320000000
0!
0'
#26325000000
1!
1'
b1 -
#26330000000
0!
0'
#26335000000
1!
1'
b10 -
#26340000000
0!
0'
#26345000000
1!
1'
b11 -
10
#26350000000
0!
0'
#26355000000
1!
1'
b0 -
00
#26360000000
0!
0'
#26365000000
1!
1'
b1 -
#26370000000
0!
0'
#26375000000
1!
1'
b10 -
#26380000000
0!
0'
#26385000000
1!
1'
b11 -
10
#26390000000
0!
0'
#26395000000
1!
1'
b0 -
00
#26400000000
0!
0'
#26405000000
1!
1'
b1 -
#26410000000
0!
0'
#26415000000
1!
1'
b10 -
#26420000000
0!
0'
#26425000000
1!
1'
b11 -
10
#26430000000
0!
0'
#26435000000
1!
1'
b0 -
00
#26440000000
0!
0'
#26445000000
1!
1'
b1 -
#26450000000
0!
0'
#26455000000
1!
1'
b10 -
#26460000000
0!
0'
#26465000000
1!
1'
b11 -
10
#26470000000
0!
0'
#26475000000
1!
1'
b0 -
00
#26480000000
0!
0'
#26485000000
1!
1'
b1 -
#26490000000
0!
0'
#26495000000
1!
1'
b10 -
#26500000000
0!
0'
#26505000000
1!
1'
b11 -
10
#26510000000
0!
0'
#26515000000
1!
1'
b0 -
00
#26520000000
0!
0'
#26525000000
1!
1'
b1 -
#26530000000
0!
0'
#26535000000
1!
1'
b10 -
#26540000000
0!
0'
#26545000000
1!
1'
b11 -
10
#26550000000
0!
0'
#26555000000
1!
1'
b0 -
00
#26560000000
0!
0'
#26565000000
1!
1'
b1 -
#26570000000
0!
0'
#26575000000
1!
1'
b10 -
#26580000000
0!
0'
#26585000000
1!
1'
b11 -
10
#26590000000
0!
0'
#26595000000
1!
1'
b0 -
00
#26600000000
0!
0'
#26605000000
1!
1'
b1 -
#26610000000
0!
0'
#26615000000
1!
1'
b10 -
#26620000000
0!
0'
#26625000000
1!
1'
b11 -
10
#26630000000
0!
0'
#26635000000
1!
1'
b0 -
00
#26640000000
0!
0'
#26645000000
1!
1'
b1 -
#26650000000
0!
0'
#26655000000
1!
1'
b10 -
#26660000000
0!
0'
#26665000000
1!
1'
b11 -
10
#26670000000
0!
0'
#26675000000
1!
1'
b0 -
00
#26680000000
0!
0'
#26685000000
1!
1'
b1 -
#26690000000
0!
0'
#26695000000
1!
1'
b10 -
#26700000000
0!
0'
#26705000000
1!
1'
b11 -
10
#26710000000
0!
0'
#26715000000
1!
1'
b0 -
00
#26720000000
0!
0'
#26725000000
1!
1'
b1 -
#26730000000
0!
0'
#26735000000
1!
1'
b10 -
#26740000000
0!
0'
#26745000000
1!
1'
b11 -
10
#26750000000
0!
0'
#26755000000
1!
1'
b0 -
00
#26760000000
0!
0'
#26765000000
1!
1'
b1 -
#26770000000
0!
0'
#26775000000
1!
1'
b10 -
#26780000000
0!
0'
#26785000000
1!
1'
b11 -
10
#26790000000
0!
0'
#26795000000
1!
1'
b0 -
00
#26800000000
0!
0'
#26805000000
1!
1'
b1 -
#26810000000
0!
0'
#26815000000
1!
1'
b10 -
#26820000000
0!
0'
#26825000000
1!
1'
b11 -
10
#26830000000
0!
0'
#26835000000
1!
1'
b0 -
00
#26840000000
0!
0'
#26845000000
1!
1'
b1 -
#26850000000
0!
0'
#26855000000
1!
1'
b10 -
#26860000000
0!
0'
#26865000000
1!
1'
b11 -
10
#26870000000
0!
0'
#26875000000
1!
1'
b0 -
00
#26880000000
0!
0'
#26885000000
1!
1'
b1 -
#26890000000
0!
0'
#26895000000
1!
1'
b10 -
#26900000000
0!
0'
#26905000000
1!
1'
b11 -
10
#26910000000
0!
0'
#26915000000
1!
1'
b0 -
00
#26920000000
0!
0'
#26925000000
1!
1'
b1 -
#26930000000
0!
0'
#26935000000
1!
1'
b10 -
#26940000000
0!
0'
#26945000000
1!
1'
b11 -
10
#26950000000
0!
0'
#26955000000
1!
1'
b0 -
00
#26960000000
0!
0'
#26965000000
1!
1'
b1 -
#26970000000
0!
0'
#26975000000
1!
1'
b10 -
#26980000000
0!
0'
#26985000000
1!
1'
b11 -
10
#26990000000
0!
0'
#26995000000
1!
1'
b0 -
00
#27000000000
0!
0'
#27005000000
1!
1'
b1 -
#27010000000
0!
0'
#27015000000
1!
1'
b10 -
#27020000000
0!
0'
#27025000000
1!
1'
b11 -
10
#27030000000
0!
0'
#27035000000
1!
1'
b0 -
00
#27040000000
0!
0'
#27045000000
1!
1'
b1 -
#27050000000
0!
0'
#27055000000
1!
1'
b10 -
#27060000000
0!
0'
#27065000000
1!
1'
b11 -
10
#27070000000
0!
0'
#27075000000
1!
1'
b0 -
00
#27080000000
0!
0'
#27085000000
1!
1'
b1 -
#27090000000
0!
0'
#27095000000
1!
1'
b10 -
#27100000000
0!
0'
#27105000000
1!
1'
b11 -
10
#27110000000
0!
0'
#27115000000
1!
1'
b0 -
00
#27120000000
0!
0'
#27125000000
1!
1'
b1 -
#27130000000
0!
0'
#27135000000
1!
1'
b10 -
#27140000000
0!
0'
#27145000000
1!
1'
b11 -
10
#27150000000
0!
0'
#27155000000
1!
1'
b0 -
00
#27160000000
0!
0'
#27165000000
1!
1'
b1 -
#27170000000
0!
0'
#27175000000
1!
1'
b10 -
#27180000000
0!
0'
#27185000000
1!
1'
b11 -
10
#27190000000
0!
0'
#27195000000
1!
1'
b0 -
00
#27200000000
0!
0'
#27205000000
1!
1'
b1 -
#27210000000
0!
0'
#27215000000
1!
1'
b10 -
#27220000000
0!
0'
#27225000000
1!
1'
b11 -
10
#27230000000
0!
0'
#27235000000
1!
1'
b0 -
00
#27240000000
0!
0'
#27245000000
1!
1'
b1 -
#27250000000
0!
0'
#27255000000
1!
1'
b10 -
#27260000000
0!
0'
#27265000000
1!
1'
b11 -
10
#27270000000
0!
0'
#27275000000
1!
1'
b0 -
00
#27280000000
0!
0'
#27285000000
1!
1'
b1 -
#27290000000
0!
0'
#27295000000
1!
1'
b10 -
#27300000000
0!
0'
#27305000000
1!
1'
b11 -
10
#27310000000
0!
0'
#27315000000
1!
1'
b0 -
00
#27320000000
0!
0'
#27325000000
1!
1'
b1 -
#27330000000
0!
0'
#27335000000
1!
1'
b10 -
#27340000000
0!
0'
#27345000000
1!
1'
b11 -
10
#27350000000
0!
0'
#27355000000
1!
1'
b0 -
00
#27360000000
0!
0'
#27365000000
1!
1'
b1 -
#27370000000
0!
0'
#27375000000
1!
1'
b10 -
#27380000000
0!
0'
#27385000000
1!
1'
b11 -
10
#27390000000
0!
0'
#27395000000
1!
1'
b0 -
00
#27400000000
0!
0'
#27405000000
1!
1'
b1 -
#27410000000
0!
0'
#27415000000
1!
1'
b10 -
#27420000000
0!
0'
#27425000000
1!
1'
b11 -
10
#27430000000
0!
0'
#27435000000
1!
1'
b0 -
00
#27440000000
0!
0'
#27445000000
1!
1'
b1 -
#27450000000
0!
0'
#27455000000
1!
1'
b10 -
#27460000000
0!
0'
#27465000000
1!
1'
b11 -
10
#27470000000
0!
0'
#27475000000
1!
1'
b0 -
00
#27480000000
0!
0'
#27485000000
1!
1'
b1 -
#27490000000
0!
0'
#27495000000
1!
1'
b10 -
#27500000000
0!
0'
#27505000000
1!
1'
b11 -
10
#27510000000
0!
0'
#27515000000
1!
1'
b0 -
00
#27520000000
0!
0'
#27525000000
1!
1'
b1 -
#27530000000
0!
0'
#27535000000
1!
1'
b10 -
#27540000000
0!
0'
#27545000000
1!
1'
b11 -
10
#27550000000
0!
0'
#27555000000
1!
1'
b0 -
00
#27560000000
0!
0'
#27565000000
1!
1'
b1 -
#27570000000
0!
0'
#27575000000
1!
1'
b10 -
#27580000000
0!
0'
#27585000000
1!
1'
b11 -
10
#27590000000
0!
0'
#27595000000
1!
1'
b0 -
00
#27600000000
0!
0'
#27605000000
1!
1'
b1 -
#27610000000
0!
0'
#27615000000
1!
1'
b10 -
#27620000000
0!
0'
#27625000000
1!
1'
b11 -
10
#27630000000
0!
0'
#27635000000
1!
1'
b0 -
00
#27640000000
0!
0'
#27645000000
1!
1'
b1 -
#27650000000
0!
0'
#27655000000
1!
1'
b10 -
#27660000000
0!
0'
#27665000000
1!
1'
b11 -
10
#27670000000
0!
0'
#27675000000
1!
1'
b0 -
00
#27680000000
0!
0'
#27685000000
1!
1'
b1 -
#27690000000
0!
0'
#27695000000
1!
1'
b10 -
#27700000000
0!
0'
#27705000000
1!
1'
b11 -
10
#27710000000
0!
0'
#27715000000
1!
1'
b0 -
00
#27720000000
0!
0'
#27725000000
1!
1'
b1 -
#27730000000
0!
0'
#27735000000
1!
1'
b10 -
#27740000000
0!
0'
#27745000000
1!
1'
b11 -
10
#27750000000
0!
0'
#27755000000
1!
1'
b0 -
00
#27760000000
0!
0'
#27765000000
1!
1'
b1 -
#27770000000
0!
0'
#27775000000
1!
1'
b10 -
#27780000000
0!
0'
#27785000000
1!
1'
b11 -
10
#27790000000
0!
0'
#27795000000
1!
1'
b0 -
00
#27800000000
0!
0'
#27805000000
1!
1'
b1 -
#27810000000
0!
0'
#27815000000
1!
1'
b10 -
#27820000000
0!
0'
#27825000000
1!
1'
b11 -
10
#27830000000
0!
0'
#27835000000
1!
1'
b0 -
00
#27840000000
0!
0'
#27845000000
1!
1'
b1 -
#27850000000
0!
0'
#27855000000
1!
1'
b10 -
#27860000000
0!
0'
#27865000000
1!
1'
b11 -
10
#27870000000
0!
0'
#27875000000
1!
1'
b0 -
00
#27880000000
0!
0'
#27885000000
1!
1'
b1 -
#27890000000
0!
0'
#27895000000
1!
1'
b10 -
#27900000000
0!
0'
#27905000000
1!
1'
b11 -
10
#27910000000
0!
0'
#27915000000
1!
1'
b0 -
00
#27920000000
0!
0'
#27925000000
1!
1'
b1 -
#27930000000
0!
0'
#27935000000
1!
1'
b10 -
#27940000000
0!
0'
#27945000000
1!
1'
b11 -
10
#27950000000
0!
0'
#27955000000
1!
1'
b0 -
00
#27960000000
0!
0'
#27965000000
1!
1'
b1 -
#27970000000
0!
0'
#27975000000
1!
1'
b10 -
#27980000000
0!
0'
#27985000000
1!
1'
b11 -
10
#27990000000
0!
0'
#27995000000
1!
1'
b0 -
00
#28000000000
0!
0'
#28005000000
1!
1'
b1 -
#28010000000
0!
0'
#28015000000
1!
1'
b10 -
#28020000000
0!
0'
#28025000000
1!
1'
b11 -
10
#28030000000
0!
0'
#28035000000
1!
1'
b0 -
00
#28040000000
0!
0'
#28045000000
1!
1'
b1 -
#28050000000
0!
0'
#28055000000
1!
1'
b10 -
#28060000000
0!
0'
#28065000000
1!
1'
b11 -
10
#28070000000
0!
0'
#28075000000
1!
1'
b0 -
00
#28080000000
0!
0'
#28085000000
1!
1'
b1 -
#28090000000
0!
0'
#28095000000
1!
1'
b10 -
#28100000000
0!
0'
#28105000000
1!
1'
b11 -
10
#28110000000
0!
0'
#28115000000
1!
1'
b0 -
00
#28120000000
0!
0'
#28125000000
1!
1'
b1 -
#28130000000
0!
0'
#28135000000
1!
1'
b10 -
#28140000000
0!
0'
#28145000000
1!
1'
b11 -
10
#28150000000
0!
0'
#28155000000
1!
1'
b0 -
00
#28160000000
0!
0'
#28165000000
1!
1'
b1 -
#28170000000
0!
0'
#28175000000
1!
1'
b10 -
#28180000000
0!
0'
#28185000000
1!
1'
b11 -
10
#28190000000
0!
0'
#28195000000
1!
1'
b0 -
00
#28200000000
0!
0'
#28205000000
1!
1'
b1 -
#28210000000
0!
0'
#28215000000
1!
1'
b10 -
#28220000000
0!
0'
#28225000000
1!
1'
b11 -
10
#28230000000
0!
0'
#28235000000
1!
1'
b0 -
00
#28240000000
0!
0'
#28245000000
1!
1'
b1 -
#28250000000
0!
0'
#28255000000
1!
1'
b10 -
#28260000000
0!
0'
#28265000000
1!
1'
b11 -
10
#28270000000
0!
0'
#28275000000
1!
1'
b0 -
00
#28280000000
0!
0'
#28285000000
1!
1'
b1 -
#28290000000
0!
0'
#28295000000
1!
1'
b10 -
#28300000000
0!
0'
#28305000000
1!
1'
b11 -
10
#28310000000
0!
0'
#28315000000
1!
1'
b0 -
00
#28320000000
0!
0'
#28325000000
1!
1'
b1 -
#28330000000
0!
0'
#28335000000
1!
1'
b10 -
#28340000000
0!
0'
#28345000000
1!
1'
b11 -
10
#28350000000
0!
0'
#28355000000
1!
1'
b0 -
00
#28360000000
0!
0'
#28365000000
1!
1'
b1 -
#28370000000
0!
0'
#28375000000
1!
1'
b10 -
#28380000000
0!
0'
#28385000000
1!
1'
b11 -
10
#28390000000
0!
0'
#28395000000
1!
1'
b0 -
00
#28400000000
0!
0'
#28405000000
1!
1'
b1 -
#28410000000
0!
0'
#28415000000
1!
1'
b10 -
#28420000000
0!
0'
#28425000000
1!
1'
b11 -
10
#28430000000
0!
0'
#28435000000
1!
1'
b0 -
00
#28440000000
0!
0'
#28445000000
1!
1'
b1 -
#28450000000
0!
0'
#28455000000
1!
1'
b10 -
#28460000000
0!
0'
#28465000000
1!
1'
b11 -
10
#28470000000
0!
0'
#28475000000
1!
1'
b0 -
00
#28480000000
0!
0'
#28485000000
1!
1'
b1 -
#28490000000
0!
0'
#28495000000
1!
1'
b10 -
#28500000000
0!
0'
#28505000000
1!
1'
b11 -
10
#28510000000
0!
0'
#28515000000
1!
1'
b0 -
00
#28520000000
0!
0'
#28525000000
1!
1'
b1 -
#28530000000
0!
0'
#28535000000
1!
1'
b10 -
#28540000000
0!
0'
#28545000000
1!
1'
b11 -
10
#28550000000
0!
0'
#28555000000
1!
1'
b0 -
00
#28560000000
0!
0'
#28565000000
1!
1'
b1 -
#28570000000
0!
0'
#28575000000
1!
1'
b10 -
#28580000000
0!
0'
#28585000000
1!
1'
b11 -
10
#28590000000
0!
0'
#28595000000
1!
1'
b0 -
00
#28600000000
0!
0'
#28605000000
1!
1'
b1 -
#28610000000
0!
0'
#28615000000
1!
1'
b10 -
#28620000000
0!
0'
#28625000000
1!
1'
b11 -
10
#28630000000
0!
0'
#28635000000
1!
1'
b0 -
00
#28640000000
0!
0'
#28645000000
1!
1'
b1 -
#28650000000
0!
0'
#28655000000
1!
1'
b10 -
#28660000000
0!
0'
#28665000000
1!
1'
b11 -
10
#28670000000
0!
0'
#28675000000
1!
1'
b0 -
00
#28680000000
0!
0'
#28685000000
1!
1'
b1 -
#28690000000
0!
0'
#28695000000
1!
1'
b10 -
#28700000000
0!
0'
#28705000000
1!
1'
b11 -
10
#28710000000
0!
0'
#28715000000
1!
1'
b0 -
00
#28720000000
0!
0'
#28725000000
1!
1'
b1 -
#28730000000
0!
0'
#28735000000
1!
1'
b10 -
#28740000000
0!
0'
#28745000000
1!
1'
b11 -
10
#28750000000
0!
0'
#28755000000
1!
1'
b0 -
00
#28760000000
0!
0'
#28765000000
1!
1'
b1 -
#28770000000
0!
0'
#28775000000
1!
1'
b10 -
#28780000000
0!
0'
#28785000000
1!
1'
b11 -
10
#28790000000
0!
0'
#28795000000
1!
1'
b0 -
00
#28800000000
0!
0'
#28805000000
1!
1'
b1 -
#28810000000
0!
0'
#28815000000
1!
1'
b10 -
#28820000000
0!
0'
#28825000000
1!
1'
b11 -
10
#28830000000
0!
0'
#28835000000
1!
1'
b0 -
00
#28840000000
0!
0'
#28845000000
1!
1'
b1 -
#28850000000
0!
0'
#28855000000
1!
1'
b10 -
#28860000000
0!
0'
#28865000000
1!
1'
b11 -
10
#28870000000
0!
0'
#28875000000
1!
1'
b0 -
00
#28880000000
0!
0'
#28885000000
1!
1'
b1 -
#28890000000
0!
0'
#28895000000
1!
1'
b10 -
#28900000000
0!
0'
#28905000000
1!
1'
b11 -
10
#28910000000
0!
0'
#28915000000
1!
1'
b0 -
00
#28920000000
0!
0'
#28925000000
1!
1'
b1 -
#28930000000
0!
0'
#28935000000
1!
1'
b10 -
#28940000000
0!
0'
#28945000000
1!
1'
b11 -
10
#28950000000
0!
0'
#28955000000
1!
1'
b0 -
00
#28960000000
0!
0'
#28965000000
1!
1'
b1 -
#28970000000
0!
0'
#28975000000
1!
1'
b10 -
#28980000000
0!
0'
#28985000000
1!
1'
b11 -
10
#28990000000
0!
0'
#28995000000
1!
1'
b0 -
00
#29000000000
0!
0'
#29005000000
1!
1'
b1 -
#29010000000
0!
0'
#29015000000
1!
1'
b10 -
#29020000000
0!
0'
#29025000000
1!
1'
b11 -
10
#29030000000
0!
0'
#29035000000
1!
1'
b0 -
00
#29040000000
0!
0'
#29045000000
1!
1'
b1 -
#29050000000
0!
0'
#29055000000
1!
1'
b10 -
#29060000000
0!
0'
#29065000000
1!
1'
b11 -
10
#29070000000
0!
0'
#29075000000
1!
1'
b0 -
00
#29080000000
0!
0'
#29085000000
1!
1'
b1 -
#29090000000
0!
0'
#29095000000
1!
1'
b10 -
#29100000000
0!
0'
#29105000000
1!
1'
b11 -
10
#29110000000
0!
0'
#29115000000
1!
1'
b0 -
00
#29120000000
0!
0'
#29125000000
1!
1'
b1 -
#29130000000
0!
0'
#29135000000
1!
1'
b10 -
#29140000000
0!
0'
#29145000000
1!
1'
b11 -
10
#29150000000
0!
0'
#29155000000
1!
1'
b0 -
00
#29160000000
0!
0'
#29165000000
1!
1'
b1 -
#29170000000
0!
0'
#29175000000
1!
1'
b10 -
#29180000000
0!
0'
#29185000000
1!
1'
b11 -
10
#29190000000
0!
0'
#29195000000
1!
1'
b0 -
00
#29200000000
0!
0'
#29205000000
1!
1'
b1 -
#29210000000
0!
0'
#29215000000
1!
1'
b10 -
#29220000000
0!
0'
#29225000000
1!
1'
b11 -
10
#29230000000
0!
0'
#29235000000
1!
1'
b0 -
00
#29240000000
0!
0'
#29245000000
1!
1'
b1 -
#29250000000
0!
0'
#29255000000
1!
1'
b10 -
#29260000000
0!
0'
#29265000000
1!
1'
b11 -
10
#29270000000
0!
0'
#29275000000
1!
1'
b0 -
00
#29280000000
0!
0'
#29285000000
1!
1'
b1 -
#29290000000
0!
0'
#29295000000
1!
1'
b10 -
#29300000000
0!
0'
#29305000000
1!
1'
b11 -
10
#29310000000
0!
0'
#29315000000
1!
1'
b0 -
00
#29320000000
0!
0'
#29325000000
1!
1'
b1 -
#29330000000
0!
0'
#29335000000
1!
1'
b10 -
#29340000000
0!
0'
#29345000000
1!
1'
b11 -
10
#29350000000
0!
0'
#29355000000
1!
1'
b0 -
00
#29360000000
0!
0'
#29365000000
1!
1'
b1 -
#29370000000
0!
0'
#29375000000
1!
1'
b10 -
#29380000000
0!
0'
#29385000000
1!
1'
b11 -
10
#29390000000
0!
0'
#29395000000
1!
1'
b0 -
00
#29400000000
0!
0'
#29405000000
1!
1'
b1 -
#29410000000
0!
0'
#29415000000
1!
1'
b10 -
#29420000000
0!
0'
#29425000000
1!
1'
b11 -
10
#29430000000
0!
0'
#29435000000
1!
1'
b0 -
00
#29440000000
0!
0'
#29445000000
1!
1'
b1 -
#29450000000
0!
0'
#29455000000
1!
1'
b10 -
#29460000000
0!
0'
#29465000000
1!
1'
b11 -
10
#29470000000
0!
0'
#29475000000
1!
1'
b0 -
00
#29480000000
0!
0'
#29485000000
1!
1'
b1 -
#29490000000
0!
0'
#29495000000
1!
1'
b10 -
#29500000000
0!
0'
#29505000000
1!
1'
b11 -
10
#29510000000
0!
0'
#29515000000
1!
1'
b0 -
00
#29520000000
0!
0'
#29525000000
1!
1'
b1 -
#29530000000
0!
0'
#29535000000
1!
1'
b10 -
#29540000000
0!
0'
#29545000000
1!
1'
b11 -
10
#29550000000
0!
0'
#29555000000
1!
1'
b0 -
00
#29560000000
0!
0'
#29565000000
1!
1'
b1 -
#29570000000
0!
0'
#29575000000
1!
1'
b10 -
#29580000000
0!
0'
#29585000000
1!
1'
b11 -
10
#29590000000
0!
0'
#29595000000
1!
1'
b0 -
00
#29600000000
0!
0'
#29605000000
1!
1'
b1 -
#29610000000
0!
0'
#29615000000
1!
1'
b10 -
#29620000000
0!
0'
#29625000000
1!
1'
b11 -
10
#29630000000
0!
0'
#29635000000
1!
1'
b0 -
00
#29640000000
0!
0'
#29645000000
1!
1'
b1 -
#29650000000
0!
0'
#29655000000
1!
1'
b10 -
#29660000000
0!
0'
#29665000000
1!
1'
b11 -
10
#29670000000
0!
0'
#29675000000
1!
1'
b0 -
00
#29680000000
0!
0'
#29685000000
1!
1'
b1 -
#29690000000
0!
0'
#29695000000
1!
1'
b10 -
#29700000000
0!
0'
#29705000000
1!
1'
b11 -
10
#29710000000
0!
0'
#29715000000
1!
1'
b0 -
00
#29720000000
0!
0'
#29725000000
1!
1'
b1 -
#29730000000
0!
0'
#29735000000
1!
1'
b10 -
#29740000000
0!
0'
#29745000000
1!
1'
b11 -
10
#29750000000
0!
0'
#29755000000
1!
1'
b0 -
00
#29760000000
0!
0'
#29765000000
1!
1'
b1 -
#29770000000
0!
0'
#29775000000
1!
1'
b10 -
#29780000000
0!
0'
#29785000000
1!
1'
b11 -
10
#29790000000
0!
0'
#29795000000
1!
1'
b0 -
00
#29800000000
0!
0'
#29805000000
1!
1'
b1 -
#29810000000
0!
0'
#29815000000
1!
1'
b10 -
#29820000000
0!
0'
#29825000000
1!
1'
b11 -
10
#29830000000
0!
0'
#29835000000
1!
1'
b0 -
00
#29840000000
0!
0'
#29845000000
1!
1'
b1 -
#29850000000
0!
0'
#29855000000
1!
1'
b10 -
#29860000000
0!
0'
#29865000000
1!
1'
b11 -
10
#29870000000
0!
0'
#29875000000
1!
1'
b0 -
00
#29880000000
0!
0'
#29885000000
1!
1'
b1 -
#29890000000
0!
0'
#29895000000
1!
1'
b10 -
#29900000000
0!
0'
#29905000000
1!
1'
b11 -
10
#29910000000
0!
0'
#29915000000
1!
1'
b0 -
00
#29920000000
0!
0'
#29925000000
1!
1'
b1 -
#29930000000
0!
0'
#29935000000
1!
1'
b10 -
#29940000000
0!
0'
#29945000000
1!
1'
b11 -
10
#29950000000
0!
0'
#29955000000
1!
1'
b0 -
00
#29960000000
0!
0'
#29965000000
1!
1'
b1 -
#29970000000
0!
0'
#29975000000
1!
1'
b10 -
#29980000000
0!
0'
#29985000000
1!
1'
b11 -
10
#29990000000
0!
0'
#29995000000
1!
1'
b0 -
00
#30000000000
0!
0'
#30005000000
1!
1'
b1 -
#30010000000
0!
0'
#30015000000
1!
1'
b10 -
#30020000000
0!
0'
#30025000000
1!
1'
b11 -
10
#30030000000
0!
0'
#30035000000
1!
1'
b0 -
00
#30040000000
0!
0'
#30045000000
1!
1'
b1 -
#30050000000
0!
0'
#30055000000
1!
1'
b10 -
#30060000000
0!
0'
#30065000000
1!
1'
b11 -
10
#30070000000
0!
0'
#30075000000
1!
1'
b0 -
00
#30080000000
0!
0'
#30085000000
1!
1'
b1 -
#30090000000
0!
0'
#30095000000
1!
1'
b10 -
#30100000000
0!
0'
#30105000000
1!
1'
b11 -
10
#30110000000
0!
0'
#30115000000
1!
1'
b0 -
00
#30120000000
0!
0'
#30125000000
1!
1'
b1 -
#30130000000
0!
0'
#30135000000
1!
1'
b10 -
#30140000000
0!
0'
#30145000000
1!
1'
b11 -
10
#30150000000
0!
0'
#30155000000
1!
1'
b0 -
00
#30160000000
0!
0'
#30165000000
1!
1'
b1 -
#30170000000
0!
0'
#30175000000
1!
1'
b10 -
#30180000000
0!
0'
#30185000000
1!
1'
b11 -
10
#30190000000
0!
0'
#30195000000
1!
1'
b0 -
00
#30200000000
0!
0'
#30205000000
1!
1'
b1 -
#30210000000
0!
0'
#30215000000
1!
1'
b10 -
#30220000000
0!
0'
#30225000000
1!
1'
b11 -
10
#30230000000
0!
0'
#30235000000
1!
1'
b0 -
00
#30240000000
0!
0'
#30245000000
1!
1'
b1 -
#30250000000
0!
0'
#30255000000
1!
1'
b10 -
#30260000000
0!
0'
#30265000000
1!
1'
b11 -
10
#30270000000
0!
0'
#30275000000
1!
1'
b0 -
00
#30280000000
0!
0'
#30285000000
1!
1'
b1 -
#30290000000
0!
0'
#30295000000
1!
1'
b10 -
#30300000000
0!
0'
#30305000000
1!
1'
b11 -
10
#30310000000
0!
0'
#30315000000
1!
1'
b0 -
00
#30320000000
0!
0'
#30325000000
1!
1'
b1 -
#30330000000
0!
0'
#30335000000
1!
1'
b10 -
#30340000000
0!
0'
#30345000000
1!
1'
b11 -
10
#30350000000
0!
0'
#30355000000
1!
1'
b0 -
00
#30360000000
0!
0'
#30365000000
1!
1'
b1 -
#30370000000
0!
0'
#30375000000
1!
1'
b10 -
#30380000000
0!
0'
#30385000000
1!
1'
b11 -
10
#30390000000
0!
0'
#30395000000
1!
1'
b0 -
00
#30400000000
0!
0'
#30405000000
1!
1'
b1 -
#30410000000
0!
0'
#30415000000
1!
1'
b10 -
#30420000000
0!
0'
#30425000000
1!
1'
b11 -
10
#30430000000
0!
0'
#30435000000
1!
1'
b0 -
00
#30440000000
0!
0'
#30445000000
1!
1'
b1 -
#30450000000
0!
0'
#30455000000
1!
1'
b10 -
#30460000000
0!
0'
#30465000000
1!
1'
b11 -
10
#30470000000
0!
0'
#30475000000
1!
1'
b0 -
00
#30480000000
0!
0'
#30485000000
1!
1'
b1 -
#30490000000
0!
0'
#30495000000
1!
1'
b10 -
#30500000000
0!
0'
#30505000000
1!
1'
b11 -
10
#30510000000
0!
0'
#30515000000
1!
1'
b0 -
00
#30520000000
0!
0'
#30525000000
1!
1'
b1 -
#30530000000
0!
0'
#30535000000
1!
1'
b10 -
#30540000000
0!
0'
#30545000000
1!
1'
b11 -
10
#30550000000
0!
0'
#30555000000
1!
1'
b0 -
00
#30560000000
0!
0'
#30565000000
1!
1'
b1 -
#30570000000
0!
0'
#30575000000
1!
1'
b10 -
#30580000000
0!
0'
#30585000000
1!
1'
b11 -
10
#30590000000
0!
0'
#30595000000
1!
1'
b0 -
00
#30600000000
0!
0'
#30605000000
1!
1'
b1 -
#30610000000
0!
0'
#30615000000
1!
1'
b10 -
#30620000000
0!
0'
#30625000000
1!
1'
b11 -
10
#30630000000
0!
0'
#30635000000
1!
1'
b0 -
00
#30640000000
0!
0'
#30645000000
1!
1'
b1 -
#30650000000
0!
0'
#30655000000
1!
1'
b10 -
#30660000000
0!
0'
#30665000000
1!
1'
b11 -
10
#30670000000
0!
0'
#30675000000
1!
1'
b0 -
00
#30680000000
0!
0'
#30685000000
1!
1'
b1 -
#30690000000
0!
0'
#30695000000
1!
1'
b10 -
#30700000000
0!
0'
#30705000000
1!
1'
b11 -
10
#30710000000
0!
0'
#30715000000
1!
1'
b0 -
00
#30720000000
0!
0'
#30725000000
1!
1'
b1 -
#30730000000
0!
0'
#30735000000
1!
1'
b10 -
#30740000000
0!
0'
#30745000000
1!
1'
b11 -
10
#30750000000
0!
0'
#30755000000
1!
1'
b0 -
00
#30760000000
0!
0'
#30765000000
1!
1'
b1 -
#30770000000
0!
0'
#30775000000
1!
1'
b10 -
#30780000000
0!
0'
#30785000000
1!
1'
b11 -
10
#30790000000
0!
0'
#30795000000
1!
1'
b0 -
00
#30800000000
0!
0'
#30805000000
1!
1'
b1 -
#30810000000
0!
0'
#30815000000
1!
1'
b10 -
#30820000000
0!
0'
#30825000000
1!
1'
b11 -
10
#30830000000
0!
0'
#30835000000
1!
1'
b0 -
00
#30840000000
0!
0'
#30845000000
1!
1'
b1 -
#30850000000
0!
0'
#30855000000
1!
1'
b10 -
#30860000000
0!
0'
#30865000000
1!
1'
b11 -
10
#30870000000
0!
0'
#30875000000
1!
1'
b0 -
00
#30880000000
0!
0'
#30885000000
1!
1'
b1 -
#30890000000
0!
0'
#30895000000
1!
1'
b10 -
#30900000000
0!
0'
#30905000000
1!
1'
b11 -
10
#30910000000
0!
0'
#30915000000
1!
1'
b0 -
00
#30920000000
0!
0'
#30925000000
1!
1'
b1 -
#30930000000
0!
0'
#30935000000
1!
1'
b10 -
#30940000000
0!
0'
#30945000000
1!
1'
b11 -
10
#30950000000
0!
0'
#30955000000
1!
1'
b0 -
00
#30960000000
0!
0'
#30965000000
1!
1'
b1 -
#30970000000
0!
0'
#30975000000
1!
1'
b10 -
#30980000000
0!
0'
#30985000000
1!
1'
b11 -
10
#30990000000
0!
0'
#30995000000
1!
1'
b0 -
00
#31000000000
0!
0'
#31005000000
1!
1'
b1 -
#31010000000
0!
0'
#31015000000
1!
1'
b10 -
#31020000000
0!
0'
#31025000000
1!
1'
b11 -
10
#31030000000
0!
0'
#31035000000
1!
1'
b0 -
00
#31040000000
0!
0'
#31045000000
1!
1'
b1 -
#31050000000
0!
0'
#31055000000
1!
1'
b10 -
#31060000000
0!
0'
#31065000000
1!
1'
b11 -
10
#31070000000
0!
0'
#31075000000
1!
1'
b0 -
00
#31080000000
0!
0'
#31085000000
1!
1'
b1 -
#31090000000
0!
0'
#31095000000
1!
1'
b10 -
#31100000000
0!
0'
#31105000000
1!
1'
b11 -
10
#31110000000
0!
0'
#31115000000
1!
1'
b0 -
00
#31120000000
0!
0'
#31125000000
1!
1'
b1 -
#31130000000
0!
0'
#31135000000
1!
1'
b10 -
#31140000000
0!
0'
#31145000000
1!
1'
b11 -
10
#31150000000
0!
0'
#31155000000
1!
1'
b0 -
00
#31160000000
0!
0'
#31165000000
1!
1'
b1 -
#31170000000
0!
0'
#31175000000
1!
1'
b10 -
#31180000000
0!
0'
#31185000000
1!
1'
b11 -
10
#31190000000
0!
0'
#31195000000
1!
1'
b0 -
00
#31200000000
0!
0'
#31205000000
1!
1'
b1 -
#31210000000
0!
0'
#31215000000
1!
1'
b10 -
#31220000000
0!
0'
#31225000000
1!
1'
b11 -
10
#31230000000
0!
0'
#31235000000
1!
1'
b0 -
00
#31240000000
0!
0'
#31245000000
1!
1'
b1 -
#31250000000
0!
0'
#31255000000
1!
1'
b10 -
#31260000000
0!
0'
#31265000000
1!
1'
b11 -
10
#31270000000
0!
0'
#31275000000
1!
1'
b0 -
00
#31280000000
0!
0'
#31285000000
1!
1'
b1 -
#31290000000
0!
0'
#31295000000
1!
1'
b10 -
#31300000000
0!
0'
#31305000000
1!
1'
b11 -
10
#31310000000
0!
0'
#31315000000
1!
1'
b0 -
00
#31320000000
0!
0'
#31325000000
1!
1'
b1 -
#31330000000
0!
0'
#31335000000
1!
1'
b10 -
#31340000000
0!
0'
#31345000000
1!
1'
b11 -
10
#31350000000
0!
0'
#31355000000
1!
1'
b0 -
00
#31360000000
0!
0'
#31365000000
1!
1'
b1 -
#31370000000
0!
0'
#31375000000
1!
1'
b10 -
#31380000000
0!
0'
#31385000000
1!
1'
b11 -
10
#31390000000
0!
0'
#31395000000
1!
1'
b0 -
00
#31400000000
0!
0'
#31405000000
1!
1'
b1 -
#31410000000
0!
0'
#31415000000
1!
1'
b10 -
#31420000000
0!
0'
#31425000000
1!
1'
b11 -
10
#31430000000
0!
0'
#31435000000
1!
1'
b0 -
00
#31440000000
0!
0'
#31445000000
1!
1'
b1 -
#31450000000
0!
0'
#31455000000
1!
1'
b10 -
#31460000000
0!
0'
#31465000000
1!
1'
b11 -
10
#31470000000
0!
0'
#31475000000
1!
1'
b0 -
00
#31480000000
0!
0'
#31485000000
1!
1'
b1 -
#31490000000
0!
0'
#31495000000
1!
1'
b10 -
#31500000000
0!
0'
#31505000000
1!
1'
b11 -
10
#31510000000
0!
0'
#31515000000
1!
1'
b0 -
00
#31520000000
0!
0'
#31525000000
1!
1'
b1 -
#31530000000
0!
0'
#31535000000
1!
1'
b10 -
#31540000000
0!
0'
#31545000000
1!
1'
b11 -
10
#31550000000
0!
0'
#31555000000
1!
1'
b0 -
00
#31560000000
0!
0'
#31565000000
1!
1'
b1 -
#31570000000
0!
0'
#31575000000
1!
1'
b10 -
#31580000000
0!
0'
#31585000000
1!
1'
b11 -
10
#31590000000
0!
0'
#31595000000
1!
1'
b0 -
00
#31600000000
0!
0'
#31605000000
1!
1'
b1 -
#31610000000
0!
0'
#31615000000
1!
1'
b10 -
#31620000000
0!
0'
#31625000000
1!
1'
b11 -
10
#31630000000
0!
0'
#31635000000
1!
1'
b0 -
00
#31640000000
0!
0'
#31645000000
1!
1'
b1 -
#31650000000
0!
0'
#31655000000
1!
1'
b10 -
#31660000000
0!
0'
#31665000000
1!
1'
b11 -
10
#31670000000
0!
0'
#31675000000
1!
1'
b0 -
00
#31680000000
0!
0'
#31685000000
1!
1'
b1 -
#31690000000
0!
0'
#31695000000
1!
1'
b10 -
#31700000000
0!
0'
#31705000000
1!
1'
b11 -
10
#31710000000
0!
0'
#31715000000
1!
1'
b0 -
00
#31720000000
0!
0'
#31725000000
1!
1'
b1 -
#31730000000
0!
0'
#31735000000
1!
1'
b10 -
#31740000000
0!
0'
#31745000000
1!
1'
b11 -
10
#31750000000
0!
0'
#31755000000
1!
1'
b0 -
00
#31760000000
0!
0'
#31765000000
1!
1'
b1 -
#31770000000
0!
0'
#31775000000
1!
1'
b10 -
#31780000000
0!
0'
#31785000000
1!
1'
b11 -
10
#31790000000
0!
0'
#31795000000
1!
1'
b0 -
00
#31800000000
0!
0'
#31805000000
1!
1'
b1 -
#31810000000
0!
0'
#31815000000
1!
1'
b10 -
#31820000000
0!
0'
#31825000000
1!
1'
b11 -
10
#31830000000
0!
0'
#31835000000
1!
1'
b0 -
00
#31840000000
0!
0'
#31845000000
1!
1'
b1 -
#31850000000
0!
0'
#31855000000
1!
1'
b10 -
#31860000000
0!
0'
#31865000000
1!
1'
b11 -
10
#31870000000
0!
0'
#31875000000
1!
1'
b0 -
00
#31880000000
0!
0'
#31885000000
1!
1'
b1 -
#31890000000
0!
0'
#31895000000
1!
1'
b10 -
#31900000000
0!
0'
#31905000000
1!
1'
b11 -
10
#31910000000
0!
0'
#31915000000
1!
1'
b0 -
00
#31920000000
0!
0'
#31925000000
1!
1'
b1 -
#31930000000
0!
0'
#31935000000
1!
1'
b10 -
#31940000000
0!
0'
#31945000000
1!
1'
b11 -
10
#31950000000
0!
0'
#31955000000
1!
1'
b0 -
00
#31960000000
0!
0'
#31965000000
1!
1'
b1 -
#31970000000
0!
0'
#31975000000
1!
1'
b10 -
#31980000000
0!
0'
#31985000000
1!
1'
b11 -
10
#31990000000
0!
0'
#31995000000
1!
1'
b0 -
00
#32000000000
0!
0'
#32005000000
1!
1'
b1 -
#32010000000
0!
0'
#32015000000
1!
1'
b10 -
#32020000000
0!
0'
#32025000000
1!
1'
b11 -
10
#32030000000
0!
0'
#32035000000
1!
1'
b0 -
00
#32040000000
0!
0'
#32045000000
1!
1'
b1 -
#32050000000
0!
0'
#32055000000
1!
1'
b10 -
#32060000000
0!
0'
#32065000000
1!
1'
b11 -
10
#32070000000
0!
0'
#32075000000
1!
1'
b0 -
00
#32080000000
0!
0'
#32085000000
1!
1'
b1 -
#32090000000
0!
0'
#32095000000
1!
1'
b10 -
#32100000000
0!
0'
#32105000000
1!
1'
b11 -
10
#32110000000
0!
0'
#32115000000
1!
1'
b0 -
00
#32120000000
0!
0'
#32125000000
1!
1'
b1 -
#32130000000
0!
0'
#32135000000
1!
1'
b10 -
#32140000000
0!
0'
#32145000000
1!
1'
b11 -
10
#32150000000
0!
0'
#32155000000
1!
1'
b0 -
00
#32160000000
0!
0'
#32165000000
1!
1'
b1 -
#32170000000
0!
0'
#32175000000
1!
1'
b10 -
#32180000000
0!
0'
#32185000000
1!
1'
b11 -
10
#32190000000
0!
0'
#32195000000
1!
1'
b0 -
00
#32200000000
0!
0'
#32205000000
1!
1'
b1 -
#32210000000
0!
0'
#32215000000
1!
1'
b10 -
#32220000000
0!
0'
#32225000000
1!
1'
b11 -
10
#32230000000
0!
0'
#32235000000
1!
1'
b0 -
00
#32240000000
0!
0'
#32245000000
1!
1'
b1 -
#32250000000
0!
0'
#32255000000
1!
1'
b10 -
#32260000000
0!
0'
#32265000000
1!
1'
b11 -
10
#32270000000
0!
0'
#32275000000
1!
1'
b0 -
00
#32280000000
0!
0'
#32285000000
1!
1'
b1 -
#32290000000
0!
0'
#32295000000
1!
1'
b10 -
#32300000000
0!
0'
#32305000000
1!
1'
b11 -
10
#32310000000
0!
0'
#32315000000
1!
1'
b0 -
00
#32320000000
0!
0'
#32325000000
1!
1'
b1 -
#32330000000
0!
0'
#32335000000
1!
1'
b10 -
#32340000000
0!
0'
#32345000000
1!
1'
b11 -
10
#32350000000
0!
0'
#32355000000
1!
1'
b0 -
00
#32360000000
0!
0'
#32365000000
1!
1'
b1 -
#32370000000
0!
0'
#32375000000
1!
1'
b10 -
#32380000000
0!
0'
#32385000000
1!
1'
b11 -
10
#32390000000
0!
0'
#32395000000
1!
1'
b0 -
00
#32400000000
0!
0'
#32405000000
1!
1'
b1 -
#32410000000
0!
0'
#32415000000
1!
1'
b10 -
#32420000000
0!
0'
#32425000000
1!
1'
b11 -
10
#32430000000
0!
0'
#32435000000
1!
1'
b0 -
00
#32440000000
0!
0'
#32445000000
1!
1'
b1 -
#32450000000
0!
0'
#32455000000
1!
1'
b10 -
#32460000000
0!
0'
#32465000000
1!
1'
b11 -
10
#32470000000
0!
0'
#32475000000
1!
1'
b0 -
00
#32480000000
0!
0'
#32485000000
1!
1'
b1 -
#32490000000
0!
0'
#32495000000
1!
1'
b10 -
#32500000000
0!
0'
#32505000000
1!
1'
b11 -
10
#32510000000
0!
0'
#32515000000
1!
1'
b0 -
00
#32520000000
0!
0'
#32525000000
1!
1'
b1 -
#32530000000
0!
0'
#32535000000
1!
1'
b10 -
#32540000000
0!
0'
#32545000000
1!
1'
b11 -
10
#32550000000
0!
0'
#32555000000
1!
1'
b0 -
00
#32560000000
0!
0'
#32565000000
1!
1'
b1 -
#32570000000
0!
0'
#32575000000
1!
1'
b10 -
#32580000000
0!
0'
#32585000000
1!
1'
b11 -
10
#32590000000
0!
0'
#32595000000
1!
1'
b0 -
00
#32600000000
0!
0'
#32605000000
1!
1'
b1 -
#32610000000
0!
0'
#32615000000
1!
1'
b10 -
#32620000000
0!
0'
#32625000000
1!
1'
b11 -
10
#32630000000
0!
0'
#32635000000
1!
1'
b0 -
00
#32640000000
0!
0'
#32645000000
1!
1'
b1 -
#32650000000
0!
0'
#32655000000
1!
1'
b10 -
#32660000000
0!
0'
#32665000000
1!
1'
b11 -
10
#32670000000
0!
0'
#32675000000
1!
1'
b0 -
00
#32680000000
0!
0'
#32685000000
1!
1'
b1 -
#32690000000
0!
0'
#32695000000
1!
1'
b10 -
#32700000000
0!
0'
#32705000000
1!
1'
b11 -
10
#32710000000
0!
0'
#32715000000
1!
1'
b0 -
00
#32720000000
0!
0'
#32725000000
1!
1'
b1 -
#32730000000
0!
0'
#32735000000
1!
1'
b10 -
#32740000000
0!
0'
#32745000000
1!
1'
b11 -
10
#32750000000
0!
0'
#32755000000
1!
1'
b0 -
00
#32760000000
0!
0'
#32765000000
1!
1'
b1 -
#32770000000
0!
0'
#32775000000
1!
1'
b10 -
#32780000000
0!
0'
#32785000000
1!
1'
b11 -
10
#32790000000
0!
0'
#32795000000
1!
1'
b0 -
00
#32800000000
0!
0'
#32805000000
1!
1'
b1 -
#32810000000
0!
0'
#32815000000
1!
1'
b10 -
#32820000000
0!
0'
#32825000000
1!
1'
b11 -
10
#32830000000
0!
0'
#32835000000
1!
1'
b0 -
00
#32840000000
0!
0'
#32845000000
1!
1'
b1 -
#32850000000
0!
0'
#32855000000
1!
1'
b10 -
#32860000000
0!
0'
#32865000000
1!
1'
b11 -
10
#32870000000
0!
0'
#32875000000
1!
1'
b0 -
00
#32880000000
0!
0'
#32885000000
1!
1'
b1 -
#32890000000
0!
0'
#32895000000
1!
1'
b10 -
#32900000000
0!
0'
#32905000000
1!
1'
b11 -
10
#32910000000
0!
0'
#32915000000
1!
1'
b0 -
00
#32920000000
0!
0'
#32925000000
1!
1'
b1 -
#32930000000
0!
0'
#32935000000
1!
1'
b10 -
#32940000000
0!
0'
#32945000000
1!
1'
b11 -
10
#32950000000
0!
0'
#32955000000
1!
1'
b0 -
00
#32960000000
0!
0'
#32965000000
1!
1'
b1 -
#32970000000
0!
0'
#32975000000
1!
1'
b10 -
#32980000000
0!
0'
#32985000000
1!
1'
b11 -
10
#32990000000
0!
0'
#32995000000
1!
1'
b0 -
00
#33000000000
0!
0'
#33005000000
1!
1'
b1 -
#33010000000
0!
0'
#33015000000
1!
1'
b10 -
#33020000000
0!
0'
#33025000000
1!
1'
b11 -
10
#33030000000
0!
0'
#33035000000
1!
1'
b0 -
00
#33040000000
0!
0'
#33045000000
1!
1'
b1 -
#33050000000
0!
0'
#33055000000
1!
1'
b10 -
#33060000000
0!
0'
#33065000000
1!
1'
b11 -
10
#33070000000
0!
0'
#33075000000
1!
1'
b0 -
00
#33080000000
0!
0'
#33085000000
1!
1'
b1 -
#33090000000
0!
0'
#33095000000
1!
1'
b10 -
#33100000000
0!
0'
#33105000000
1!
1'
b11 -
10
#33110000000
0!
0'
#33115000000
1!
1'
b0 -
00
#33120000000
0!
0'
#33125000000
1!
1'
b1 -
#33130000000
0!
0'
#33135000000
1!
1'
b10 -
#33140000000
0!
0'
#33145000000
1!
1'
b11 -
10
#33150000000
0!
0'
#33155000000
1!
1'
b0 -
00
#33160000000
0!
0'
#33165000000
1!
1'
b1 -
#33170000000
0!
0'
#33175000000
1!
1'
b10 -
#33180000000
0!
0'
#33185000000
1!
1'
b11 -
10
#33190000000
0!
0'
#33195000000
1!
1'
b0 -
00
#33200000000
0!
0'
#33205000000
1!
1'
b1 -
#33210000000
0!
0'
#33215000000
1!
1'
b10 -
#33220000000
0!
0'
#33225000000
1!
1'
b11 -
10
#33230000000
0!
0'
#33235000000
1!
1'
b0 -
00
#33240000000
0!
0'
#33245000000
1!
1'
b1 -
#33250000000
0!
0'
#33255000000
1!
1'
b10 -
#33260000000
0!
0'
#33265000000
1!
1'
b11 -
10
#33270000000
0!
0'
#33275000000
1!
1'
b0 -
00
#33280000000
0!
0'
#33285000000
1!
1'
b1 -
#33290000000
0!
0'
#33295000000
1!
1'
b10 -
#33300000000
0!
0'
#33305000000
1!
1'
b11 -
10
#33310000000
0!
0'
#33315000000
1!
1'
b0 -
00
#33320000000
0!
0'
#33325000000
1!
1'
b1 -
#33330000000
0!
0'
#33335000000
1!
1'
b10 -
#33340000000
0!
0'
#33345000000
1!
1'
b11 -
10
#33350000000
0!
0'
#33355000000
1!
1'
b0 -
00
#33360000000
0!
0'
#33365000000
1!
1'
b1 -
#33370000000
0!
0'
#33375000000
1!
1'
b10 -
#33380000000
0!
0'
#33385000000
1!
1'
b11 -
10
#33390000000
0!
0'
#33395000000
1!
1'
b0 -
00
#33400000000
0!
0'
#33405000000
1!
1'
b1 -
#33410000000
0!
0'
#33415000000
1!
1'
b10 -
#33420000000
0!
0'
#33425000000
1!
1'
b11 -
10
#33430000000
0!
0'
#33435000000
1!
1'
b0 -
00
#33440000000
0!
0'
#33445000000
1!
1'
b1 -
#33450000000
0!
0'
#33455000000
1!
1'
b10 -
#33460000000
0!
0'
#33465000000
1!
1'
b11 -
10
#33470000000
0!
0'
#33475000000
1!
1'
b0 -
00
#33480000000
0!
0'
#33485000000
1!
1'
b1 -
#33490000000
0!
0'
#33495000000
1!
1'
b10 -
#33500000000
0!
0'
#33505000000
1!
1'
b11 -
10
#33510000000
0!
0'
#33515000000
1!
1'
b0 -
00
#33520000000
0!
0'
#33525000000
1!
1'
b1 -
#33530000000
0!
0'
#33535000000
1!
1'
b10 -
#33540000000
0!
0'
#33545000000
1!
1'
b11 -
10
#33550000000
0!
0'
#33555000000
1!
1'
b0 -
00
#33560000000
0!
0'
#33565000000
1!
1'
b1 -
#33570000000
0!
0'
#33575000000
1!
1'
b10 -
#33580000000
0!
0'
#33585000000
1!
1'
b11 -
10
#33590000000
0!
0'
#33595000000
1!
1'
b0 -
00
#33600000000
0!
0'
#33605000000
1!
1'
b1 -
#33610000000
0!
0'
#33615000000
1!
1'
b10 -
#33620000000
0!
0'
#33625000000
1!
1'
b11 -
10
#33630000000
0!
0'
#33635000000
1!
1'
b0 -
00
#33640000000
0!
0'
#33645000000
1!
1'
b1 -
#33650000000
0!
0'
#33655000000
1!
1'
b10 -
#33660000000
0!
0'
#33665000000
1!
1'
b11 -
10
#33670000000
0!
0'
#33675000000
1!
1'
b0 -
00
#33680000000
0!
0'
#33685000000
1!
1'
b1 -
#33690000000
0!
0'
#33695000000
1!
1'
b10 -
#33700000000
0!
0'
#33705000000
1!
1'
b11 -
10
#33710000000
0!
0'
#33715000000
1!
1'
b0 -
00
#33720000000
0!
0'
#33725000000
1!
1'
b1 -
#33730000000
0!
0'
#33735000000
1!
1'
b10 -
#33740000000
0!
0'
#33745000000
1!
1'
b11 -
10
#33750000000
0!
0'
#33755000000
1!
1'
b0 -
00
#33760000000
0!
0'
#33765000000
1!
1'
b1 -
#33770000000
0!
0'
#33775000000
1!
1'
b10 -
#33780000000
0!
0'
#33785000000
1!
1'
b11 -
10
#33790000000
0!
0'
#33795000000
1!
1'
b0 -
00
#33800000000
0!
0'
#33805000000
1!
1'
b1 -
#33810000000
0!
0'
#33815000000
1!
1'
b10 -
#33820000000
0!
0'
#33825000000
1!
1'
b11 -
10
#33830000000
0!
0'
#33835000000
1!
1'
b0 -
00
#33840000000
0!
0'
#33845000000
1!
1'
b1 -
#33850000000
0!
0'
#33855000000
1!
1'
b10 -
#33860000000
0!
0'
#33865000000
1!
1'
b11 -
10
#33870000000
0!
0'
#33875000000
1!
1'
b0 -
00
#33880000000
0!
0'
#33885000000
1!
1'
b1 -
#33890000000
0!
0'
#33895000000
1!
1'
b10 -
#33900000000
0!
0'
#33905000000
1!
1'
b11 -
10
#33910000000
0!
0'
#33915000000
1!
1'
b0 -
00
#33920000000
0!
0'
#33925000000
1!
1'
b1 -
#33930000000
0!
0'
#33935000000
1!
1'
b10 -
#33940000000
0!
0'
#33945000000
1!
1'
b11 -
10
#33950000000
0!
0'
#33955000000
1!
1'
b0 -
00
#33960000000
0!
0'
#33965000000
1!
1'
b1 -
#33970000000
0!
0'
#33975000000
1!
1'
b10 -
#33980000000
0!
0'
#33985000000
1!
1'
b11 -
10
#33990000000
0!
0'
#33995000000
1!
1'
b0 -
00
#34000000000
0!
0'
#34005000000
1!
1'
b1 -
#34010000000
0!
0'
#34015000000
1!
1'
b10 -
#34020000000
0!
0'
#34025000000
1!
1'
b11 -
10
#34030000000
0!
0'
#34035000000
1!
1'
b0 -
00
#34040000000
0!
0'
#34045000000
1!
1'
b1 -
#34050000000
0!
0'
#34055000000
1!
1'
b10 -
#34060000000
0!
0'
#34065000000
1!
1'
b11 -
10
#34070000000
0!
0'
#34075000000
1!
1'
b0 -
00
#34080000000
0!
0'
#34085000000
1!
1'
b1 -
#34090000000
0!
0'
#34095000000
1!
1'
b10 -
#34100000000
0!
0'
#34105000000
1!
1'
b11 -
10
#34110000000
0!
0'
#34115000000
1!
1'
b0 -
00
#34120000000
0!
0'
#34125000000
1!
1'
b1 -
#34130000000
0!
0'
#34135000000
1!
1'
b10 -
#34140000000
0!
0'
#34145000000
1!
1'
b11 -
10
#34150000000
0!
0'
#34155000000
1!
1'
b0 -
00
#34160000000
0!
0'
#34165000000
1!
1'
b1 -
#34170000000
0!
0'
#34175000000
1!
1'
b10 -
#34180000000
0!
0'
#34185000000
1!
1'
b11 -
10
#34190000000
0!
0'
#34195000000
1!
1'
b0 -
00
#34200000000
0!
0'
#34205000000
1!
1'
b1 -
#34210000000
0!
0'
#34215000000
1!
1'
b10 -
#34220000000
0!
0'
#34225000000
1!
1'
b11 -
10
#34230000000
0!
0'
#34235000000
1!
1'
b0 -
00
#34240000000
0!
0'
#34245000000
1!
1'
b1 -
#34250000000
0!
0'
#34255000000
1!
1'
b10 -
#34260000000
0!
0'
#34265000000
1!
1'
b11 -
10
#34270000000
0!
0'
#34275000000
1!
1'
b0 -
00
#34280000000
0!
0'
#34285000000
1!
1'
b1 -
#34290000000
0!
0'
#34295000000
1!
1'
b10 -
#34300000000
0!
0'
#34305000000
1!
1'
b11 -
10
#34310000000
0!
0'
#34315000000
1!
1'
b0 -
00
#34320000000
0!
0'
#34325000000
1!
1'
b1 -
#34330000000
0!
0'
#34335000000
1!
1'
b10 -
#34340000000
0!
0'
#34345000000
1!
1'
b11 -
10
#34350000000
0!
0'
#34355000000
1!
1'
b0 -
00
#34360000000
0!
0'
#34365000000
1!
1'
b1 -
#34370000000
0!
0'
#34375000000
1!
1'
b10 -
#34380000000
0!
0'
#34385000000
1!
1'
b11 -
10
#34390000000
0!
0'
#34395000000
1!
1'
b0 -
00
#34400000000
0!
0'
#34405000000
1!
1'
b1 -
#34410000000
0!
0'
#34415000000
1!
1'
b10 -
#34420000000
0!
0'
#34425000000
1!
1'
b11 -
10
#34430000000
0!
0'
#34435000000
1!
1'
b0 -
00
#34440000000
0!
0'
#34445000000
1!
1'
b1 -
#34450000000
0!
0'
#34455000000
1!
1'
b10 -
#34460000000
0!
0'
#34465000000
1!
1'
b11 -
10
#34470000000
0!
0'
#34475000000
1!
1'
b0 -
00
#34480000000
0!
0'
#34485000000
1!
1'
b1 -
#34490000000
0!
0'
#34495000000
1!
1'
b10 -
#34500000000
0!
0'
#34505000000
1!
1'
b11 -
10
#34510000000
0!
0'
#34515000000
1!
1'
b0 -
00
#34520000000
0!
0'
#34525000000
1!
1'
b1 -
#34530000000
0!
0'
#34535000000
1!
1'
b10 -
#34540000000
0!
0'
#34545000000
1!
1'
b11 -
10
#34550000000
0!
0'
#34555000000
1!
1'
b0 -
00
#34560000000
0!
0'
#34565000000
1!
1'
b1 -
#34570000000
0!
0'
#34575000000
1!
1'
b10 -
#34580000000
0!
0'
#34585000000
1!
1'
b11 -
10
#34590000000
0!
0'
#34595000000
1!
1'
b0 -
00
#34600000000
0!
0'
#34605000000
1!
1'
b1 -
#34610000000
0!
0'
#34615000000
1!
1'
b10 -
#34620000000
0!
0'
#34625000000
1!
1'
b11 -
10
#34630000000
0!
0'
#34635000000
1!
1'
b0 -
00
#34640000000
0!
0'
#34645000000
1!
1'
b1 -
#34650000000
0!
0'
#34655000000
1!
1'
b10 -
#34660000000
0!
0'
#34665000000
1!
1'
b11 -
10
#34670000000
0!
0'
#34675000000
1!
1'
b0 -
00
#34680000000
0!
0'
#34685000000
1!
1'
b1 -
#34690000000
0!
0'
#34695000000
1!
1'
b10 -
#34700000000
0!
0'
#34705000000
1!
1'
b11 -
10
#34710000000
0!
0'
#34715000000
1!
1'
b0 -
00
#34720000000
0!
0'
#34725000000
1!
1'
b1 -
#34730000000
0!
0'
#34735000000
1!
1'
b10 -
#34740000000
0!
0'
#34745000000
1!
1'
b11 -
10
#34750000000
0!
0'
#34755000000
1!
1'
b0 -
00
#34760000000
0!
0'
#34765000000
1!
1'
b1 -
#34770000000
0!
0'
#34775000000
1!
1'
b10 -
#34780000000
0!
0'
#34785000000
1!
1'
b11 -
10
#34790000000
0!
0'
#34795000000
1!
1'
b0 -
00
#34800000000
0!
0'
#34805000000
1!
1'
b1 -
#34810000000
0!
0'
#34815000000
1!
1'
b10 -
#34820000000
0!
0'
#34825000000
1!
1'
b11 -
10
#34830000000
0!
0'
#34835000000
1!
1'
b0 -
00
#34840000000
0!
0'
#34845000000
1!
1'
b1 -
#34850000000
0!
0'
#34855000000
1!
1'
b10 -
#34860000000
0!
0'
#34865000000
1!
1'
b11 -
10
#34870000000
0!
0'
#34875000000
1!
1'
b0 -
00
#34880000000
0!
0'
#34885000000
1!
1'
b1 -
#34890000000
0!
0'
#34895000000
1!
1'
b10 -
#34900000000
0!
0'
#34905000000
1!
1'
b11 -
10
#34910000000
0!
0'
#34915000000
1!
1'
b0 -
00
#34920000000
0!
0'
#34925000000
1!
1'
b1 -
#34930000000
0!
0'
#34935000000
1!
1'
b10 -
#34940000000
0!
0'
#34945000000
1!
1'
b11 -
10
#34950000000
0!
0'
#34955000000
1!
1'
b0 -
00
#34960000000
0!
0'
#34965000000
1!
1'
b1 -
#34970000000
0!
0'
#34975000000
1!
1'
b10 -
#34980000000
0!
0'
#34985000000
1!
1'
b11 -
10
#34990000000
0!
0'
#34995000000
1!
1'
b0 -
00
#35000000000
0!
0'
#35005000000
1!
1'
b1 -
#35010000000
0!
0'
#35015000000
1!
1'
b10 -
#35020000000
0!
0'
#35025000000
1!
1'
b11 -
10
#35030000000
0!
0'
#35035000000
1!
1'
b0 -
00
#35040000000
0!
0'
#35045000000
1!
1'
b1 -
#35050000000
0!
0'
#35055000000
1!
1'
b10 -
#35060000000
0!
0'
#35065000000
1!
1'
b11 -
10
#35070000000
0!
0'
#35075000000
1!
1'
b0 -
00
#35080000000
0!
0'
#35085000000
1!
1'
b1 -
#35090000000
0!
0'
#35095000000
1!
1'
b10 -
#35100000000
0!
0'
#35105000000
1!
1'
b11 -
10
#35110000000
0!
0'
#35115000000
1!
1'
b0 -
00
#35120000000
0!
0'
#35125000000
1!
1'
b1 -
#35130000000
0!
0'
#35135000000
1!
1'
b10 -
#35140000000
0!
0'
#35145000000
1!
1'
b11 -
10
#35150000000
0!
0'
#35155000000
1!
1'
b0 -
00
#35160000000
0!
0'
#35165000000
1!
1'
b1 -
#35170000000
0!
0'
#35175000000
1!
1'
b10 -
#35180000000
0!
0'
#35185000000
1!
1'
b11 -
10
#35190000000
0!
0'
#35195000000
1!
1'
b0 -
00
#35200000000
0!
0'
#35205000000
1!
1'
b1 -
#35210000000
0!
0'
#35215000000
1!
1'
b10 -
#35220000000
0!
0'
#35225000000
1!
1'
b11 -
10
#35230000000
0!
0'
#35235000000
1!
1'
b0 -
00
#35240000000
0!
0'
#35245000000
1!
1'
b1 -
#35250000000
0!
0'
#35255000000
1!
1'
b10 -
#35260000000
0!
0'
#35265000000
1!
1'
b11 -
10
#35270000000
0!
0'
#35275000000
1!
1'
b0 -
00
#35280000000
0!
0'
#35285000000
1!
1'
b1 -
#35290000000
0!
0'
#35295000000
1!
1'
b10 -
#35300000000
0!
0'
#35305000000
1!
1'
b11 -
10
#35310000000
0!
0'
#35315000000
1!
1'
b0 -
00
#35320000000
0!
0'
#35325000000
1!
1'
b1 -
#35330000000
0!
0'
#35335000000
1!
1'
b10 -
#35340000000
0!
0'
#35345000000
1!
1'
b11 -
10
#35350000000
0!
0'
#35355000000
1!
1'
b0 -
00
#35360000000
0!
0'
#35365000000
1!
1'
b1 -
#35370000000
0!
0'
#35375000000
1!
1'
b10 -
#35380000000
0!
0'
#35385000000
1!
1'
b11 -
10
#35390000000
0!
0'
#35395000000
1!
1'
b0 -
00
#35400000000
0!
0'
#35405000000
1!
1'
b1 -
#35410000000
0!
0'
#35415000000
1!
1'
b10 -
#35420000000
0!
0'
#35425000000
1!
1'
b11 -
10
#35430000000
0!
0'
#35435000000
1!
1'
b0 -
00
#35440000000
0!
0'
#35445000000
1!
1'
b1 -
#35450000000
0!
0'
#35455000000
1!
1'
b10 -
#35460000000
0!
0'
#35465000000
1!
1'
b11 -
10
#35470000000
0!
0'
#35475000000
1!
1'
b0 -
00
#35480000000
0!
0'
#35485000000
1!
1'
b1 -
#35490000000
0!
0'
#35495000000
1!
1'
b10 -
#35500000000
0!
0'
#35505000000
1!
1'
b11 -
10
#35510000000
0!
0'
#35515000000
1!
1'
b0 -
00
#35520000000
0!
0'
#35525000000
1!
1'
b1 -
#35530000000
0!
0'
#35535000000
1!
1'
b10 -
#35540000000
0!
0'
#35545000000
1!
1'
b11 -
10
#35550000000
0!
0'
#35555000000
1!
1'
b0 -
00
#35560000000
0!
0'
#35565000000
1!
1'
b1 -
#35570000000
0!
0'
#35575000000
1!
1'
b10 -
#35580000000
0!
0'
#35585000000
1!
1'
b11 -
10
#35590000000
0!
0'
#35595000000
1!
1'
b0 -
00
#35600000000
0!
0'
#35605000000
1!
1'
b1 -
#35610000000
0!
0'
#35615000000
1!
1'
b10 -
#35620000000
0!
0'
#35625000000
1!
1'
b11 -
10
#35630000000
0!
0'
#35635000000
1!
1'
b0 -
00
#35640000000
0!
0'
#35645000000
1!
1'
b1 -
#35650000000
0!
0'
#35655000000
1!
1'
b10 -
#35660000000
0!
0'
#35665000000
1!
1'
b11 -
10
#35670000000
0!
0'
#35675000000
1!
1'
b0 -
00
#35680000000
0!
0'
#35685000000
1!
1'
b1 -
#35690000000
0!
0'
#35695000000
1!
1'
b10 -
#35700000000
0!
0'
#35705000000
1!
1'
b11 -
10
#35710000000
0!
0'
#35715000000
1!
1'
b0 -
00
#35720000000
0!
0'
#35725000000
1!
1'
b1 -
#35730000000
0!
0'
#35735000000
1!
1'
b10 -
#35740000000
0!
0'
#35745000000
1!
1'
b11 -
10
#35750000000
0!
0'
#35755000000
1!
1'
b0 -
00
#35760000000
0!
0'
#35765000000
1!
1'
b1 -
#35770000000
0!
0'
#35775000000
1!
1'
b10 -
#35780000000
0!
0'
#35785000000
1!
1'
b11 -
10
#35790000000
0!
0'
#35795000000
1!
1'
b0 -
00
#35800000000
0!
0'
#35805000000
1!
1'
b1 -
#35810000000
0!
0'
#35815000000
1!
1'
b10 -
#35820000000
0!
0'
#35825000000
1!
1'
b11 -
10
#35830000000
0!
0'
#35835000000
1!
1'
b0 -
00
#35840000000
0!
0'
#35845000000
1!
1'
b1 -
#35850000000
0!
0'
#35855000000
1!
1'
b10 -
#35860000000
0!
0'
#35865000000
1!
1'
b11 -
10
#35870000000
0!
0'
#35875000000
1!
1'
b0 -
00
#35880000000
0!
0'
#35885000000
1!
1'
b1 -
#35890000000
0!
0'
#35895000000
1!
1'
b10 -
#35900000000
0!
0'
#35905000000
1!
1'
b11 -
10
#35910000000
0!
0'
#35915000000
1!
1'
b0 -
00
#35920000000
0!
0'
#35925000000
1!
1'
b1 -
#35930000000
0!
0'
#35935000000
1!
1'
b10 -
#35940000000
0!
0'
#35945000000
1!
1'
b11 -
10
#35950000000
0!
0'
#35955000000
1!
1'
b0 -
00
#35960000000
0!
0'
#35965000000
1!
1'
b1 -
#35970000000
0!
0'
#35975000000
1!
1'
b10 -
#35980000000
0!
0'
#35985000000
1!
1'
b11 -
10
#35990000000
0!
0'
#35995000000
1!
1'
b0 -
00
#36000000000
0!
0'
#36005000000
1!
1'
b1 -
#36010000000
0!
0'
#36015000000
1!
1'
b10 -
#36020000000
0!
0'
#36025000000
1!
1'
b11 -
10
#36030000000
0!
0'
#36035000000
1!
1'
b0 -
00
#36040000000
0!
0'
#36045000000
1!
1'
b1 -
#36050000000
0!
0'
#36055000000
1!
1'
b10 -
#36060000000
0!
0'
#36065000000
1!
1'
b11 -
10
#36070000000
0!
0'
#36075000000
1!
1'
b0 -
00
#36080000000
0!
0'
#36085000000
1!
1'
b1 -
#36090000000
0!
0'
#36095000000
1!
1'
b10 -
#36100000000
0!
0'
#36105000000
1!
1'
b11 -
10
#36110000000
0!
0'
#36115000000
1!
1'
b0 -
00
#36120000000
0!
0'
#36125000000
1!
1'
b1 -
#36130000000
0!
0'
#36135000000
1!
1'
b10 -
#36140000000
0!
0'
#36145000000
1!
1'
b11 -
10
#36150000000
0!
0'
#36155000000
1!
1'
b0 -
00
#36160000000
0!
0'
#36165000000
1!
1'
b1 -
#36170000000
0!
0'
#36175000000
1!
1'
b10 -
#36180000000
0!
0'
#36185000000
1!
1'
b11 -
10
#36190000000
0!
0'
#36195000000
1!
1'
b0 -
00
#36200000000
0!
0'
#36205000000
1!
1'
b1 -
#36210000000
0!
0'
#36215000000
1!
1'
b10 -
#36220000000
0!
0'
#36225000000
1!
1'
b11 -
10
#36230000000
0!
0'
#36235000000
1!
1'
b0 -
00
#36240000000
0!
0'
#36245000000
1!
1'
b1 -
#36250000000
0!
0'
#36255000000
1!
1'
b10 -
#36260000000
0!
0'
#36265000000
1!
1'
b11 -
10
#36270000000
0!
0'
#36275000000
1!
1'
b0 -
00
#36280000000
0!
0'
#36285000000
1!
1'
b1 -
#36290000000
0!
0'
#36295000000
1!
1'
b10 -
#36300000000
0!
0'
#36305000000
1!
1'
b11 -
10
#36310000000
0!
0'
#36315000000
1!
1'
b0 -
00
#36320000000
0!
0'
#36325000000
1!
1'
b1 -
#36330000000
0!
0'
#36335000000
1!
1'
b10 -
#36340000000
0!
0'
#36345000000
1!
1'
b11 -
10
#36350000000
0!
0'
#36355000000
1!
1'
b0 -
00
#36360000000
0!
0'
#36365000000
1!
1'
b1 -
#36370000000
0!
0'
#36375000000
1!
1'
b10 -
#36380000000
0!
0'
#36385000000
1!
1'
b11 -
10
#36390000000
0!
0'
#36395000000
1!
1'
b0 -
00
#36400000000
0!
0'
#36405000000
1!
1'
b1 -
#36410000000
0!
0'
#36415000000
1!
1'
b10 -
#36420000000
0!
0'
#36425000000
1!
1'
b11 -
10
#36430000000
0!
0'
#36435000000
1!
1'
b0 -
00
#36440000000
0!
0'
#36445000000
1!
1'
b1 -
#36450000000
0!
0'
#36455000000
1!
1'
b10 -
#36460000000
0!
0'
#36465000000
1!
1'
b11 -
10
#36470000000
0!
0'
#36475000000
1!
1'
b0 -
00
#36480000000
0!
0'
#36485000000
1!
1'
b1 -
#36490000000
0!
0'
#36495000000
1!
1'
b10 -
#36500000000
0!
0'
#36505000000
1!
1'
b11 -
10
#36510000000
0!
0'
#36515000000
1!
1'
b0 -
00
#36520000000
0!
0'
#36525000000
1!
1'
b1 -
#36530000000
0!
0'
#36535000000
1!
1'
b10 -
#36540000000
0!
0'
#36545000000
1!
1'
b11 -
10
#36550000000
0!
0'
#36555000000
1!
1'
b0 -
00
#36560000000
0!
0'
#36565000000
1!
1'
b1 -
#36570000000
0!
0'
#36575000000
1!
1'
b10 -
#36580000000
0!
0'
#36585000000
1!
1'
b11 -
10
#36590000000
0!
0'
#36595000000
1!
1'
b0 -
00
#36600000000
0!
0'
#36605000000
1!
1'
b1 -
#36610000000
0!
0'
#36615000000
1!
1'
b10 -
#36620000000
0!
0'
#36625000000
1!
1'
b11 -
10
#36630000000
0!
0'
#36635000000
1!
1'
b0 -
00
#36640000000
0!
0'
#36645000000
1!
1'
b1 -
#36650000000
0!
0'
#36655000000
1!
1'
b10 -
#36660000000
0!
0'
#36665000000
1!
1'
b11 -
10
#36670000000
0!
0'
#36675000000
1!
1'
b0 -
00
#36680000000
0!
0'
#36685000000
1!
1'
b1 -
#36690000000
0!
0'
#36695000000
1!
1'
b10 -
#36700000000
0!
0'
#36705000000
1!
1'
b11 -
10
#36710000000
0!
0'
#36715000000
1!
1'
b0 -
00
#36720000000
0!
0'
#36725000000
1!
1'
b1 -
#36730000000
0!
0'
#36735000000
1!
1'
b10 -
#36740000000
0!
0'
#36745000000
1!
1'
b11 -
10
#36750000000
0!
0'
#36755000000
1!
1'
b0 -
00
#36760000000
0!
0'
#36765000000
1!
1'
b1 -
#36770000000
0!
0'
#36775000000
1!
1'
b10 -
#36780000000
0!
0'
#36785000000
1!
1'
b11 -
10
#36790000000
0!
0'
#36795000000
1!
1'
b0 -
00
#36800000000
0!
0'
#36805000000
1!
1'
b1 -
#36810000000
0!
0'
#36815000000
1!
1'
b10 -
#36820000000
0!
0'
#36825000000
1!
1'
b11 -
10
#36830000000
0!
0'
#36835000000
1!
1'
b0 -
00
#36840000000
0!
0'
#36845000000
1!
1'
b1 -
#36850000000
0!
0'
#36855000000
1!
1'
b10 -
#36860000000
0!
0'
#36865000000
1!
1'
b11 -
10
#36870000000
0!
0'
#36875000000
1!
1'
b0 -
00
#36880000000
0!
0'
#36885000000
1!
1'
b1 -
#36890000000
0!
0'
#36895000000
1!
1'
b10 -
#36900000000
0!
0'
#36905000000
1!
1'
b11 -
10
#36910000000
0!
0'
#36915000000
1!
1'
b0 -
00
#36920000000
0!
0'
#36925000000
1!
1'
b1 -
#36930000000
0!
0'
#36935000000
1!
1'
b10 -
#36940000000
0!
0'
#36945000000
1!
1'
b11 -
10
#36950000000
0!
0'
#36955000000
1!
1'
b0 -
00
#36960000000
0!
0'
#36965000000
1!
1'
b1 -
#36970000000
0!
0'
#36975000000
1!
1'
b10 -
#36980000000
0!
0'
#36985000000
1!
1'
b11 -
10
#36990000000
0!
0'
#36995000000
1!
1'
b0 -
00
#37000000000
0!
0'
#37005000000
1!
1'
b1 -
#37010000000
0!
0'
#37015000000
1!
1'
b10 -
#37020000000
0!
0'
#37025000000
1!
1'
b11 -
10
#37030000000
0!
0'
#37035000000
1!
1'
b0 -
00
#37040000000
0!
0'
#37045000000
1!
1'
b1 -
#37050000000
0!
0'
#37055000000
1!
1'
b10 -
#37060000000
0!
0'
#37065000000
1!
1'
b11 -
10
#37070000000
0!
0'
#37075000000
1!
1'
b0 -
00
#37080000000
0!
0'
#37085000000
1!
1'
b1 -
#37090000000
0!
0'
#37095000000
1!
1'
b10 -
#37100000000
0!
0'
#37105000000
1!
1'
b11 -
10
#37110000000
0!
0'
#37115000000
1!
1'
b0 -
00
#37120000000
0!
0'
#37125000000
1!
1'
b1 -
#37130000000
0!
0'
#37135000000
1!
1'
b10 -
#37140000000
0!
0'
#37145000000
1!
1'
b11 -
10
#37150000000
0!
0'
#37155000000
1!
1'
b0 -
00
#37160000000
0!
0'
#37165000000
1!
1'
b1 -
#37170000000
0!
0'
#37175000000
1!
1'
b10 -
#37180000000
0!
0'
#37185000000
1!
1'
b11 -
10
#37190000000
0!
0'
#37195000000
1!
1'
b0 -
00
#37200000000
0!
0'
#37205000000
1!
1'
b1 -
#37210000000
0!
0'
#37215000000
1!
1'
b10 -
#37220000000
0!
0'
#37225000000
1!
1'
b11 -
10
#37230000000
0!
0'
#37235000000
1!
1'
b0 -
00
#37240000000
0!
0'
#37245000000
1!
1'
b1 -
#37250000000
0!
0'
#37255000000
1!
1'
b10 -
#37260000000
0!
0'
#37265000000
1!
1'
b11 -
10
#37270000000
0!
0'
#37275000000
1!
1'
b0 -
00
#37280000000
0!
0'
#37285000000
1!
1'
b1 -
#37290000000
0!
0'
#37295000000
1!
1'
b10 -
#37300000000
0!
0'
#37305000000
1!
1'
b11 -
10
#37310000000
0!
0'
#37315000000
1!
1'
b0 -
00
#37320000000
0!
0'
#37325000000
1!
1'
b1 -
#37330000000
0!
0'
#37335000000
1!
1'
b10 -
#37340000000
0!
0'
#37345000000
1!
1'
b11 -
10
#37350000000
0!
0'
#37355000000
1!
1'
b0 -
00
#37360000000
0!
0'
#37365000000
1!
1'
b1 -
#37370000000
0!
0'
#37375000000
1!
1'
b10 -
#37380000000
0!
0'
#37385000000
1!
1'
b11 -
10
#37390000000
0!
0'
#37395000000
1!
1'
b0 -
00
#37400000000
0!
0'
#37405000000
1!
1'
b1 -
#37410000000
0!
0'
#37415000000
1!
1'
b10 -
#37420000000
0!
0'
#37425000000
1!
1'
b11 -
10
#37430000000
0!
0'
#37435000000
1!
1'
b0 -
00
#37440000000
0!
0'
#37445000000
1!
1'
b1 -
#37450000000
0!
0'
#37455000000
1!
1'
b10 -
#37460000000
0!
0'
#37465000000
1!
1'
b11 -
10
#37470000000
0!
0'
#37475000000
1!
1'
b0 -
00
#37480000000
0!
0'
#37485000000
1!
1'
b1 -
#37490000000
0!
0'
#37495000000
1!
1'
b10 -
#37500000000
0!
0'
#37505000000
1!
1'
b11 -
10
#37510000000
0!
0'
#37515000000
1!
1'
b0 -
00
#37520000000
0!
0'
#37525000000
1!
1'
b1 -
#37530000000
0!
0'
#37535000000
1!
1'
b10 -
#37540000000
0!
0'
#37545000000
1!
1'
b11 -
10
#37550000000
0!
0'
#37555000000
1!
1'
b0 -
00
#37560000000
0!
0'
#37565000000
1!
1'
b1 -
#37570000000
0!
0'
#37575000000
1!
1'
b10 -
#37580000000
0!
0'
#37585000000
1!
1'
b11 -
10
#37590000000
0!
0'
#37595000000
1!
1'
b0 -
00
#37600000000
0!
0'
#37605000000
1!
1'
b1 -
#37610000000
0!
0'
#37615000000
1!
1'
b10 -
#37620000000
0!
0'
#37625000000
1!
1'
b11 -
10
#37630000000
0!
0'
#37635000000
1!
1'
b0 -
00
#37640000000
0!
0'
#37645000000
1!
1'
b1 -
#37650000000
0!
0'
#37655000000
1!
1'
b10 -
#37660000000
0!
0'
#37665000000
1!
1'
b11 -
10
#37670000000
0!
0'
#37675000000
1!
1'
b0 -
00
#37680000000
0!
0'
#37685000000
1!
1'
b1 -
#37690000000
0!
0'
#37695000000
1!
1'
b10 -
#37700000000
0!
0'
#37705000000
1!
1'
b11 -
10
#37710000000
0!
0'
#37715000000
1!
1'
b0 -
00
#37720000000
0!
0'
#37725000000
1!
1'
b1 -
#37730000000
0!
0'
#37735000000
1!
1'
b10 -
#37740000000
0!
0'
#37745000000
1!
1'
b11 -
10
#37750000000
0!
0'
#37755000000
1!
1'
b0 -
00
#37760000000
0!
0'
#37765000000
1!
1'
b1 -
#37770000000
0!
0'
#37775000000
1!
1'
b10 -
#37780000000
0!
0'
#37785000000
1!
1'
b11 -
10
#37790000000
0!
0'
#37795000000
1!
1'
b0 -
00
#37800000000
0!
0'
#37805000000
1!
1'
b1 -
#37810000000
0!
0'
#37815000000
1!
1'
b10 -
#37820000000
0!
0'
#37825000000
1!
1'
b11 -
10
#37830000000
0!
0'
#37835000000
1!
1'
b0 -
00
#37840000000
0!
0'
#37845000000
1!
1'
b1 -
#37850000000
0!
0'
#37855000000
1!
1'
b10 -
#37860000000
0!
0'
#37865000000
1!
1'
b11 -
10
#37870000000
0!
0'
#37875000000
1!
1'
b0 -
00
#37880000000
0!
0'
#37885000000
1!
1'
b1 -
#37890000000
0!
0'
#37895000000
1!
1'
b10 -
#37900000000
0!
0'
#37905000000
1!
1'
b11 -
10
#37910000000
0!
0'
#37915000000
1!
1'
b0 -
00
#37920000000
0!
0'
#37925000000
1!
1'
b1 -
#37930000000
0!
0'
#37935000000
1!
1'
b10 -
#37940000000
0!
0'
#37945000000
1!
1'
b11 -
10
#37950000000
0!
0'
#37955000000
1!
1'
b0 -
00
#37960000000
0!
0'
#37965000000
1!
1'
b1 -
#37970000000
0!
0'
#37975000000
1!
1'
b10 -
#37980000000
0!
0'
#37985000000
1!
1'
b11 -
10
#37990000000
0!
0'
#37995000000
1!
1'
b0 -
00
#38000000000
0!
0'
#38005000000
1!
1'
b1 -
#38010000000
0!
0'
#38015000000
1!
1'
b10 -
#38020000000
0!
0'
#38025000000
1!
1'
b11 -
10
#38030000000
0!
0'
#38035000000
1!
1'
b0 -
00
#38040000000
0!
0'
#38045000000
1!
1'
b1 -
#38050000000
0!
0'
#38055000000
1!
1'
b10 -
#38060000000
0!
0'
#38065000000
1!
1'
b11 -
10
#38070000000
0!
0'
#38075000000
1!
1'
b0 -
00
#38080000000
0!
0'
#38085000000
1!
1'
b1 -
#38090000000
0!
0'
#38095000000
1!
1'
b10 -
#38100000000
0!
0'
#38105000000
1!
1'
b11 -
10
#38110000000
0!
0'
#38115000000
1!
1'
b0 -
00
#38120000000
0!
0'
#38125000000
1!
1'
b1 -
#38130000000
0!
0'
#38135000000
1!
1'
b10 -
#38140000000
0!
0'
#38145000000
1!
1'
b11 -
10
#38150000000
0!
0'
#38155000000
1!
1'
b0 -
00
#38160000000
0!
0'
#38165000000
1!
1'
b1 -
#38170000000
0!
0'
#38175000000
1!
1'
b10 -
#38180000000
0!
0'
#38185000000
1!
1'
b11 -
10
#38190000000
0!
0'
#38195000000
1!
1'
b0 -
00
#38200000000
0!
0'
#38205000000
1!
1'
b1 -
#38210000000
0!
0'
#38215000000
1!
1'
b10 -
#38220000000
0!
0'
#38225000000
1!
1'
b11 -
10
#38230000000
0!
0'
#38235000000
1!
1'
b0 -
00
#38240000000
0!
0'
#38245000000
1!
1'
b1 -
#38250000000
0!
0'
#38255000000
1!
1'
b10 -
#38260000000
0!
0'
#38265000000
1!
1'
b11 -
10
#38270000000
0!
0'
#38275000000
1!
1'
b0 -
00
#38280000000
0!
0'
#38285000000
1!
1'
b1 -
#38290000000
0!
0'
#38295000000
1!
1'
b10 -
#38300000000
0!
0'
#38305000000
1!
1'
b11 -
10
#38310000000
0!
0'
#38315000000
1!
1'
b0 -
00
#38320000000
0!
0'
#38325000000
1!
1'
b1 -
#38330000000
0!
0'
#38335000000
1!
1'
b10 -
#38340000000
0!
0'
#38345000000
1!
1'
b11 -
10
#38350000000
0!
0'
#38355000000
1!
1'
b0 -
00
#38360000000
0!
0'
#38365000000
1!
1'
b1 -
#38370000000
0!
0'
#38375000000
1!
1'
b10 -
#38380000000
0!
0'
#38385000000
1!
1'
b11 -
10
#38390000000
0!
0'
#38395000000
1!
1'
b0 -
00
#38400000000
0!
0'
#38405000000
1!
1'
b1 -
#38410000000
0!
0'
#38415000000
1!
1'
b10 -
#38420000000
0!
0'
#38425000000
1!
1'
b11 -
10
#38430000000
0!
0'
#38435000000
1!
1'
b0 -
00
#38440000000
0!
0'
#38445000000
1!
1'
b1 -
#38450000000
0!
0'
#38455000000
1!
1'
b10 -
#38460000000
0!
0'
#38465000000
1!
1'
b11 -
10
#38470000000
0!
0'
#38475000000
1!
1'
b0 -
00
#38480000000
0!
0'
#38485000000
1!
1'
b1 -
#38490000000
0!
0'
#38495000000
1!
1'
b10 -
#38500000000
0!
0'
#38505000000
1!
1'
b11 -
10
#38510000000
0!
0'
#38515000000
1!
1'
b0 -
00
#38520000000
0!
0'
#38525000000
1!
1'
b1 -
#38530000000
0!
0'
#38535000000
1!
1'
b10 -
#38540000000
0!
0'
#38545000000
1!
1'
b11 -
10
#38550000000
0!
0'
#38555000000
1!
1'
b0 -
00
#38560000000
0!
0'
#38565000000
1!
1'
b1 -
#38570000000
0!
0'
#38575000000
1!
1'
b10 -
#38580000000
0!
0'
#38585000000
1!
1'
b11 -
10
#38590000000
0!
0'
#38595000000
1!
1'
b0 -
00
#38600000000
0!
0'
#38605000000
1!
1'
b1 -
#38610000000
0!
0'
#38615000000
1!
1'
b10 -
#38620000000
0!
0'
#38625000000
1!
1'
b11 -
10
#38630000000
0!
0'
#38635000000
1!
1'
b0 -
00
#38640000000
0!
0'
#38645000000
1!
1'
b1 -
#38650000000
0!
0'
#38655000000
1!
1'
b10 -
#38660000000
0!
0'
#38665000000
1!
1'
b11 -
10
#38670000000
0!
0'
#38675000000
1!
1'
b0 -
00
#38680000000
0!
0'
#38685000000
1!
1'
b1 -
#38690000000
0!
0'
#38695000000
1!
1'
b10 -
#38700000000
0!
0'
#38705000000
1!
1'
b11 -
10
#38710000000
0!
0'
#38715000000
1!
1'
b0 -
00
#38720000000
0!
0'
#38725000000
1!
1'
b1 -
#38730000000
0!
0'
#38735000000
1!
1'
b10 -
#38740000000
0!
0'
#38745000000
1!
1'
b11 -
10
#38750000000
0!
0'
#38755000000
1!
1'
b0 -
00
#38760000000
0!
0'
#38765000000
1!
1'
b1 -
#38770000000
0!
0'
#38775000000
1!
1'
b10 -
#38780000000
0!
0'
#38785000000
1!
1'
b11 -
10
#38790000000
0!
0'
#38795000000
1!
1'
b0 -
00
#38800000000
0!
0'
#38805000000
1!
1'
b1 -
#38810000000
0!
0'
#38815000000
1!
1'
b10 -
#38820000000
0!
0'
#38825000000
1!
1'
b11 -
10
#38830000000
0!
0'
#38835000000
1!
1'
b0 -
00
#38840000000
0!
0'
#38845000000
1!
1'
b1 -
#38850000000
0!
0'
#38855000000
1!
1'
b10 -
#38860000000
0!
0'
#38865000000
1!
1'
b11 -
10
#38870000000
0!
0'
#38875000000
1!
1'
b0 -
00
#38880000000
0!
0'
#38885000000
1!
1'
b1 -
#38890000000
0!
0'
#38895000000
1!
1'
b10 -
#38900000000
0!
0'
#38905000000
1!
1'
b11 -
10
#38910000000
0!
0'
#38915000000
1!
1'
b0 -
00
#38920000000
0!
0'
#38925000000
1!
1'
b1 -
#38930000000
0!
0'
#38935000000
1!
1'
b10 -
#38940000000
0!
0'
#38945000000
1!
1'
b11 -
10
#38950000000
0!
0'
#38955000000
1!
1'
b0 -
00
#38960000000
0!
0'
#38965000000
1!
1'
b1 -
#38970000000
0!
0'
#38975000000
1!
1'
b10 -
#38980000000
0!
0'
#38985000000
1!
1'
b11 -
10
#38990000000
0!
0'
#38995000000
1!
1'
b0 -
00
#39000000000
0!
0'
#39005000000
1!
1'
b1 -
#39010000000
0!
0'
#39015000000
1!
1'
b10 -
#39020000000
0!
0'
#39025000000
1!
1'
b11 -
10
#39030000000
0!
0'
#39035000000
1!
1'
b0 -
00
#39040000000
0!
0'
#39045000000
1!
1'
b1 -
#39050000000
0!
0'
#39055000000
1!
1'
b10 -
#39060000000
0!
0'
#39065000000
1!
1'
b11 -
10
#39070000000
0!
0'
#39075000000
1!
1'
b0 -
00
#39080000000
0!
0'
#39085000000
1!
1'
b1 -
#39090000000
0!
0'
#39095000000
1!
1'
b10 -
#39100000000
0!
0'
#39105000000
1!
1'
b11 -
10
#39110000000
0!
0'
#39115000000
1!
1'
b0 -
00
#39120000000
0!
0'
#39125000000
1!
1'
b1 -
#39130000000
0!
0'
#39135000000
1!
1'
b10 -
#39140000000
0!
0'
#39145000000
1!
1'
b11 -
10
#39150000000
0!
0'
#39155000000
1!
1'
b0 -
00
#39160000000
0!
0'
#39165000000
1!
1'
b1 -
#39170000000
0!
0'
#39175000000
1!
1'
b10 -
#39180000000
0!
0'
#39185000000
1!
1'
b11 -
10
#39190000000
0!
0'
#39195000000
1!
1'
b0 -
00
#39200000000
0!
0'
#39205000000
1!
1'
b1 -
#39210000000
0!
0'
#39215000000
1!
1'
b10 -
#39220000000
0!
0'
#39225000000
1!
1'
b11 -
10
#39230000000
0!
0'
#39235000000
1!
1'
b0 -
00
#39240000000
0!
0'
#39245000000
1!
1'
b1 -
#39250000000
0!
0'
#39255000000
1!
1'
b10 -
#39260000000
0!
0'
#39265000000
1!
1'
b11 -
10
#39270000000
0!
0'
#39275000000
1!
1'
b0 -
00
#39280000000
0!
0'
#39285000000
1!
1'
b1 -
#39290000000
0!
0'
#39295000000
1!
1'
b10 -
#39300000000
0!
0'
#39305000000
1!
1'
b11 -
10
#39310000000
0!
0'
#39315000000
1!
1'
b0 -
00
#39320000000
0!
0'
#39325000000
1!
1'
b1 -
#39330000000
0!
0'
#39335000000
1!
1'
b10 -
#39340000000
0!
0'
#39345000000
1!
1'
b11 -
10
#39350000000
0!
0'
#39355000000
1!
1'
b0 -
00
#39360000000
0!
0'
#39365000000
1!
1'
b1 -
#39370000000
0!
0'
#39375000000
1!
1'
b10 -
#39380000000
0!
0'
#39385000000
1!
1'
b11 -
10
#39390000000
0!
0'
#39395000000
1!
1'
b0 -
00
#39400000000
0!
0'
#39405000000
1!
1'
b1 -
#39410000000
0!
0'
#39415000000
1!
1'
b10 -
#39420000000
0!
0'
#39425000000
1!
1'
b11 -
10
#39430000000
0!
0'
#39435000000
1!
1'
b0 -
00
#39440000000
0!
0'
#39445000000
1!
1'
b1 -
#39450000000
0!
0'
#39455000000
1!
1'
b10 -
#39460000000
0!
0'
#39465000000
1!
1'
b11 -
10
#39470000000
0!
0'
#39475000000
1!
1'
b0 -
00
#39480000000
0!
0'
#39485000000
1!
1'
b1 -
#39490000000
0!
0'
#39495000000
1!
1'
b10 -
#39500000000
0!
0'
#39505000000
1!
1'
b11 -
10
#39510000000
0!
0'
#39515000000
1!
1'
b0 -
00
#39520000000
0!
0'
#39525000000
1!
1'
b1 -
#39530000000
0!
0'
#39535000000
1!
1'
b10 -
#39540000000
0!
0'
#39545000000
1!
1'
b11 -
10
#39550000000
0!
0'
#39555000000
1!
1'
b0 -
00
#39560000000
0!
0'
#39565000000
1!
1'
b1 -
#39570000000
0!
0'
#39575000000
1!
1'
b10 -
#39580000000
0!
0'
#39585000000
1!
1'
b11 -
10
#39590000000
0!
0'
#39595000000
1!
1'
b0 -
00
#39600000000
0!
0'
#39605000000
1!
1'
b1 -
#39610000000
0!
0'
#39615000000
1!
1'
b10 -
#39620000000
0!
0'
#39625000000
1!
1'
b11 -
10
#39630000000
0!
0'
#39635000000
1!
1'
b0 -
00
#39640000000
0!
0'
#39645000000
1!
1'
b1 -
#39650000000
0!
0'
#39655000000
1!
1'
b10 -
#39660000000
0!
0'
#39665000000
1!
1'
b11 -
10
#39670000000
0!
0'
#39675000000
1!
1'
b0 -
00
#39680000000
0!
0'
#39685000000
1!
1'
b1 -
#39690000000
0!
0'
#39695000000
1!
1'
b10 -
#39700000000
0!
0'
#39705000000
1!
1'
b11 -
10
#39710000000
0!
0'
#39715000000
1!
1'
b0 -
00
#39720000000
0!
0'
#39725000000
1!
1'
b1 -
#39730000000
0!
0'
#39735000000
1!
1'
b10 -
#39740000000
0!
0'
#39745000000
1!
1'
b11 -
10
#39750000000
0!
0'
#39755000000
1!
1'
b0 -
00
#39760000000
0!
0'
#39765000000
1!
1'
b1 -
#39770000000
0!
0'
#39775000000
1!
1'
b10 -
#39780000000
0!
0'
#39785000000
1!
1'
b11 -
10
#39790000000
0!
0'
#39795000000
1!
1'
b0 -
00
#39800000000
0!
0'
#39805000000
1!
1'
b1 -
#39810000000
0!
0'
#39815000000
1!
1'
b10 -
#39820000000
0!
0'
#39825000000
1!
1'
b11 -
10
#39830000000
0!
0'
#39835000000
1!
1'
b0 -
00
#39840000000
0!
0'
#39845000000
1!
1'
b1 -
#39850000000
0!
0'
#39855000000
1!
1'
b10 -
#39860000000
0!
0'
#39865000000
1!
1'
b11 -
10
#39870000000
0!
0'
#39875000000
1!
1'
b0 -
00
#39880000000
0!
0'
#39885000000
1!
1'
b1 -
#39890000000
0!
0'
#39895000000
1!
1'
b10 -
#39900000000
0!
0'
#39905000000
1!
1'
b11 -
10
#39910000000
0!
0'
#39915000000
1!
1'
b0 -
00
#39920000000
0!
0'
#39925000000
1!
1'
b1 -
#39930000000
0!
0'
#39935000000
1!
1'
b10 -
#39940000000
0!
0'
#39945000000
1!
1'
b11 -
10
#39950000000
0!
0'
#39955000000
1!
1'
b0 -
00
#39960000000
0!
0'
#39965000000
1!
1'
b1 -
#39970000000
0!
0'
#39975000000
1!
1'
b10 -
#39980000000
0!
0'
#39985000000
1!
1'
b11 -
10
#39990000000
0!
0'
#39995000000
1!
1'
b0 -
00
#40000000000
0!
0'
#40005000000
1!
1'
b1 -
#40010000000
0!
0'
#40015000000
1!
1'
b10 -
#40020000000
0!
0'
#40025000000
1!
1'
b11 -
10
#40030000000
0!
0'
#40035000000
1!
1'
b0 -
00
#40040000000
0!
0'
#40045000000
1!
1'
b1 -
#40050000000
0!
0'
#40055000000
1!
1'
b10 -
#40060000000
0!
0'
#40065000000
1!
1'
b11 -
10
#40070000000
0!
0'
#40075000000
1!
1'
b0 -
00
#40080000000
0!
0'
#40085000000
1!
1'
b1 -
#40090000000
0!
0'
#40095000000
1!
1'
b10 -
#40100000000
0!
0'
#40105000000
1!
1'
b11 -
10
#40110000000
0!
0'
#40115000000
1!
1'
b0 -
00
#40120000000
0!
0'
#40125000000
1!
1'
b1 -
#40130000000
0!
0'
#40135000000
1!
1'
b10 -
#40140000000
0!
0'
#40145000000
1!
1'
b11 -
10
#40150000000
0!
0'
#40155000000
1!
1'
b0 -
00
#40160000000
0!
0'
#40165000000
1!
1'
b1 -
#40170000000
0!
0'
#40175000000
1!
1'
b10 -
#40180000000
0!
0'
#40185000000
1!
1'
b11 -
10
#40190000000
0!
0'
#40195000000
1!
1'
b0 -
00
#40200000000
0!
0'
#40205000000
1!
1'
b1 -
#40210000000
0!
0'
#40215000000
1!
1'
b10 -
#40220000000
0!
0'
#40225000000
1!
1'
b11 -
10
#40230000000
0!
0'
#40235000000
1!
1'
b0 -
00
#40240000000
0!
0'
#40245000000
1!
1'
b1 -
#40250000000
0!
0'
#40255000000
1!
1'
b10 -
#40260000000
0!
0'
#40265000000
1!
1'
b11 -
10
#40270000000
0!
0'
#40275000000
1!
1'
b0 -
00
#40280000000
0!
0'
#40285000000
1!
1'
b1 -
#40290000000
0!
0'
#40295000000
1!
1'
b10 -
#40300000000
0!
0'
#40305000000
1!
1'
b11 -
10
#40310000000
0!
0'
#40315000000
1!
1'
b0 -
00
#40320000000
0!
0'
#40325000000
1!
1'
b1 -
#40330000000
0!
0'
#40335000000
1!
1'
b10 -
#40340000000
0!
0'
#40345000000
1!
1'
b11 -
10
#40350000000
0!
0'
#40355000000
1!
1'
b0 -
00
#40360000000
0!
0'
#40365000000
1!
1'
b1 -
#40370000000
0!
0'
#40375000000
1!
1'
b10 -
#40380000000
0!
0'
#40385000000
1!
1'
b11 -
10
#40390000000
0!
0'
#40395000000
1!
1'
b0 -
00
#40400000000
0!
0'
#40405000000
1!
1'
b1 -
#40410000000
0!
0'
#40415000000
1!
1'
b10 -
#40420000000
0!
0'
#40425000000
1!
1'
b11 -
10
#40430000000
0!
0'
#40435000000
1!
1'
b0 -
00
#40440000000
0!
0'
#40445000000
1!
1'
b1 -
#40450000000
0!
0'
#40455000000
1!
1'
b10 -
#40460000000
0!
0'
#40465000000
1!
1'
b11 -
10
#40470000000
0!
0'
#40475000000
1!
1'
b0 -
00
#40480000000
0!
0'
#40485000000
1!
1'
b1 -
#40490000000
0!
0'
#40495000000
1!
1'
b10 -
#40500000000
0!
0'
#40505000000
1!
1'
b11 -
10
#40510000000
0!
0'
#40515000000
1!
1'
b0 -
00
#40520000000
0!
0'
#40525000000
1!
1'
b1 -
#40530000000
0!
0'
#40535000000
1!
1'
b10 -
#40540000000
0!
0'
#40545000000
1!
1'
b11 -
10
#40550000000
0!
0'
#40555000000
1!
1'
b0 -
00
#40560000000
0!
0'
#40565000000
1!
1'
b1 -
#40570000000
0!
0'
#40575000000
1!
1'
b10 -
#40580000000
0!
0'
#40585000000
1!
1'
b11 -
10
#40590000000
0!
0'
#40595000000
1!
1'
b0 -
00
#40600000000
0!
0'
#40605000000
1!
1'
b1 -
#40610000000
0!
0'
#40615000000
1!
1'
b10 -
#40620000000
0!
0'
#40625000000
1!
1'
b11 -
10
#40630000000
0!
0'
#40635000000
1!
1'
b0 -
00
#40640000000
0!
0'
#40645000000
1!
1'
b1 -
#40650000000
0!
0'
#40655000000
1!
1'
b10 -
#40660000000
0!
0'
#40665000000
1!
1'
b11 -
10
#40670000000
0!
0'
#40675000000
1!
1'
b0 -
00
#40680000000
0!
0'
#40685000000
1!
1'
b1 -
#40690000000
0!
0'
#40695000000
1!
1'
b10 -
#40700000000
0!
0'
#40705000000
1!
1'
b11 -
10
#40710000000
0!
0'
#40715000000
1!
1'
b0 -
00
#40720000000
0!
0'
#40725000000
1!
1'
b1 -
#40730000000
0!
0'
#40735000000
1!
1'
b10 -
#40740000000
0!
0'
#40745000000
1!
1'
b11 -
10
#40750000000
0!
0'
#40755000000
1!
1'
b0 -
00
#40760000000
0!
0'
#40765000000
1!
1'
b1 -
#40770000000
0!
0'
#40775000000
1!
1'
b10 -
#40780000000
0!
0'
#40785000000
1!
1'
b11 -
10
#40790000000
0!
0'
#40795000000
1!
1'
b0 -
00
#40800000000
0!
0'
#40805000000
1!
1'
b1 -
#40810000000
0!
0'
#40815000000
1!
1'
b10 -
#40820000000
0!
0'
#40825000000
1!
1'
b11 -
10
#40830000000
0!
0'
#40835000000
1!
1'
b0 -
00
#40840000000
0!
0'
#40845000000
1!
1'
b1 -
#40850000000
0!
0'
#40855000000
1!
1'
b10 -
#40860000000
0!
0'
#40865000000
1!
1'
b11 -
10
#40870000000
0!
0'
#40875000000
1!
1'
b0 -
00
#40880000000
0!
0'
#40885000000
1!
1'
b1 -
#40890000000
0!
0'
#40895000000
1!
1'
b10 -
#40900000000
0!
0'
#40905000000
1!
1'
b11 -
10
#40910000000
0!
0'
#40915000000
1!
1'
b0 -
00
#40920000000
0!
0'
#40925000000
1!
1'
b1 -
#40930000000
0!
0'
#40935000000
1!
1'
b10 -
#40940000000
0!
0'
#40945000000
1!
1'
b11 -
10
#40950000000
0!
0'
#40955000000
1!
1'
b0 -
00
#40960000000
0!
0'
#40965000000
1!
1'
b1 -
#40970000000
0!
0'
#40975000000
1!
1'
b10 -
#40980000000
0!
0'
#40985000000
1!
1'
b11 -
10
#40990000000
0!
0'
#40995000000
1!
1'
b0 -
00
#41000000000
0!
0'
#41005000000
1!
1'
b1 -
#41010000000
0!
0'
#41015000000
1!
1'
b10 -
#41020000000
0!
0'
#41025000000
1!
1'
b11 -
10
#41030000000
0!
0'
#41035000000
1!
1'
b0 -
00
#41040000000
0!
0'
#41045000000
1!
1'
b1 -
#41050000000
0!
0'
#41055000000
1!
1'
b10 -
#41060000000
0!
0'
#41065000000
1!
1'
b11 -
10
#41070000000
0!
0'
#41075000000
1!
1'
b0 -
00
#41080000000
0!
0'
#41085000000
1!
1'
b1 -
#41090000000
0!
0'
#41095000000
1!
1'
b10 -
#41100000000
0!
0'
#41105000000
1!
1'
b11 -
10
#41110000000
0!
0'
#41115000000
1!
1'
b0 -
00
#41120000000
0!
0'
#41125000000
1!
1'
b1 -
#41130000000
0!
0'
#41135000000
1!
1'
b10 -
#41140000000
0!
0'
#41145000000
1!
1'
b11 -
10
#41150000000
0!
0'
#41155000000
1!
1'
b0 -
00
#41160000000
0!
0'
#41165000000
1!
1'
b1 -
#41170000000
0!
0'
#41175000000
1!
1'
b10 -
#41180000000
0!
0'
#41185000000
1!
1'
b11 -
10
#41190000000
0!
0'
#41195000000
1!
1'
b0 -
00
#41200000000
0!
0'
#41205000000
1!
1'
b1 -
#41210000000
0!
0'
#41215000000
1!
1'
b10 -
#41220000000
0!
0'
#41225000000
1!
1'
b11 -
10
#41230000000
0!
0'
#41235000000
1!
1'
b0 -
00
#41240000000
0!
0'
#41245000000
1!
1'
b1 -
#41250000000
0!
0'
#41255000000
1!
1'
b10 -
#41260000000
0!
0'
#41265000000
1!
1'
b11 -
10
#41270000000
0!
0'
#41275000000
1!
1'
b0 -
00
#41280000000
0!
0'
#41285000000
1!
1'
b1 -
#41290000000
0!
0'
#41295000000
1!
1'
b10 -
#41300000000
0!
0'
#41305000000
1!
1'
b11 -
10
#41310000000
0!
0'
#41315000000
1!
1'
b0 -
00
#41320000000
0!
0'
#41325000000
1!
1'
b1 -
#41330000000
0!
0'
#41335000000
1!
1'
b10 -
#41340000000
0!
0'
#41345000000
1!
1'
b11 -
10
#41350000000
0!
0'
#41355000000
1!
1'
b0 -
00
#41360000000
0!
0'
#41365000000
1!
1'
b1 -
#41370000000
0!
0'
#41375000000
1!
1'
b10 -
#41380000000
0!
0'
#41385000000
1!
1'
b11 -
10
#41390000000
0!
0'
#41395000000
1!
1'
b0 -
00
#41400000000
0!
0'
#41405000000
1!
1'
b1 -
#41410000000
0!
0'
#41415000000
1!
1'
b10 -
#41420000000
0!
0'
#41425000000
1!
1'
b11 -
10
#41430000000
0!
0'
#41435000000
1!
1'
b0 -
00
#41440000000
0!
0'
#41445000000
1!
1'
b1 -
#41450000000
0!
0'
#41455000000
1!
1'
b10 -
#41460000000
0!
0'
#41465000000
1!
1'
b11 -
10
#41470000000
0!
0'
#41475000000
1!
1'
b0 -
00
#41480000000
0!
0'
#41485000000
1!
1'
b1 -
#41490000000
0!
0'
#41495000000
1!
1'
b10 -
#41500000000
0!
0'
#41505000000
1!
1'
b11 -
10
#41510000000
0!
0'
#41515000000
1!
1'
b0 -
00
#41520000000
0!
0'
#41525000000
1!
1'
b1 -
#41530000000
0!
0'
#41535000000
1!
1'
b10 -
#41540000000
0!
0'
#41545000000
1!
1'
b11 -
10
#41550000000
0!
0'
#41555000000
1!
1'
b0 -
00
#41560000000
0!
0'
#41565000000
1!
1'
b1 -
#41570000000
0!
0'
#41575000000
1!
1'
b10 -
#41580000000
0!
0'
#41585000000
1!
1'
b11 -
10
#41590000000
0!
0'
#41595000000
1!
1'
b0 -
00
#41600000000
0!
0'
#41605000000
1!
1'
b1 -
#41610000000
0!
0'
#41615000000
1!
1'
b10 -
#41620000000
0!
0'
#41625000000
1!
1'
b11 -
10
#41630000000
0!
0'
#41635000000
1!
1'
b0 -
00
#41640000000
0!
0'
#41645000000
1!
1'
b1 -
#41650000000
0!
0'
#41655000000
1!
1'
b10 -
#41660000000
0!
0'
#41665000000
1!
1'
b11 -
10
#41670000000
0!
0'
#41675000000
1!
1'
b0 -
00
#41680000000
0!
0'
#41685000000
1!
1'
b1 -
#41690000000
0!
0'
#41695000000
1!
1'
b10 -
#41700000000
0!
0'
#41705000000
1!
1'
b11 -
10
#41710000000
0!
0'
#41715000000
1!
1'
b0 -
00
#41720000000
0!
0'
#41725000000
1!
1'
b1 -
#41730000000
0!
0'
#41735000000
1!
1'
b10 -
#41740000000
0!
0'
#41745000000
1!
1'
b11 -
10
#41750000000
0!
0'
#41755000000
1!
1'
b0 -
00
#41760000000
0!
0'
#41765000000
1!
1'
b1 -
#41770000000
0!
0'
#41775000000
1!
1'
b10 -
#41780000000
0!
0'
#41785000000
1!
1'
b11 -
10
#41790000000
0!
0'
#41795000000
1!
1'
b0 -
00
#41800000000
0!
0'
#41805000000
1!
1'
b1 -
#41810000000
0!
0'
#41815000000
1!
1'
b10 -
#41820000000
0!
0'
#41825000000
1!
1'
b11 -
10
#41830000000
0!
0'
#41835000000
1!
1'
b0 -
00
#41840000000
0!
0'
#41845000000
1!
1'
b1 -
#41850000000
0!
0'
#41855000000
1!
1'
b10 -
#41860000000
0!
0'
#41865000000
1!
1'
b11 -
10
#41870000000
0!
0'
#41875000000
1!
1'
b0 -
00
#41880000000
0!
0'
#41885000000
1!
1'
b1 -
#41890000000
0!
0'
#41895000000
1!
1'
b10 -
#41900000000
0!
0'
#41905000000
1!
1'
b11 -
10
#41910000000
0!
0'
#41915000000
1!
1'
b0 -
00
#41920000000
0!
0'
#41925000000
1!
1'
b1 -
#41930000000
0!
0'
#41935000000
1!
1'
b10 -
#41940000000
0!
0'
#41945000000
1!
1'
b11 -
10
#41950000000
0!
0'
#41955000000
1!
1'
b0 -
00
#41960000000
0!
0'
#41965000000
1!
1'
b1 -
#41970000000
0!
0'
#41975000000
1!
1'
b10 -
#41980000000
0!
0'
#41985000000
1!
1'
b11 -
10
#41990000000
0!
0'
#41995000000
1!
1'
b0 -
00
#42000000000
0!
0'
#42005000000
1!
1'
b1 -
#42010000000
0!
0'
#42015000000
1!
1'
b10 -
#42020000000
0!
0'
#42025000000
1!
1'
b11 -
10
#42030000000
0!
0'
#42035000000
1!
1'
b0 -
00
#42040000000
0!
0'
#42045000000
1!
1'
b1 -
#42050000000
0!
0'
#42055000000
1!
1'
b10 -
#42060000000
0!
0'
#42065000000
1!
1'
b11 -
10
#42070000000
0!
0'
#42075000000
1!
1'
b0 -
00
#42080000000
0!
0'
#42085000000
1!
1'
b1 -
#42090000000
0!
0'
#42095000000
1!
1'
b10 -
#42100000000
0!
0'
#42105000000
1!
1'
b11 -
10
#42110000000
0!
0'
#42115000000
1!
1'
b0 -
00
#42120000000
0!
0'
#42125000000
1!
1'
b1 -
#42130000000
0!
0'
#42135000000
1!
1'
b10 -
#42140000000
0!
0'
#42145000000
1!
1'
b11 -
10
#42150000000
0!
0'
#42155000000
1!
1'
b0 -
00
#42160000000
0!
0'
#42165000000
1!
1'
b1 -
#42170000000
0!
0'
#42175000000
1!
1'
b10 -
#42180000000
0!
0'
#42185000000
1!
1'
b11 -
10
#42190000000
0!
0'
#42195000000
1!
1'
b0 -
00
#42200000000
0!
0'
#42205000000
1!
1'
b1 -
#42210000000
0!
0'
#42215000000
1!
1'
b10 -
#42220000000
0!
0'
#42225000000
1!
1'
b11 -
10
#42230000000
0!
0'
#42235000000
1!
1'
b0 -
00
#42240000000
0!
0'
#42245000000
1!
1'
b1 -
#42250000000
0!
0'
#42255000000
1!
1'
b10 -
#42260000000
0!
0'
#42265000000
1!
1'
b11 -
10
#42270000000
0!
0'
#42275000000
1!
1'
b0 -
00
#42280000000
0!
0'
#42285000000
1!
1'
b1 -
#42290000000
0!
0'
#42295000000
1!
1'
b10 -
#42300000000
0!
0'
#42305000000
1!
1'
b11 -
10
#42310000000
0!
0'
#42315000000
1!
1'
b0 -
00
#42320000000
0!
0'
#42325000000
1!
1'
b1 -
#42330000000
0!
0'
#42335000000
1!
1'
b10 -
#42340000000
0!
0'
#42345000000
1!
1'
b11 -
10
#42350000000
0!
0'
#42355000000
1!
1'
b0 -
00
#42360000000
0!
0'
#42365000000
1!
1'
b1 -
#42370000000
0!
0'
#42375000000
1!
1'
b10 -
#42380000000
0!
0'
#42385000000
1!
1'
b11 -
10
#42390000000
0!
0'
#42395000000
1!
1'
b0 -
00
#42400000000
0!
0'
#42405000000
1!
1'
b1 -
#42410000000
0!
0'
#42415000000
1!
1'
b10 -
#42420000000
0!
0'
#42425000000
1!
1'
b11 -
10
#42430000000
0!
0'
#42435000000
1!
1'
b0 -
00
#42440000000
0!
0'
#42445000000
1!
1'
b1 -
#42450000000
0!
0'
#42455000000
1!
1'
b10 -
#42460000000
0!
0'
#42465000000
1!
1'
b11 -
10
#42470000000
0!
0'
#42475000000
1!
1'
b0 -
00
#42480000000
0!
0'
#42485000000
1!
1'
b1 -
#42490000000
0!
0'
#42495000000
1!
1'
b10 -
#42500000000
0!
0'
#42505000000
1!
1'
b11 -
10
#42510000000
0!
0'
#42515000000
1!
1'
b0 -
00
#42520000000
0!
0'
#42525000000
1!
1'
b1 -
#42530000000
0!
0'
#42535000000
1!
1'
b10 -
#42540000000
0!
0'
#42545000000
1!
1'
b11 -
10
#42550000000
0!
0'
#42555000000
1!
1'
b0 -
00
#42560000000
0!
0'
#42565000000
1!
1'
b1 -
#42570000000
0!
0'
#42575000000
1!
1'
b10 -
#42580000000
0!
0'
#42585000000
1!
1'
b11 -
10
#42590000000
0!
0'
#42595000000
1!
1'
b0 -
00
#42600000000
0!
0'
#42605000000
1!
1'
b1 -
#42610000000
0!
0'
#42615000000
1!
1'
b10 -
#42620000000
0!
0'
#42625000000
1!
1'
b11 -
10
#42630000000
0!
0'
#42635000000
1!
1'
b0 -
00
#42640000000
0!
0'
#42645000000
1!
1'
b1 -
#42650000000
0!
0'
#42655000000
1!
1'
b10 -
#42660000000
0!
0'
#42665000000
1!
1'
b11 -
10
#42670000000
0!
0'
#42675000000
1!
1'
b0 -
00
#42680000000
0!
0'
#42685000000
1!
1'
b1 -
#42690000000
0!
0'
#42695000000
1!
1'
b10 -
#42700000000
0!
0'
#42705000000
1!
1'
b11 -
10
#42710000000
0!
0'
#42715000000
1!
1'
b0 -
00
#42720000000
0!
0'
#42725000000
1!
1'
b1 -
#42730000000
0!
0'
#42735000000
1!
1'
b10 -
#42740000000
0!
0'
#42745000000
1!
1'
b11 -
10
#42750000000
0!
0'
#42755000000
1!
1'
b0 -
00
#42760000000
0!
0'
#42765000000
1!
1'
b1 -
#42770000000
0!
0'
#42775000000
1!
1'
b10 -
#42780000000
0!
0'
#42785000000
1!
1'
b11 -
10
#42790000000
0!
0'
#42795000000
1!
1'
b0 -
00
#42800000000
0!
0'
#42805000000
1!
1'
b1 -
#42810000000
0!
0'
#42815000000
1!
1'
b10 -
#42820000000
0!
0'
#42825000000
1!
1'
b11 -
10
#42830000000
0!
0'
#42835000000
1!
1'
b0 -
00
#42840000000
0!
0'
#42845000000
1!
1'
b1 -
#42850000000
0!
0'
#42855000000
1!
1'
b10 -
#42860000000
0!
0'
#42865000000
1!
1'
b11 -
10
#42870000000
0!
0'
#42875000000
1!
1'
b0 -
00
#42880000000
0!
0'
#42885000000
1!
1'
b1 -
#42890000000
0!
0'
#42895000000
1!
1'
b10 -
#42900000000
0!
0'
#42905000000
1!
1'
b11 -
10
#42910000000
0!
0'
#42915000000
1!
1'
b0 -
00
#42920000000
0!
0'
#42925000000
1!
1'
b1 -
#42930000000
0!
0'
#42935000000
1!
1'
b10 -
#42940000000
0!
0'
#42945000000
1!
1'
b11 -
10
#42950000000
0!
0'
#42955000000
1!
1'
b0 -
00
#42960000000
0!
0'
#42965000000
1!
1'
b1 -
#42970000000
0!
0'
#42975000000
1!
1'
b10 -
#42980000000
0!
0'
#42985000000
1!
1'
b11 -
10
#42990000000
0!
0'
#42995000000
1!
1'
b0 -
00
#43000000000
0!
0'
#43005000000
1!
1'
b1 -
#43010000000
0!
0'
#43015000000
1!
1'
b10 -
#43020000000
0!
0'
#43025000000
1!
1'
b11 -
10
#43030000000
0!
0'
#43035000000
1!
1'
b0 -
00
#43040000000
0!
0'
#43045000000
1!
1'
b1 -
#43050000000
0!
0'
#43055000000
1!
1'
b10 -
#43060000000
0!
0'
#43065000000
1!
1'
b11 -
10
#43070000000
0!
0'
#43075000000
1!
1'
b0 -
00
#43080000000
0!
0'
#43085000000
1!
1'
b1 -
#43090000000
0!
0'
#43095000000
1!
1'
b10 -
#43100000000
0!
0'
#43105000000
1!
1'
b11 -
10
#43110000000
0!
0'
#43115000000
1!
1'
b0 -
00
#43120000000
0!
0'
#43125000000
1!
1'
b1 -
#43130000000
0!
0'
#43135000000
1!
1'
b10 -
#43140000000
0!
0'
#43145000000
1!
1'
b11 -
10
#43150000000
0!
0'
#43155000000
1!
1'
b0 -
00
#43160000000
0!
0'
#43165000000
1!
1'
b1 -
#43170000000
0!
0'
#43175000000
1!
1'
b10 -
#43180000000
0!
0'
#43185000000
1!
1'
b11 -
10
#43190000000
0!
0'
#43195000000
1!
1'
b0 -
00
#43200000000
0!
0'
#43205000000
1!
1'
b1 -
#43210000000
0!
0'
#43215000000
1!
1'
b10 -
#43220000000
0!
0'
#43225000000
1!
1'
b11 -
10
#43230000000
0!
0'
#43235000000
1!
1'
b0 -
00
#43240000000
0!
0'
#43245000000
1!
1'
b1 -
#43250000000
0!
0'
#43255000000
1!
1'
b10 -
#43260000000
0!
0'
#43265000000
1!
1'
b11 -
10
#43270000000
0!
0'
#43275000000
1!
1'
b0 -
00
#43280000000
0!
0'
#43285000000
1!
1'
b1 -
#43290000000
0!
0'
#43295000000
1!
1'
b10 -
#43300000000
0!
0'
#43305000000
1!
1'
b11 -
10
#43310000000
0!
0'
#43315000000
1!
1'
b0 -
00
#43320000000
0!
0'
#43325000000
1!
1'
b1 -
#43330000000
0!
0'
#43335000000
1!
1'
b10 -
#43340000000
0!
0'
#43345000000
1!
1'
b11 -
10
#43350000000
0!
0'
#43355000000
1!
1'
b0 -
00
#43360000000
0!
0'
#43365000000
1!
1'
b1 -
#43370000000
0!
0'
#43375000000
1!
1'
b10 -
#43380000000
0!
0'
#43385000000
1!
1'
b11 -
10
#43390000000
0!
0'
#43395000000
1!
1'
b0 -
00
#43400000000
0!
0'
#43405000000
1!
1'
b1 -
#43410000000
0!
0'
#43415000000
1!
1'
b10 -
#43420000000
0!
0'
#43425000000
1!
1'
b11 -
10
#43430000000
0!
0'
#43435000000
1!
1'
b0 -
00
#43440000000
0!
0'
#43445000000
1!
1'
b1 -
#43450000000
0!
0'
#43455000000
1!
1'
b10 -
#43460000000
0!
0'
#43465000000
1!
1'
b11 -
10
#43470000000
0!
0'
#43475000000
1!
1'
b0 -
00
#43480000000
0!
0'
#43485000000
1!
1'
b1 -
#43490000000
0!
0'
#43495000000
1!
1'
b10 -
#43500000000
0!
0'
#43505000000
1!
1'
b11 -
10
#43510000000
0!
0'
#43515000000
1!
1'
b0 -
00
#43520000000
0!
0'
#43525000000
1!
1'
b1 -
#43530000000
0!
0'
#43535000000
1!
1'
b10 -
#43540000000
0!
0'
#43545000000
1!
1'
b11 -
10
#43550000000
0!
0'
#43555000000
1!
1'
b0 -
00
#43560000000
0!
0'
#43565000000
1!
1'
b1 -
#43570000000
0!
0'
#43575000000
1!
1'
b10 -
#43580000000
0!
0'
#43585000000
1!
1'
b11 -
10
#43590000000
0!
0'
#43595000000
1!
1'
b0 -
00
#43600000000
0!
0'
#43605000000
1!
1'
b1 -
#43610000000
0!
0'
#43615000000
1!
1'
b10 -
#43620000000
0!
0'
#43625000000
1!
1'
b11 -
10
#43630000000
0!
0'
#43635000000
1!
1'
b0 -
00
#43640000000
0!
0'
#43645000000
1!
1'
b1 -
#43650000000
0!
0'
#43655000000
1!
1'
b10 -
#43660000000
0!
0'
#43665000000
1!
1'
b11 -
10
#43670000000
0!
0'
#43675000000
1!
1'
b0 -
00
#43680000000
0!
0'
#43685000000
1!
1'
b1 -
#43690000000
0!
0'
#43695000000
1!
1'
b10 -
#43700000000
0!
0'
#43705000000
1!
1'
b11 -
10
#43710000000
0!
0'
#43715000000
1!
1'
b0 -
00
#43720000000
0!
0'
#43725000000
1!
1'
b1 -
#43730000000
0!
0'
#43735000000
1!
1'
b10 -
#43740000000
0!
0'
#43745000000
1!
1'
b11 -
10
#43750000000
0!
0'
#43755000000
1!
1'
b0 -
00
#43760000000
0!
0'
#43765000000
1!
1'
b1 -
#43770000000
0!
0'
#43775000000
1!
1'
b10 -
#43780000000
0!
0'
#43785000000
1!
1'
b11 -
10
#43790000000
0!
0'
#43795000000
1!
1'
b0 -
00
#43800000000
0!
0'
#43805000000
1!
1'
b1 -
#43810000000
0!
0'
#43815000000
1!
1'
b10 -
#43820000000
0!
0'
#43825000000
1!
1'
b11 -
10
#43830000000
0!
0'
#43835000000
1!
1'
b0 -
00
#43840000000
0!
0'
#43845000000
1!
1'
b1 -
#43850000000
0!
0'
#43855000000
1!
1'
b10 -
#43860000000
0!
0'
#43865000000
1!
1'
b11 -
10
#43870000000
0!
0'
#43875000000
1!
1'
b0 -
00
#43880000000
0!
0'
#43885000000
1!
1'
b1 -
#43890000000
0!
0'
#43895000000
1!
1'
b10 -
#43900000000
0!
0'
#43905000000
1!
1'
b11 -
10
#43910000000
0!
0'
#43915000000
1!
1'
b0 -
00
#43920000000
0!
0'
#43925000000
1!
1'
b1 -
#43930000000
0!
0'
#43935000000
1!
1'
b10 -
#43940000000
0!
0'
#43945000000
1!
1'
b11 -
10
#43950000000
0!
0'
#43955000000
1!
1'
b0 -
00
#43960000000
0!
0'
#43965000000
1!
1'
b1 -
#43970000000
0!
0'
#43975000000
1!
1'
b10 -
#43980000000
0!
0'
#43985000000
1!
1'
b11 -
10
#43990000000
0!
0'
#43995000000
1!
1'
b0 -
00
#44000000000
0!
0'
#44005000000
1!
1'
b1 -
#44010000000
0!
0'
#44015000000
1!
1'
b10 -
#44020000000
0!
0'
#44025000000
1!
1'
b11 -
10
#44030000000
0!
0'
#44035000000
1!
1'
b0 -
00
#44040000000
0!
0'
#44045000000
1!
1'
b1 -
#44050000000
0!
0'
#44055000000
1!
1'
b10 -
#44060000000
0!
0'
#44065000000
1!
1'
b11 -
10
#44070000000
0!
0'
#44075000000
1!
1'
b0 -
00
#44080000000
0!
0'
#44085000000
1!
1'
b1 -
#44090000000
0!
0'
#44095000000
1!
1'
b10 -
#44100000000
0!
0'
#44105000000
1!
1'
b11 -
10
#44110000000
0!
0'
#44115000000
1!
1'
b0 -
00
#44120000000
0!
0'
#44125000000
1!
1'
b1 -
#44130000000
0!
0'
#44135000000
1!
1'
b10 -
#44140000000
0!
0'
#44145000000
1!
1'
b11 -
10
#44150000000
0!
0'
#44155000000
1!
1'
b0 -
00
#44160000000
0!
0'
#44165000000
1!
1'
b1 -
#44170000000
0!
0'
#44175000000
1!
1'
b10 -
#44180000000
0!
0'
#44185000000
1!
1'
b11 -
10
#44190000000
0!
0'
#44195000000
1!
1'
b0 -
00
#44200000000
0!
0'
#44205000000
1!
1'
b1 -
#44210000000
0!
0'
#44215000000
1!
1'
b10 -
#44220000000
0!
0'
#44225000000
1!
1'
b11 -
10
#44230000000
0!
0'
#44235000000
1!
1'
b0 -
00
#44240000000
0!
0'
#44245000000
1!
1'
b1 -
#44250000000
0!
0'
#44255000000
1!
1'
b10 -
#44260000000
0!
0'
#44265000000
1!
1'
b11 -
10
#44270000000
0!
0'
#44275000000
1!
1'
b0 -
00
#44280000000
0!
0'
#44285000000
1!
1'
b1 -
#44290000000
0!
0'
#44295000000
1!
1'
b10 -
#44300000000
0!
0'
#44305000000
1!
1'
b11 -
10
#44310000000
0!
0'
#44315000000
1!
1'
b0 -
00
#44320000000
0!
0'
#44325000000
1!
1'
b1 -
#44330000000
0!
0'
#44335000000
1!
1'
b10 -
#44340000000
0!
0'
#44345000000
1!
1'
b11 -
10
#44350000000
0!
0'
#44355000000
1!
1'
b0 -
00
#44360000000
0!
0'
#44365000000
1!
1'
b1 -
#44370000000
0!
0'
#44375000000
1!
1'
b10 -
#44380000000
0!
0'
#44385000000
1!
1'
b11 -
10
#44390000000
0!
0'
#44395000000
1!
1'
b0 -
00
#44400000000
0!
0'
#44405000000
1!
1'
b1 -
#44410000000
0!
0'
#44415000000
1!
1'
b10 -
#44420000000
0!
0'
#44425000000
1!
1'
b11 -
10
#44430000000
0!
0'
#44435000000
1!
1'
b0 -
00
#44440000000
0!
0'
#44445000000
1!
1'
b1 -
#44450000000
0!
0'
#44455000000
1!
1'
b10 -
#44460000000
0!
0'
#44465000000
1!
1'
b11 -
10
#44470000000
0!
0'
#44475000000
1!
1'
b0 -
00
#44480000000
0!
0'
#44485000000
1!
1'
b1 -
#44490000000
0!
0'
#44495000000
1!
1'
b10 -
#44500000000
0!
0'
#44505000000
1!
1'
b11 -
10
#44510000000
0!
0'
#44515000000
1!
1'
b0 -
00
#44520000000
0!
0'
#44525000000
1!
1'
b1 -
#44530000000
0!
0'
#44535000000
1!
1'
b10 -
#44540000000
0!
0'
#44545000000
1!
1'
b11 -
10
#44550000000
0!
0'
#44555000000
1!
1'
b0 -
00
#44560000000
0!
0'
#44565000000
1!
1'
b1 -
#44570000000
0!
0'
#44575000000
1!
1'
b10 -
#44580000000
0!
0'
#44585000000
1!
1'
b11 -
10
#44590000000
0!
0'
#44595000000
1!
1'
b0 -
00
#44600000000
0!
0'
#44605000000
1!
1'
b1 -
#44610000000
0!
0'
#44615000000
1!
1'
b10 -
#44620000000
0!
0'
#44625000000
1!
1'
b11 -
10
#44630000000
0!
0'
#44635000000
1!
1'
b0 -
00
#44640000000
0!
0'
#44645000000
1!
1'
b1 -
#44650000000
0!
0'
#44655000000
1!
1'
b10 -
#44660000000
0!
0'
#44665000000
1!
1'
b11 -
10
#44670000000
0!
0'
#44675000000
1!
1'
b0 -
00
#44680000000
0!
0'
#44685000000
1!
1'
b1 -
#44690000000
0!
0'
#44695000000
1!
1'
b10 -
#44700000000
0!
0'
#44705000000
1!
1'
b11 -
10
#44710000000
0!
0'
#44715000000
1!
1'
b0 -
00
#44720000000
0!
0'
#44725000000
1!
1'
b1 -
#44730000000
0!
0'
#44735000000
1!
1'
b10 -
#44740000000
0!
0'
#44745000000
1!
1'
b11 -
10
#44750000000
0!
0'
#44755000000
1!
1'
b0 -
00
#44760000000
0!
0'
#44765000000
1!
1'
b1 -
#44770000000
0!
0'
#44775000000
1!
1'
b10 -
#44780000000
0!
0'
#44785000000
1!
1'
b11 -
10
#44790000000
0!
0'
#44795000000
1!
1'
b0 -
00
#44800000000
0!
0'
#44805000000
1!
1'
b1 -
#44810000000
0!
0'
#44815000000
1!
1'
b10 -
#44820000000
0!
0'
#44825000000
1!
1'
b11 -
10
#44830000000
0!
0'
#44835000000
1!
1'
b0 -
00
#44840000000
0!
0'
#44845000000
1!
1'
b1 -
#44850000000
0!
0'
#44855000000
1!
1'
b10 -
#44860000000
0!
0'
#44865000000
1!
1'
b11 -
10
#44870000000
0!
0'
#44875000000
1!
1'
b0 -
00
#44880000000
0!
0'
#44885000000
1!
1'
b1 -
#44890000000
0!
0'
#44895000000
1!
1'
b10 -
#44900000000
0!
0'
#44905000000
1!
1'
b11 -
10
#44910000000
0!
0'
#44915000000
1!
1'
b0 -
00
#44920000000
0!
0'
#44925000000
1!
1'
b1 -
#44930000000
0!
0'
#44935000000
1!
1'
b10 -
#44940000000
0!
0'
#44945000000
1!
1'
b11 -
10
#44950000000
0!
0'
#44955000000
1!
1'
b0 -
00
#44960000000
0!
0'
#44965000000
1!
1'
b1 -
#44970000000
0!
0'
#44975000000
1!
1'
b10 -
#44980000000
0!
0'
#44985000000
1!
1'
b11 -
10
#44990000000
0!
0'
#44995000000
1!
1'
b0 -
00
#45000000000
0!
0'
#45005000000
1!
1'
b1 -
#45010000000
0!
0'
#45015000000
1!
1'
b10 -
#45020000000
0!
0'
#45025000000
1!
1'
b11 -
10
#45030000000
0!
0'
#45035000000
1!
1'
b0 -
00
#45040000000
0!
0'
#45045000000
1!
1'
b1 -
#45050000000
0!
0'
#45055000000
1!
1'
b10 -
#45060000000
0!
0'
#45065000000
1!
1'
b11 -
10
#45070000000
0!
0'
#45075000000
1!
1'
b0 -
00
#45080000000
0!
0'
#45085000000
1!
1'
b1 -
#45090000000
0!
0'
#45095000000
1!
1'
b10 -
#45100000000
0!
0'
#45105000000
1!
1'
b11 -
10
#45110000000
0!
0'
#45115000000
1!
1'
b0 -
00
#45120000000
0!
0'
#45125000000
1!
1'
b1 -
#45130000000
0!
0'
#45135000000
1!
1'
b10 -
#45140000000
0!
0'
#45145000000
1!
1'
b11 -
10
#45150000000
0!
0'
#45155000000
1!
1'
b0 -
00
#45160000000
0!
0'
#45165000000
1!
1'
b1 -
#45170000000
0!
0'
#45175000000
1!
1'
b10 -
#45180000000
0!
0'
#45185000000
1!
1'
b11 -
10
#45190000000
0!
0'
#45195000000
1!
1'
b0 -
00
#45200000000
0!
0'
#45205000000
1!
1'
b1 -
#45210000000
0!
0'
#45215000000
1!
1'
b10 -
#45220000000
0!
0'
#45225000000
1!
1'
b11 -
10
#45230000000
0!
0'
#45235000000
1!
1'
b0 -
00
#45240000000
0!
0'
#45245000000
1!
1'
b1 -
#45250000000
0!
0'
#45255000000
1!
1'
b10 -
#45260000000
0!
0'
#45265000000
1!
1'
b11 -
10
#45270000000
0!
0'
#45275000000
1!
1'
b0 -
00
#45280000000
0!
0'
#45285000000
1!
1'
b1 -
#45290000000
0!
0'
#45295000000
1!
1'
b10 -
#45300000000
0!
0'
#45305000000
1!
1'
b11 -
10
#45310000000
0!
0'
#45315000000
1!
1'
b0 -
00
#45320000000
0!
0'
#45325000000
1!
1'
b1 -
#45330000000
0!
0'
#45335000000
1!
1'
b10 -
#45340000000
0!
0'
#45345000000
1!
1'
b11 -
10
#45350000000
0!
0'
#45355000000
1!
1'
b0 -
00
#45360000000
0!
0'
#45365000000
1!
1'
b1 -
#45370000000
0!
0'
#45375000000
1!
1'
b10 -
#45380000000
0!
0'
#45385000000
1!
1'
b11 -
10
#45390000000
0!
0'
#45395000000
1!
1'
b0 -
00
#45400000000
0!
0'
#45405000000
1!
1'
b1 -
#45410000000
0!
0'
#45415000000
1!
1'
b10 -
#45420000000
0!
0'
#45425000000
1!
1'
b11 -
10
#45430000000
0!
0'
#45435000000
1!
1'
b0 -
00
#45440000000
0!
0'
#45445000000
1!
1'
b1 -
#45450000000
0!
0'
#45455000000
1!
1'
b10 -
#45460000000
0!
0'
#45465000000
1!
1'
b11 -
10
#45470000000
0!
0'
#45475000000
1!
1'
b0 -
00
#45480000000
0!
0'
#45485000000
1!
1'
b1 -
#45490000000
0!
0'
#45495000000
1!
1'
b10 -
#45500000000
0!
0'
#45505000000
1!
1'
b11 -
10
#45510000000
0!
0'
#45515000000
1!
1'
b0 -
00
#45520000000
0!
0'
#45525000000
1!
1'
b1 -
#45530000000
0!
0'
#45535000000
1!
1'
b10 -
#45540000000
0!
0'
#45545000000
1!
1'
b11 -
10
#45550000000
0!
0'
#45555000000
1!
1'
b0 -
00
#45560000000
0!
0'
#45565000000
1!
1'
b1 -
#45570000000
0!
0'
#45575000000
1!
1'
b10 -
#45580000000
0!
0'
#45585000000
1!
1'
b11 -
10
#45590000000
0!
0'
#45595000000
1!
1'
b0 -
00
#45600000000
0!
0'
#45605000000
1!
1'
b1 -
#45610000000
0!
0'
#45615000000
1!
1'
b10 -
#45620000000
0!
0'
#45625000000
1!
1'
b11 -
10
#45630000000
0!
0'
#45635000000
1!
1'
b0 -
00
#45640000000
0!
0'
#45645000000
1!
1'
b1 -
#45650000000
0!
0'
#45655000000
1!
1'
b10 -
#45660000000
0!
0'
#45665000000
1!
1'
b11 -
10
#45670000000
0!
0'
#45675000000
1!
1'
b0 -
00
#45680000000
0!
0'
#45685000000
1!
1'
b1 -
#45690000000
0!
0'
#45695000000
1!
1'
b10 -
#45700000000
0!
0'
#45705000000
1!
1'
b11 -
10
#45710000000
0!
0'
#45715000000
1!
1'
b0 -
00
#45720000000
0!
0'
#45725000000
1!
1'
b1 -
#45730000000
0!
0'
#45735000000
1!
1'
b10 -
#45740000000
0!
0'
#45745000000
1!
1'
b11 -
10
#45750000000
0!
0'
#45755000000
1!
1'
b0 -
00
#45760000000
0!
0'
#45765000000
1!
1'
b1 -
#45770000000
0!
0'
#45775000000
1!
1'
b10 -
#45780000000
0!
0'
#45785000000
1!
1'
b11 -
10
#45790000000
0!
0'
#45795000000
1!
1'
b0 -
00
#45800000000
0!
0'
#45805000000
1!
1'
b1 -
#45810000000
0!
0'
#45815000000
1!
1'
b10 -
#45820000000
0!
0'
#45825000000
1!
1'
b11 -
10
#45830000000
0!
0'
#45835000000
1!
1'
b0 -
00
#45840000000
0!
0'
#45845000000
1!
1'
b1 -
#45850000000
0!
0'
#45855000000
1!
1'
b10 -
#45860000000
0!
0'
#45865000000
1!
1'
b11 -
10
#45870000000
0!
0'
#45875000000
1!
1'
b0 -
00
#45880000000
0!
0'
#45885000000
1!
1'
b1 -
#45890000000
0!
0'
#45895000000
1!
1'
b10 -
#45900000000
0!
0'
#45905000000
1!
1'
b11 -
10
#45910000000
0!
0'
#45915000000
1!
1'
b0 -
00
#45920000000
0!
0'
#45925000000
1!
1'
b1 -
#45930000000
0!
0'
#45935000000
1!
1'
b10 -
#45940000000
0!
0'
#45945000000
1!
1'
b11 -
10
#45950000000
0!
0'
#45955000000
1!
1'
b0 -
00
#45960000000
0!
0'
#45965000000
1!
1'
b1 -
#45970000000
0!
0'
#45975000000
1!
1'
b10 -
#45980000000
0!
0'
#45985000000
1!
1'
b11 -
10
#45990000000
0!
0'
#45995000000
1!
1'
b0 -
00
#46000000000
0!
0'
#46005000000
1!
1'
b1 -
#46010000000
0!
0'
#46015000000
1!
1'
b10 -
#46020000000
0!
0'
#46025000000
1!
1'
b11 -
10
#46030000000
0!
0'
#46035000000
1!
1'
b0 -
00
#46040000000
0!
0'
#46045000000
1!
1'
b1 -
#46050000000
0!
0'
#46055000000
1!
1'
b10 -
#46060000000
0!
0'
#46065000000
1!
1'
b11 -
10
#46070000000
0!
0'
#46075000000
1!
1'
b0 -
00
#46080000000
0!
0'
#46085000000
1!
1'
b1 -
#46090000000
0!
0'
#46095000000
1!
1'
b10 -
#46100000000
0!
0'
#46105000000
1!
1'
b11 -
10
#46110000000
0!
0'
#46115000000
1!
1'
b0 -
00
#46120000000
0!
0'
#46125000000
1!
1'
b1 -
#46130000000
0!
0'
#46135000000
1!
1'
b10 -
#46140000000
0!
0'
#46145000000
1!
1'
b11 -
10
#46150000000
0!
0'
#46155000000
1!
1'
b0 -
00
#46160000000
0!
0'
#46165000000
1!
1'
b1 -
#46170000000
0!
0'
#46175000000
1!
1'
b10 -
#46180000000
0!
0'
#46185000000
1!
1'
b11 -
10
#46190000000
0!
0'
#46195000000
1!
1'
b0 -
00
#46200000000
0!
0'
#46205000000
1!
1'
b1 -
#46210000000
0!
0'
#46215000000
1!
1'
b10 -
#46220000000
0!
0'
#46225000000
1!
1'
b11 -
10
#46230000000
0!
0'
#46235000000
1!
1'
b0 -
00
#46240000000
0!
0'
#46245000000
1!
1'
b1 -
#46250000000
0!
0'
#46255000000
1!
1'
b10 -
#46260000000
0!
0'
#46265000000
1!
1'
b11 -
10
#46270000000
0!
0'
#46275000000
1!
1'
b0 -
00
#46280000000
0!
0'
#46285000000
1!
1'
b1 -
#46290000000
0!
0'
#46295000000
1!
1'
b10 -
#46300000000
0!
0'
#46305000000
1!
1'
b11 -
10
#46310000000
0!
0'
#46315000000
1!
1'
b0 -
00
#46320000000
0!
0'
#46325000000
1!
1'
b1 -
#46330000000
0!
0'
#46335000000
1!
1'
b10 -
#46340000000
0!
0'
#46345000000
1!
1'
b11 -
10
#46350000000
0!
0'
#46355000000
1!
1'
b0 -
00
#46360000000
0!
0'
#46365000000
1!
1'
b1 -
#46370000000
0!
0'
#46375000000
1!
1'
b10 -
#46380000000
0!
0'
#46385000000
1!
1'
b11 -
10
#46390000000
0!
0'
#46395000000
1!
1'
b0 -
00
#46400000000
0!
0'
#46405000000
1!
1'
b1 -
#46410000000
0!
0'
#46415000000
1!
1'
b10 -
#46420000000
0!
0'
#46425000000
1!
1'
b11 -
10
#46430000000
0!
0'
#46435000000
1!
1'
b0 -
00
#46440000000
0!
0'
#46445000000
1!
1'
b1 -
#46450000000
0!
0'
#46455000000
1!
1'
b10 -
#46460000000
0!
0'
#46465000000
1!
1'
b11 -
10
#46470000000
0!
0'
#46475000000
1!
1'
b0 -
00
#46480000000
0!
0'
#46485000000
1!
1'
b1 -
#46490000000
0!
0'
#46495000000
1!
1'
b10 -
#46500000000
0!
0'
#46505000000
1!
1'
b11 -
10
#46510000000
0!
0'
#46515000000
1!
1'
b0 -
00
#46520000000
0!
0'
#46525000000
1!
1'
b1 -
#46530000000
0!
0'
#46535000000
1!
1'
b10 -
#46540000000
0!
0'
#46545000000
1!
1'
b11 -
10
#46550000000
0!
0'
#46555000000
1!
1'
b0 -
00
#46560000000
0!
0'
#46565000000
1!
1'
b1 -
#46570000000
0!
0'
#46575000000
1!
1'
b10 -
#46580000000
0!
0'
#46585000000
1!
1'
b11 -
10
#46590000000
0!
0'
#46595000000
1!
1'
b0 -
00
#46600000000
0!
0'
#46605000000
1!
1'
b1 -
#46610000000
0!
0'
#46615000000
1!
1'
b10 -
#46620000000
0!
0'
#46625000000
1!
1'
b11 -
10
#46630000000
0!
0'
#46635000000
1!
1'
b0 -
00
#46640000000
0!
0'
#46645000000
1!
1'
b1 -
#46650000000
0!
0'
#46655000000
1!
1'
b10 -
#46660000000
0!
0'
#46665000000
1!
1'
b11 -
10
#46670000000
0!
0'
#46675000000
1!
1'
b0 -
00
#46680000000
0!
0'
#46685000000
1!
1'
b1 -
#46690000000
0!
0'
#46695000000
1!
1'
b10 -
#46700000000
0!
0'
#46705000000
1!
1'
b11 -
10
#46710000000
0!
0'
#46715000000
1!
1'
b0 -
00
#46720000000
0!
0'
#46725000000
1!
1'
b1 -
#46730000000
0!
0'
#46735000000
1!
1'
b10 -
#46740000000
0!
0'
#46745000000
1!
1'
b11 -
10
#46750000000
0!
0'
#46755000000
1!
1'
b0 -
00
#46760000000
0!
0'
#46765000000
1!
1'
b1 -
#46770000000
0!
0'
#46775000000
1!
1'
b10 -
#46780000000
0!
0'
#46785000000
1!
1'
b11 -
10
#46790000000
0!
0'
#46795000000
1!
1'
b0 -
00
#46800000000
0!
0'
#46805000000
1!
1'
b1 -
#46810000000
0!
0'
#46815000000
1!
1'
b10 -
#46820000000
0!
0'
#46825000000
1!
1'
b11 -
10
#46830000000
0!
0'
#46835000000
1!
1'
b0 -
00
#46840000000
0!
0'
#46845000000
1!
1'
b1 -
#46850000000
0!
0'
#46855000000
1!
1'
b10 -
#46860000000
0!
0'
#46865000000
1!
1'
b11 -
10
#46870000000
0!
0'
#46875000000
1!
1'
b0 -
00
#46880000000
0!
0'
#46885000000
1!
1'
b1 -
#46890000000
0!
0'
#46895000000
1!
1'
b10 -
#46900000000
0!
0'
#46905000000
1!
1'
b11 -
10
#46910000000
0!
0'
#46915000000
1!
1'
b0 -
00
#46920000000
0!
0'
#46925000000
1!
1'
b1 -
#46930000000
0!
0'
#46935000000
1!
1'
b10 -
#46940000000
0!
0'
#46945000000
1!
1'
b11 -
10
#46950000000
0!
0'
#46955000000
1!
1'
b0 -
00
#46960000000
0!
0'
#46965000000
1!
1'
b1 -
#46970000000
0!
0'
#46975000000
1!
1'
b10 -
#46980000000
0!
0'
#46985000000
1!
1'
b11 -
10
#46990000000
0!
0'
#46995000000
1!
1'
b0 -
00
#47000000000
0!
0'
#47005000000
1!
1'
b1 -
#47010000000
0!
0'
#47015000000
1!
1'
b10 -
#47020000000
0!
0'
#47025000000
1!
1'
b11 -
10
#47030000000
0!
0'
#47035000000
1!
1'
b0 -
00
#47040000000
0!
0'
#47045000000
1!
1'
b1 -
#47050000000
0!
0'
#47055000000
1!
1'
b10 -
#47060000000
0!
0'
#47065000000
1!
1'
b11 -
10
#47070000000
0!
0'
#47075000000
1!
1'
b0 -
00
#47080000000
0!
0'
#47085000000
1!
1'
b1 -
#47090000000
0!
0'
#47095000000
1!
1'
b10 -
#47100000000
0!
0'
#47105000000
1!
1'
b11 -
10
#47110000000
0!
0'
#47115000000
1!
1'
b0 -
00
#47120000000
0!
0'
#47125000000
1!
1'
b1 -
#47130000000
0!
0'
#47135000000
1!
1'
b10 -
#47140000000
0!
0'
#47145000000
1!
1'
b11 -
10
#47150000000
0!
0'
#47155000000
1!
1'
b0 -
00
#47160000000
0!
0'
#47165000000
1!
1'
b1 -
#47170000000
0!
0'
#47175000000
1!
1'
b10 -
#47180000000
0!
0'
#47185000000
1!
1'
b11 -
10
#47190000000
0!
0'
#47195000000
1!
1'
b0 -
00
#47200000000
0!
0'
#47205000000
1!
1'
b1 -
#47210000000
0!
0'
#47215000000
1!
1'
b10 -
#47220000000
0!
0'
#47225000000
1!
1'
b11 -
10
#47230000000
0!
0'
#47235000000
1!
1'
b0 -
00
#47240000000
0!
0'
#47245000000
1!
1'
b1 -
#47250000000
0!
0'
#47255000000
1!
1'
b10 -
#47260000000
0!
0'
#47265000000
1!
1'
b11 -
10
#47270000000
0!
0'
#47275000000
1!
1'
b0 -
00
#47280000000
0!
0'
#47285000000
1!
1'
b1 -
#47290000000
0!
0'
#47295000000
1!
1'
b10 -
#47300000000
0!
0'
#47305000000
1!
1'
b11 -
10
#47310000000
0!
0'
#47315000000
1!
1'
b0 -
00
#47320000000
0!
0'
#47325000000
1!
1'
b1 -
#47330000000
0!
0'
#47335000000
1!
1'
b10 -
#47340000000
0!
0'
#47345000000
1!
1'
b11 -
10
#47350000000
0!
0'
#47355000000
1!
1'
b0 -
00
#47360000000
0!
0'
#47365000000
1!
1'
b1 -
#47370000000
0!
0'
#47375000000
1!
1'
b10 -
#47380000000
0!
0'
#47385000000
1!
1'
b11 -
10
#47390000000
0!
0'
#47395000000
1!
1'
b0 -
00
#47400000000
0!
0'
#47405000000
1!
1'
b1 -
#47410000000
0!
0'
#47415000000
1!
1'
b10 -
#47420000000
0!
0'
#47425000000
1!
1'
b11 -
10
#47430000000
0!
0'
#47435000000
1!
1'
b0 -
00
#47440000000
0!
0'
#47445000000
1!
1'
b1 -
#47450000000
0!
0'
#47455000000
1!
1'
b10 -
#47460000000
0!
0'
#47465000000
1!
1'
b11 -
10
#47470000000
0!
0'
#47475000000
1!
1'
b0 -
00
#47480000000
0!
0'
#47485000000
1!
1'
b1 -
#47490000000
0!
0'
#47495000000
1!
1'
b10 -
#47500000000
0!
0'
#47505000000
1!
1'
b11 -
10
#47510000000
0!
0'
#47515000000
1!
1'
b0 -
00
#47520000000
0!
0'
#47525000000
1!
1'
b1 -
#47530000000
0!
0'
#47535000000
1!
1'
b10 -
#47540000000
0!
0'
#47545000000
1!
1'
b11 -
10
#47550000000
0!
0'
#47555000000
1!
1'
b0 -
00
#47560000000
0!
0'
#47565000000
1!
1'
b1 -
#47570000000
0!
0'
#47575000000
1!
1'
b10 -
#47580000000
0!
0'
#47585000000
1!
1'
b11 -
10
#47590000000
0!
0'
#47595000000
1!
1'
b0 -
00
#47600000000
0!
0'
#47605000000
1!
1'
b1 -
#47610000000
0!
0'
#47615000000
1!
1'
b10 -
#47620000000
0!
0'
#47625000000
1!
1'
b11 -
10
#47630000000
0!
0'
#47635000000
1!
1'
b0 -
00
#47640000000
0!
0'
#47645000000
1!
1'
b1 -
#47650000000
0!
0'
#47655000000
1!
1'
b10 -
#47660000000
0!
0'
#47665000000
1!
1'
b11 -
10
#47670000000
0!
0'
#47675000000
1!
1'
b0 -
00
#47680000000
0!
0'
#47685000000
1!
1'
b1 -
#47690000000
0!
0'
#47695000000
1!
1'
b10 -
#47700000000
0!
0'
#47705000000
1!
1'
b11 -
10
#47710000000
0!
0'
#47715000000
1!
1'
b0 -
00
#47720000000
0!
0'
#47725000000
1!
1'
b1 -
#47730000000
0!
0'
#47735000000
1!
1'
b10 -
#47740000000
0!
0'
#47745000000
1!
1'
b11 -
10
#47750000000
0!
0'
#47755000000
1!
1'
b0 -
00
#47760000000
0!
0'
#47765000000
1!
1'
b1 -
#47770000000
0!
0'
#47775000000
1!
1'
b10 -
#47780000000
0!
0'
#47785000000
1!
1'
b11 -
10
#47790000000
0!
0'
#47795000000
1!
1'
b0 -
00
#47800000000
0!
0'
#47805000000
1!
1'
b1 -
#47810000000
0!
0'
#47815000000
1!
1'
b10 -
#47820000000
0!
0'
#47825000000
1!
1'
b11 -
10
#47830000000
0!
0'
#47835000000
1!
1'
b0 -
00
#47840000000
0!
0'
#47845000000
1!
1'
b1 -
#47850000000
0!
0'
#47855000000
1!
1'
b10 -
#47860000000
0!
0'
#47865000000
1!
1'
b11 -
10
#47870000000
0!
0'
#47875000000
1!
1'
b0 -
00
#47880000000
0!
0'
#47885000000
1!
1'
b1 -
#47890000000
0!
0'
#47895000000
1!
1'
b10 -
#47900000000
0!
0'
#47905000000
1!
1'
b11 -
10
#47910000000
0!
0'
#47915000000
1!
1'
b0 -
00
#47920000000
0!
0'
#47925000000
1!
1'
b1 -
#47930000000
0!
0'
#47935000000
1!
1'
b10 -
#47940000000
0!
0'
#47945000000
1!
1'
b11 -
10
#47950000000
0!
0'
#47955000000
1!
1'
b0 -
00
#47960000000
0!
0'
#47965000000
1!
1'
b1 -
#47970000000
0!
0'
#47975000000
1!
1'
b10 -
#47980000000
0!
0'
#47985000000
1!
1'
b11 -
10
#47990000000
0!
0'
#47995000000
1!
1'
b0 -
00
#48000000000
0!
0'
#48005000000
1!
1'
b1 -
#48010000000
0!
0'
#48015000000
1!
1'
b10 -
#48020000000
0!
0'
#48025000000
1!
1'
b11 -
10
#48030000000
0!
0'
#48035000000
1!
1'
b0 -
00
#48040000000
0!
0'
#48045000000
1!
1'
b1 -
#48050000000
0!
0'
#48055000000
1!
1'
b10 -
#48060000000
0!
0'
#48065000000
1!
1'
b11 -
10
#48070000000
0!
0'
#48075000000
1!
1'
b0 -
00
#48080000000
0!
0'
#48085000000
1!
1'
b1 -
#48090000000
0!
0'
#48095000000
1!
1'
b10 -
#48100000000
0!
0'
#48105000000
1!
1'
b11 -
10
#48110000000
0!
0'
#48115000000
1!
1'
b0 -
00
#48120000000
0!
0'
#48125000000
1!
1'
b1 -
#48130000000
0!
0'
#48135000000
1!
1'
b10 -
#48140000000
0!
0'
#48145000000
1!
1'
b11 -
10
#48150000000
0!
0'
#48155000000
1!
1'
b0 -
00
#48160000000
0!
0'
#48165000000
1!
1'
b1 -
#48170000000
0!
0'
#48175000000
1!
1'
b10 -
#48180000000
0!
0'
#48185000000
1!
1'
b11 -
10
#48190000000
0!
0'
#48195000000
1!
1'
b0 -
00
#48200000000
0!
0'
#48205000000
1!
1'
b1 -
#48210000000
0!
0'
#48215000000
1!
1'
b10 -
#48220000000
0!
0'
#48225000000
1!
1'
b11 -
10
#48230000000
0!
0'
#48235000000
1!
1'
b0 -
00
#48240000000
0!
0'
#48245000000
1!
1'
b1 -
#48250000000
0!
0'
#48255000000
1!
1'
b10 -
#48260000000
0!
0'
#48265000000
1!
1'
b11 -
10
#48270000000
0!
0'
#48275000000
1!
1'
b0 -
00
#48280000000
0!
0'
#48285000000
1!
1'
b1 -
#48290000000
0!
0'
#48295000000
1!
1'
b10 -
#48300000000
0!
0'
#48305000000
1!
1'
b11 -
10
#48310000000
0!
0'
#48315000000
1!
1'
b0 -
00
#48320000000
0!
0'
#48325000000
1!
1'
b1 -
#48330000000
0!
0'
#48335000000
1!
1'
b10 -
#48340000000
0!
0'
#48345000000
1!
1'
b11 -
10
#48350000000
0!
0'
#48355000000
1!
1'
b0 -
00
#48360000000
0!
0'
#48365000000
1!
1'
b1 -
#48370000000
0!
0'
#48375000000
1!
1'
b10 -
#48380000000
0!
0'
#48385000000
1!
1'
b11 -
10
#48390000000
0!
0'
#48395000000
1!
1'
b0 -
00
#48400000000
0!
0'
#48405000000
1!
1'
b1 -
#48410000000
0!
0'
#48415000000
1!
1'
b10 -
#48420000000
0!
0'
#48425000000
1!
1'
b11 -
10
#48430000000
0!
0'
#48435000000
1!
1'
b0 -
00
#48440000000
0!
0'
#48445000000
1!
1'
b1 -
#48450000000
0!
0'
#48455000000
1!
1'
b10 -
#48460000000
0!
0'
#48465000000
1!
1'
b11 -
10
#48470000000
0!
0'
#48475000000
1!
1'
b0 -
00
#48480000000
0!
0'
#48485000000
1!
1'
b1 -
#48490000000
0!
0'
#48495000000
1!
1'
b10 -
#48500000000
0!
0'
#48505000000
1!
1'
b11 -
10
#48510000000
0!
0'
#48515000000
1!
1'
b0 -
00
#48520000000
0!
0'
#48525000000
1!
1'
b1 -
#48530000000
0!
0'
#48535000000
1!
1'
b10 -
#48540000000
0!
0'
#48545000000
1!
1'
b11 -
10
#48550000000
0!
0'
#48555000000
1!
1'
b0 -
00
#48560000000
0!
0'
#48565000000
1!
1'
b1 -
#48570000000
0!
0'
#48575000000
1!
1'
b10 -
#48580000000
0!
0'
#48585000000
1!
1'
b11 -
10
#48590000000
0!
0'
#48595000000
1!
1'
b0 -
00
#48600000000
0!
0'
#48605000000
1!
1'
b1 -
#48610000000
0!
0'
#48615000000
1!
1'
b10 -
#48620000000
0!
0'
#48625000000
1!
1'
b11 -
10
#48630000000
0!
0'
#48635000000
1!
1'
b0 -
00
#48640000000
0!
0'
#48645000000
1!
1'
b1 -
#48650000000
0!
0'
#48655000000
1!
1'
b10 -
#48660000000
0!
0'
#48665000000
1!
1'
b11 -
10
#48670000000
0!
0'
#48675000000
1!
1'
b0 -
00
#48680000000
0!
0'
#48685000000
1!
1'
b1 -
#48690000000
0!
0'
#48695000000
1!
1'
b10 -
#48700000000
0!
0'
#48705000000
1!
1'
b11 -
10
#48710000000
0!
0'
#48715000000
1!
1'
b0 -
00
#48720000000
0!
0'
#48725000000
1!
1'
b1 -
#48730000000
0!
0'
#48735000000
1!
1'
b10 -
#48740000000
0!
0'
#48745000000
1!
1'
b11 -
10
#48750000000
0!
0'
#48755000000
1!
1'
b0 -
00
#48760000000
0!
0'
#48765000000
1!
1'
b1 -
#48770000000
0!
0'
#48775000000
1!
1'
b10 -
#48780000000
0!
0'
#48785000000
1!
1'
b11 -
10
#48790000000
0!
0'
#48795000000
1!
1'
b0 -
00
#48800000000
0!
0'
#48805000000
1!
1'
b1 -
#48810000000
0!
0'
#48815000000
1!
1'
b10 -
#48820000000
0!
0'
#48825000000
1!
1'
b11 -
10
#48830000000
0!
0'
#48835000000
1!
1'
b0 -
00
#48840000000
0!
0'
#48845000000
1!
1'
b1 -
#48850000000
0!
0'
#48855000000
1!
1'
b10 -
#48860000000
0!
0'
#48865000000
1!
1'
b11 -
10
#48870000000
0!
0'
#48875000000
1!
1'
b0 -
00
#48880000000
0!
0'
#48885000000
1!
1'
b1 -
#48890000000
0!
0'
#48895000000
1!
1'
b10 -
#48900000000
0!
0'
#48905000000
1!
1'
b11 -
10
#48910000000
0!
0'
#48915000000
1!
1'
b0 -
00
#48920000000
0!
0'
#48925000000
1!
1'
b1 -
#48930000000
0!
0'
#48935000000
1!
1'
b10 -
#48940000000
0!
0'
#48945000000
1!
1'
b11 -
10
#48950000000
0!
0'
#48955000000
1!
1'
b0 -
00
#48960000000
0!
0'
#48965000000
1!
1'
b1 -
#48970000000
0!
0'
#48975000000
1!
1'
b10 -
#48980000000
0!
0'
#48985000000
1!
1'
b11 -
10
#48990000000
0!
0'
#48995000000
1!
1'
b0 -
00
#49000000000
0!
0'
#49005000000
1!
1'
b1 -
#49010000000
0!
0'
#49015000000
1!
1'
b10 -
#49020000000
0!
0'
#49025000000
1!
1'
b11 -
10
#49030000000
0!
0'
#49035000000
1!
1'
b0 -
00
#49040000000
0!
0'
#49045000000
1!
1'
b1 -
#49050000000
0!
0'
#49055000000
1!
1'
b10 -
#49060000000
0!
0'
#49065000000
1!
1'
b11 -
10
#49070000000
0!
0'
#49075000000
1!
1'
b0 -
00
#49080000000
0!
0'
#49085000000
1!
1'
b1 -
#49090000000
0!
0'
#49095000000
1!
1'
b10 -
#49100000000
0!
0'
#49105000000
1!
1'
b11 -
10
#49110000000
0!
0'
#49115000000
1!
1'
b0 -
00
#49120000000
0!
0'
#49125000000
1!
1'
b1 -
#49130000000
0!
0'
#49135000000
1!
1'
b10 -
#49140000000
0!
0'
#49145000000
1!
1'
b11 -
10
#49150000000
0!
0'
#49155000000
1!
1'
b0 -
00
#49160000000
0!
0'
#49165000000
1!
1'
b1 -
#49170000000
0!
0'
#49175000000
1!
1'
b10 -
#49180000000
0!
0'
#49185000000
1!
1'
b11 -
10
#49190000000
0!
0'
#49195000000
1!
1'
b0 -
00
#49200000000
0!
0'
#49205000000
1!
1'
b1 -
#49210000000
0!
0'
#49215000000
1!
1'
b10 -
#49220000000
0!
0'
#49225000000
1!
1'
b11 -
10
#49230000000
0!
0'
#49235000000
1!
1'
b0 -
00
#49240000000
0!
0'
#49245000000
1!
1'
b1 -
#49250000000
0!
0'
#49255000000
1!
1'
b10 -
#49260000000
0!
0'
#49265000000
1!
1'
b11 -
10
#49270000000
0!
0'
#49275000000
1!
1'
b0 -
00
#49280000000
0!
0'
#49285000000
1!
1'
b1 -
#49290000000
0!
0'
#49295000000
1!
1'
b10 -
#49300000000
0!
0'
#49305000000
1!
1'
b11 -
10
#49310000000
0!
0'
#49315000000
1!
1'
b0 -
00
#49320000000
0!
0'
#49325000000
1!
1'
b1 -
#49330000000
0!
0'
#49335000000
1!
1'
b10 -
#49340000000
0!
0'
#49345000000
1!
1'
b11 -
10
#49350000000
0!
0'
#49355000000
1!
1'
b0 -
00
#49360000000
0!
0'
#49365000000
1!
1'
b1 -
#49370000000
0!
0'
#49375000000
1!
1'
b10 -
#49380000000
0!
0'
#49385000000
1!
1'
b11 -
10
#49390000000
0!
0'
#49395000000
1!
1'
b0 -
00
#49400000000
0!
0'
#49405000000
1!
1'
b1 -
#49410000000
0!
0'
#49415000000
1!
1'
b10 -
#49420000000
0!
0'
#49425000000
1!
1'
b11 -
10
#49430000000
0!
0'
#49435000000
1!
1'
b0 -
00
#49440000000
0!
0'
#49445000000
1!
1'
b1 -
#49450000000
0!
0'
#49455000000
1!
1'
b10 -
#49460000000
0!
0'
#49465000000
1!
1'
b11 -
10
#49470000000
0!
0'
#49475000000
1!
1'
b0 -
00
#49480000000
0!
0'
#49485000000
1!
1'
b1 -
#49490000000
0!
0'
#49495000000
1!
1'
b10 -
#49500000000
0!
0'
#49505000000
1!
1'
b11 -
10
#49510000000
0!
0'
#49515000000
1!
1'
b0 -
00
#49520000000
0!
0'
#49525000000
1!
1'
b1 -
#49530000000
0!
0'
#49535000000
1!
1'
b10 -
#49540000000
0!
0'
#49545000000
1!
1'
b11 -
10
#49550000000
0!
0'
#49555000000
1!
1'
b0 -
00
#49560000000
0!
0'
#49565000000
1!
1'
b1 -
#49570000000
0!
0'
#49575000000
1!
1'
b10 -
#49580000000
0!
0'
#49585000000
1!
1'
b11 -
10
#49590000000
0!
0'
#49595000000
1!
1'
b0 -
00
#49600000000
0!
0'
#49605000000
1!
1'
b1 -
#49610000000
0!
0'
#49615000000
1!
1'
b10 -
#49620000000
0!
0'
#49625000000
1!
1'
b11 -
10
#49630000000
0!
0'
#49635000000
1!
1'
b0 -
00
#49640000000
0!
0'
#49645000000
1!
1'
b1 -
#49650000000
0!
0'
#49655000000
1!
1'
b10 -
#49660000000
0!
0'
#49665000000
1!
1'
b11 -
10
#49670000000
0!
0'
#49675000000
1!
1'
b0 -
00
#49680000000
0!
0'
#49685000000
1!
1'
b1 -
#49690000000
0!
0'
#49695000000
1!
1'
b10 -
#49700000000
0!
0'
#49705000000
1!
1'
b11 -
10
#49710000000
0!
0'
#49715000000
1!
1'
b0 -
00
#49720000000
0!
0'
#49725000000
1!
1'
b1 -
#49730000000
0!
0'
#49735000000
1!
1'
b10 -
#49740000000
0!
0'
#49745000000
1!
1'
b11 -
10
#49750000000
0!
0'
#49755000000
1!
1'
b0 -
00
#49760000000
0!
0'
#49765000000
1!
1'
b1 -
#49770000000
0!
0'
#49775000000
1!
1'
b10 -
#49780000000
0!
0'
#49785000000
1!
1'
b11 -
10
#49790000000
0!
0'
#49795000000
1!
1'
b0 -
00
#49800000000
0!
0'
#49805000000
1!
1'
b1 -
#49810000000
0!
0'
#49815000000
1!
1'
b10 -
#49820000000
0!
0'
#49825000000
1!
1'
b11 -
10
#49830000000
0!
0'
#49835000000
1!
1'
b0 -
00
#49840000000
0!
0'
#49845000000
1!
1'
b1 -
#49850000000
0!
0'
#49855000000
1!
1'
b10 -
#49860000000
0!
0'
#49865000000
1!
1'
b11 -
10
#49870000000
0!
0'
#49875000000
1!
1'
b0 -
00
#49880000000
0!
0'
#49885000000
1!
1'
b1 -
#49890000000
0!
0'
#49895000000
1!
1'
b10 -
#49900000000
0!
0'
#49905000000
1!
1'
b11 -
10
#49910000000
0!
0'
#49915000000
1!
1'
b0 -
00
#49920000000
0!
0'
#49925000000
1!
1'
b1 -
#49930000000
0!
0'
#49935000000
1!
1'
b10 -
#49940000000
0!
0'
#49945000000
1!
1'
b11 -
10
#49950000000
0!
0'
#49955000000
1!
1'
b0 -
00
#49960000000
0!
0'
#49965000000
1!
1'
b1 -
#49970000000
0!
0'
#49975000000
1!
1'
b10 -
#49980000000
0!
0'
#49985000000
1!
1'
b11 -
10
#49990000000
0!
0'
#49995000000
1!
1'
b0 -
00
#50000000000
0!
0'
#50005000000
1!
1'
b1 -
#50010000000
0!
0'
#50015000000
1!
1'
b10 -
#50020000000
0!
0'
#50025000000
1!
1'
b11 -
10
#50030000000
0!
0'
#50035000000
1!
1'
b0 -
00
#50040000000
0!
0'
#50045000000
1!
1'
b1 -
#50050000000
0!
0'
#50055000000
1!
1'
b10 -
#50060000000
0!
0'
#50065000000
1!
1'
b11 -
10
#50070000000
0!
0'
#50075000000
1!
1'
b0 -
00
#50080000000
0!
0'
#50085000000
1!
1'
b1 -
#50090000000
0!
0'
#50095000000
1!
1'
b10 -
#50100000000
0!
0'
#50105000000
1!
1'
b11 -
10
#50110000000
0!
0'
#50115000000
1!
1'
b0 -
00
#50120000000
0!
0'
#50125000000
1!
1'
b1 -
#50130000000
0!
0'
#50135000000
1!
1'
b10 -
#50140000000
0!
0'
#50145000000
1!
1'
b11 -
10
#50150000000
0!
0'
#50155000000
1!
1'
b0 -
00
#50160000000
0!
0'
#50165000000
1!
1'
b1 -
#50170000000
0!
0'
#50175000000
1!
1'
b10 -
#50180000000
0!
0'
#50185000000
1!
1'
b11 -
10
#50190000000
0!
0'
#50195000000
1!
1'
b0 -
00
#50200000000
0!
0'
#50205000000
1!
1'
b1 -
#50210000000
0!
0'
#50215000000
1!
1'
b10 -
#50220000000
0!
0'
#50225000000
1!
1'
b11 -
10
#50230000000
0!
0'
#50235000000
1!
1'
b0 -
00
#50240000000
0!
0'
#50245000000
1!
1'
b1 -
#50250000000
0!
0'
#50255000000
1!
1'
b10 -
#50260000000
0!
0'
#50265000000
1!
1'
b11 -
10
#50270000000
0!
0'
#50275000000
1!
1'
b0 -
00
#50280000000
0!
0'
#50285000000
1!
1'
b1 -
#50290000000
0!
0'
#50295000000
1!
1'
b10 -
#50300000000
0!
0'
#50305000000
1!
1'
b11 -
10
#50310000000
0!
0'
#50315000000
1!
1'
b0 -
00
#50320000000
0!
0'
#50325000000
1!
1'
b1 -
#50330000000
0!
0'
#50335000000
1!
1'
b10 -
#50340000000
0!
0'
#50345000000
1!
1'
b11 -
10
#50350000000
0!
0'
#50355000000
1!
1'
b0 -
00
#50360000000
0!
0'
#50365000000
1!
1'
b1 -
#50370000000
0!
0'
#50375000000
1!
1'
b10 -
#50380000000
0!
0'
#50385000000
1!
1'
b11 -
10
#50390000000
0!
0'
#50395000000
1!
1'
b0 -
00
#50400000000
0!
0'
#50405000000
1!
1'
b1 -
#50410000000
0!
0'
#50415000000
1!
1'
b10 -
#50420000000
0!
0'
#50425000000
1!
1'
b11 -
10
#50430000000
0!
0'
#50435000000
1!
1'
b0 -
00
#50440000000
0!
0'
#50445000000
1!
1'
b1 -
#50450000000
0!
0'
#50455000000
1!
1'
b10 -
#50460000000
0!
0'
#50465000000
1!
1'
b11 -
10
#50470000000
0!
0'
#50475000000
1!
1'
b0 -
00
#50480000000
0!
0'
#50485000000
1!
1'
b1 -
#50490000000
0!
0'
#50495000000
1!
1'
b10 -
#50500000000
0!
0'
#50505000000
1!
1'
b11 -
10
#50510000000
0!
0'
#50515000000
1!
1'
b0 -
00
#50520000000
0!
0'
#50525000000
1!
1'
b1 -
#50530000000
0!
0'
#50535000000
1!
1'
b10 -
#50540000000
0!
0'
#50545000000
1!
1'
b11 -
10
#50550000000
0!
0'
#50555000000
1!
1'
b0 -
00
#50560000000
0!
0'
#50565000000
1!
1'
b1 -
#50570000000
0!
0'
#50575000000
1!
1'
b10 -
#50580000000
0!
0'
#50585000000
1!
1'
b11 -
10
#50590000000
0!
0'
#50595000000
1!
1'
b0 -
00
#50600000000
0!
0'
#50605000000
1!
1'
b1 -
#50610000000
0!
0'
#50615000000
1!
1'
b10 -
#50620000000
0!
0'
#50625000000
1!
1'
b11 -
10
#50630000000
0!
0'
#50635000000
1!
1'
b0 -
00
#50640000000
0!
0'
#50645000000
1!
1'
b1 -
#50650000000
0!
0'
#50655000000
1!
1'
b10 -
#50660000000
0!
0'
#50665000000
1!
1'
b11 -
10
#50670000000
0!
0'
#50675000000
1!
1'
b0 -
00
#50680000000
0!
0'
#50685000000
1!
1'
b1 -
#50690000000
0!
0'
#50695000000
1!
1'
b10 -
#50700000000
0!
0'
#50705000000
1!
1'
b11 -
10
#50710000000
0!
0'
#50715000000
1!
1'
b0 -
00
#50720000000
0!
0'
#50725000000
1!
1'
b1 -
#50730000000
0!
0'
#50735000000
1!
1'
b10 -
#50740000000
0!
0'
#50745000000
1!
1'
b11 -
10
#50750000000
0!
0'
#50755000000
1!
1'
b0 -
00
#50760000000
0!
0'
#50765000000
1!
1'
b1 -
#50770000000
0!
0'
#50775000000
1!
1'
b10 -
#50780000000
0!
0'
#50785000000
1!
1'
b11 -
10
#50790000000
0!
0'
#50795000000
1!
1'
b0 -
00
#50800000000
0!
0'
#50805000000
1!
1'
b1 -
#50810000000
0!
0'
#50815000000
1!
1'
b10 -
#50820000000
0!
0'
#50825000000
1!
1'
b11 -
10
#50830000000
0!
0'
#50835000000
1!
1'
b0 -
00
#50840000000
0!
0'
#50845000000
1!
1'
b1 -
#50850000000
0!
0'
#50855000000
1!
1'
b10 -
#50860000000
0!
0'
#50865000000
1!
1'
b11 -
10
#50870000000
0!
0'
#50875000000
1!
1'
b0 -
00
#50880000000
0!
0'
#50885000000
1!
1'
b1 -
#50890000000
0!
0'
#50895000000
1!
1'
b10 -
#50900000000
0!
0'
#50905000000
1!
1'
b11 -
10
#50910000000
0!
0'
#50915000000
1!
1'
b0 -
00
#50920000000
0!
0'
#50925000000
1!
1'
b1 -
#50930000000
0!
0'
#50935000000
1!
1'
b10 -
#50940000000
0!
0'
#50945000000
1!
1'
b11 -
10
#50950000000
0!
0'
#50955000000
1!
1'
b0 -
00
#50960000000
0!
0'
#50965000000
1!
1'
b1 -
#50970000000
0!
0'
#50975000000
1!
1'
b10 -
#50980000000
0!
0'
#50985000000
1!
1'
b11 -
10
#50990000000
0!
0'
#50995000000
1!
1'
b0 -
00
#51000000000
0!
0'
#51005000000
1!
1'
b1 -
#51010000000
0!
0'
#51015000000
1!
1'
b10 -
#51020000000
0!
0'
#51025000000
1!
1'
b11 -
10
#51030000000
0!
0'
#51035000000
1!
1'
b0 -
00
#51040000000
0!
0'
#51045000000
1!
1'
b1 -
#51050000000
0!
0'
#51055000000
1!
1'
b10 -
#51060000000
0!
0'
#51065000000
1!
1'
b11 -
10
#51070000000
0!
0'
#51075000000
1!
1'
b0 -
00
#51080000000
0!
0'
#51085000000
1!
1'
b1 -
#51090000000
0!
0'
#51095000000
1!
1'
b10 -
#51100000000
0!
0'
#51105000000
1!
1'
b11 -
10
#51110000000
0!
0'
#51115000000
1!
1'
b0 -
00
#51120000000
0!
0'
#51125000000
1!
1'
b1 -
#51130000000
0!
0'
#51135000000
1!
1'
b10 -
#51140000000
0!
0'
#51145000000
1!
1'
b11 -
10
#51150000000
0!
0'
#51155000000
1!
1'
b0 -
00
#51160000000
0!
0'
#51165000000
1!
1'
b1 -
#51170000000
0!
0'
#51175000000
1!
1'
b10 -
#51180000000
0!
0'
#51185000000
1!
1'
b11 -
10
#51190000000
0!
0'
#51195000000
1!
1'
b0 -
00
#51200000000
0!
0'
#51205000000
1!
1'
b1 -
#51210000000
0!
0'
#51215000000
1!
1'
b10 -
#51220000000
0!
0'
#51225000000
1!
1'
b11 -
10
#51230000000
0!
0'
#51235000000
1!
1'
b0 -
00
#51240000000
0!
0'
#51245000000
1!
1'
b1 -
#51250000000
0!
0'
#51255000000
1!
1'
b10 -
#51260000000
0!
0'
#51265000000
1!
1'
b11 -
10
#51270000000
0!
0'
#51275000000
1!
1'
b0 -
00
#51280000000
0!
0'
#51285000000
1!
1'
b1 -
#51290000000
0!
0'
#51295000000
1!
1'
b10 -
#51300000000
0!
0'
#51305000000
1!
1'
b11 -
10
#51310000000
0!
0'
#51315000000
1!
1'
b0 -
00
#51320000000
0!
0'
#51325000000
1!
1'
b1 -
#51330000000
0!
0'
#51335000000
1!
1'
b10 -
#51340000000
0!
0'
#51345000000
1!
1'
b11 -
10
#51350000000
0!
0'
#51355000000
1!
1'
b0 -
00
#51360000000
0!
0'
#51365000000
1!
1'
b1 -
#51370000000
0!
0'
#51375000000
1!
1'
b10 -
#51380000000
0!
0'
#51385000000
1!
1'
b11 -
10
#51390000000
0!
0'
#51395000000
1!
1'
b0 -
00
#51400000000
0!
0'
#51405000000
1!
1'
b1 -
#51410000000
0!
0'
#51415000000
1!
1'
b10 -
#51420000000
0!
0'
#51425000000
1!
1'
b11 -
10
#51430000000
0!
0'
#51435000000
1!
1'
b0 -
00
#51440000000
0!
0'
#51445000000
1!
1'
b1 -
#51450000000
0!
0'
#51455000000
1!
1'
b10 -
#51460000000
0!
0'
#51465000000
1!
1'
b11 -
10
#51470000000
0!
0'
#51475000000
1!
1'
b0 -
00
#51480000000
0!
0'
#51485000000
1!
1'
b1 -
#51490000000
0!
0'
#51495000000
1!
1'
b10 -
#51500000000
0!
0'
#51505000000
1!
1'
b11 -
10
#51510000000
0!
0'
#51515000000
1!
1'
b0 -
00
#51520000000
0!
0'
#51525000000
1!
1'
b1 -
#51530000000
0!
0'
#51535000000
1!
1'
b10 -
#51540000000
0!
0'
#51545000000
1!
1'
b11 -
10
#51550000000
0!
0'
#51555000000
1!
1'
b0 -
00
#51560000000
0!
0'
#51565000000
1!
1'
b1 -
#51570000000
0!
0'
#51575000000
1!
1'
b10 -
#51580000000
0!
0'
#51585000000
1!
1'
b11 -
10
#51590000000
0!
0'
#51595000000
1!
1'
b0 -
00
#51600000000
0!
0'
#51605000000
1!
1'
b1 -
#51610000000
0!
0'
#51615000000
1!
1'
b10 -
#51620000000
0!
0'
#51625000000
1!
1'
b11 -
10
#51630000000
0!
0'
#51635000000
1!
1'
b0 -
00
#51640000000
0!
0'
#51645000000
1!
1'
b1 -
#51650000000
0!
0'
#51655000000
1!
1'
b10 -
#51660000000
0!
0'
#51665000000
1!
1'
b11 -
10
#51670000000
0!
0'
#51675000000
1!
1'
b0 -
00
#51680000000
0!
0'
#51685000000
1!
1'
b1 -
#51690000000
0!
0'
#51695000000
1!
1'
b10 -
#51700000000
0!
0'
#51705000000
1!
1'
b11 -
10
#51710000000
0!
0'
#51715000000
1!
1'
b0 -
00
#51720000000
0!
0'
#51725000000
1!
1'
b1 -
#51730000000
0!
0'
#51735000000
1!
1'
b10 -
#51740000000
0!
0'
#51745000000
1!
1'
b11 -
10
#51750000000
0!
0'
#51755000000
1!
1'
b0 -
00
#51760000000
0!
0'
#51765000000
1!
1'
b1 -
#51770000000
0!
0'
#51775000000
1!
1'
b10 -
#51780000000
0!
0'
#51785000000
1!
1'
b11 -
10
#51790000000
0!
0'
#51795000000
1!
1'
b0 -
00
#51800000000
0!
0'
#51805000000
1!
1'
b1 -
#51810000000
0!
0'
#51815000000
1!
1'
b10 -
#51820000000
0!
0'
#51825000000
1!
1'
b11 -
10
#51830000000
0!
0'
#51835000000
1!
1'
b0 -
00
#51840000000
0!
0'
#51845000000
1!
1'
b1 -
#51850000000
0!
0'
#51855000000
1!
1'
b10 -
#51860000000
0!
0'
#51865000000
1!
1'
b11 -
10
#51870000000
0!
0'
#51875000000
1!
1'
b0 -
00
#51880000000
0!
0'
#51885000000
1!
1'
b1 -
#51890000000
0!
0'
#51895000000
1!
1'
b10 -
#51900000000
0!
0'
#51905000000
1!
1'
b11 -
10
#51910000000
0!
0'
#51915000000
1!
1'
b0 -
00
#51920000000
0!
0'
#51925000000
1!
1'
b1 -
#51930000000
0!
0'
#51935000000
1!
1'
b10 -
#51940000000
0!
0'
#51945000000
1!
1'
b11 -
10
#51950000000
0!
0'
#51955000000
1!
1'
b0 -
00
#51960000000
0!
0'
#51965000000
1!
1'
b1 -
#51970000000
0!
0'
#51975000000
1!
1'
b10 -
#51980000000
0!
0'
#51985000000
1!
1'
b11 -
10
#51990000000
0!
0'
#51995000000
1!
1'
b0 -
00
#52000000000
0!
0'
#52005000000
1!
1'
b1 -
#52010000000
0!
0'
#52015000000
1!
1'
b10 -
#52020000000
0!
0'
#52025000000
1!
1'
b11 -
10
#52030000000
0!
0'
#52035000000
1!
1'
b0 -
00
#52040000000
0!
0'
#52045000000
1!
1'
b1 -
#52050000000
0!
0'
#52055000000
1!
1'
b10 -
#52060000000
0!
0'
#52065000000
1!
1'
b11 -
10
#52070000000
0!
0'
#52075000000
1!
1'
b0 -
00
#52080000000
0!
0'
#52085000000
1!
1'
b1 -
#52090000000
0!
0'
#52095000000
1!
1'
b10 -
#52100000000
0!
0'
#52105000000
1!
1'
b11 -
10
#52110000000
0!
0'
#52115000000
1!
1'
b0 -
00
#52120000000
0!
0'
#52125000000
1!
1'
b1 -
#52130000000
0!
0'
#52135000000
1!
1'
b10 -
#52140000000
0!
0'
#52145000000
1!
1'
b11 -
10
#52150000000
0!
0'
#52155000000
1!
1'
b0 -
00
#52160000000
0!
0'
#52165000000
1!
1'
b1 -
#52170000000
0!
0'
#52175000000
1!
1'
b10 -
#52180000000
0!
0'
#52185000000
1!
1'
b11 -
10
#52190000000
0!
0'
#52195000000
1!
1'
b0 -
00
#52200000000
0!
0'
#52205000000
1!
1'
b1 -
#52210000000
0!
0'
#52215000000
1!
1'
b10 -
#52220000000
0!
0'
#52225000000
1!
1'
b11 -
10
#52230000000
0!
0'
#52235000000
1!
1'
b0 -
00
#52240000000
0!
0'
#52245000000
1!
1'
b1 -
#52250000000
0!
0'
#52255000000
1!
1'
b10 -
#52260000000
0!
0'
#52265000000
1!
1'
b11 -
10
#52270000000
0!
0'
#52275000000
1!
1'
b0 -
00
#52280000000
0!
0'
#52285000000
1!
1'
b1 -
#52290000000
0!
0'
#52295000000
1!
1'
b10 -
#52300000000
0!
0'
#52305000000
1!
1'
b11 -
10
#52310000000
0!
0'
#52315000000
1!
1'
b0 -
00
#52320000000
0!
0'
#52325000000
1!
1'
b1 -
#52330000000
0!
0'
#52335000000
1!
1'
b10 -
#52340000000
0!
0'
#52345000000
1!
1'
b11 -
10
#52350000000
0!
0'
#52355000000
1!
1'
b0 -
00
#52360000000
0!
0'
#52365000000
1!
1'
b1 -
#52370000000
0!
0'
#52375000000
1!
1'
b10 -
#52380000000
0!
0'
#52385000000
1!
1'
b11 -
10
#52390000000
0!
0'
#52395000000
1!
1'
b0 -
00
#52400000000
0!
0'
#52405000000
1!
1'
b1 -
#52410000000
0!
0'
#52415000000
1!
1'
b10 -
#52420000000
0!
0'
#52425000000
1!
1'
b11 -
10
#52430000000
0!
0'
#52435000000
1!
1'
b0 -
00
#52440000000
0!
0'
#52445000000
1!
1'
b1 -
#52450000000
0!
0'
#52455000000
1!
1'
b10 -
#52460000000
0!
0'
#52465000000
1!
1'
b11 -
10
#52470000000
0!
0'
#52475000000
1!
1'
b0 -
00
#52480000000
0!
0'
#52485000000
1!
1'
b1 -
#52490000000
0!
0'
#52495000000
1!
1'
b10 -
#52500000000
0!
0'
#52505000000
1!
1'
b11 -
10
#52510000000
0!
0'
#52515000000
1!
1'
b0 -
00
#52520000000
0!
0'
#52525000000
1!
1'
b1 -
#52530000000
0!
0'
#52535000000
1!
1'
b10 -
#52540000000
0!
0'
#52545000000
1!
1'
b11 -
10
#52550000000
0!
0'
#52555000000
1!
1'
b0 -
00
#52560000000
0!
0'
#52565000000
1!
1'
b1 -
#52570000000
0!
0'
#52575000000
1!
1'
b10 -
#52580000000
0!
0'
#52585000000
1!
1'
b11 -
10
#52590000000
0!
0'
#52595000000
1!
1'
b0 -
00
#52600000000
0!
0'
#52605000000
1!
1'
b1 -
#52610000000
0!
0'
#52615000000
1!
1'
b10 -
#52620000000
0!
0'
#52625000000
1!
1'
b11 -
10
#52630000000
0!
0'
#52635000000
1!
1'
b0 -
00
#52640000000
0!
0'
#52645000000
1!
1'
b1 -
#52650000000
0!
0'
#52655000000
1!
1'
b10 -
#52660000000
0!
0'
#52665000000
1!
1'
b11 -
10
#52670000000
0!
0'
#52675000000
1!
1'
b0 -
00
#52680000000
0!
0'
#52685000000
1!
1'
b1 -
#52690000000
0!
0'
#52695000000
1!
1'
b10 -
#52700000000
0!
0'
#52705000000
1!
1'
b11 -
10
#52710000000
0!
0'
#52715000000
1!
1'
b0 -
00
#52720000000
0!
0'
#52725000000
1!
1'
b1 -
#52730000000
0!
0'
#52735000000
1!
1'
b10 -
#52740000000
0!
0'
#52745000000
1!
1'
b11 -
10
#52750000000
0!
0'
#52755000000
1!
1'
b0 -
00
#52760000000
0!
0'
#52765000000
1!
1'
b1 -
#52770000000
0!
0'
#52775000000
1!
1'
b10 -
#52780000000
0!
0'
#52785000000
1!
1'
b11 -
10
#52790000000
0!
0'
#52795000000
1!
1'
b0 -
00
#52800000000
0!
0'
#52805000000
1!
1'
b1 -
#52810000000
0!
0'
#52815000000
1!
1'
b10 -
#52820000000
0!
0'
#52825000000
1!
1'
b11 -
10
#52830000000
0!
0'
#52835000000
1!
1'
b0 -
00
#52840000000
0!
0'
#52845000000
1!
1'
b1 -
#52850000000
0!
0'
#52855000000
1!
1'
b10 -
#52860000000
0!
0'
#52865000000
1!
1'
b11 -
10
#52870000000
0!
0'
#52875000000
1!
1'
b0 -
00
#52880000000
0!
0'
#52885000000
1!
1'
b1 -
#52890000000
0!
0'
#52895000000
1!
1'
b10 -
#52900000000
0!
0'
#52905000000
1!
1'
b11 -
10
#52910000000
0!
0'
#52915000000
1!
1'
b0 -
00
#52920000000
0!
0'
#52925000000
1!
1'
b1 -
#52930000000
0!
0'
#52935000000
1!
1'
b10 -
#52940000000
0!
0'
#52945000000
1!
1'
b11 -
10
#52950000000
0!
0'
#52955000000
1!
1'
b0 -
00
#52960000000
0!
0'
#52965000000
1!
1'
b1 -
#52970000000
0!
0'
#52975000000
1!
1'
b10 -
#52980000000
0!
0'
#52985000000
1!
1'
b11 -
10
#52990000000
0!
0'
#52995000000
1!
1'
b0 -
00
#53000000000
0!
0'
#53005000000
1!
1'
b1 -
#53010000000
0!
0'
#53015000000
1!
1'
b10 -
#53020000000
0!
0'
#53025000000
1!
1'
b11 -
10
#53030000000
0!
0'
#53035000000
1!
1'
b0 -
00
#53040000000
0!
0'
#53045000000
1!
1'
b1 -
#53050000000
0!
0'
#53055000000
1!
1'
b10 -
#53060000000
0!
0'
#53065000000
1!
1'
b11 -
10
#53070000000
0!
0'
#53075000000
1!
1'
b0 -
00
#53080000000
0!
0'
#53085000000
1!
1'
b1 -
#53090000000
0!
0'
#53095000000
1!
1'
b10 -
#53100000000
0!
0'
#53105000000
1!
1'
b11 -
10
#53110000000
0!
0'
#53115000000
1!
1'
b0 -
00
#53120000000
0!
0'
#53125000000
1!
1'
b1 -
#53130000000
0!
0'
#53135000000
1!
1'
b10 -
#53140000000
0!
0'
#53145000000
1!
1'
b11 -
10
#53150000000
0!
0'
#53155000000
1!
1'
b0 -
00
#53160000000
0!
0'
#53165000000
1!
1'
b1 -
#53170000000
0!
0'
#53175000000
1!
1'
b10 -
#53180000000
0!
0'
#53185000000
1!
1'
b11 -
10
#53190000000
0!
0'
#53195000000
1!
1'
b0 -
00
#53200000000
0!
0'
#53205000000
1!
1'
b1 -
#53210000000
0!
0'
#53215000000
1!
1'
b10 -
#53220000000
0!
0'
#53225000000
1!
1'
b11 -
10
#53230000000
0!
0'
#53235000000
1!
1'
b0 -
00
#53240000000
0!
0'
#53245000000
1!
1'
b1 -
#53250000000
0!
0'
#53255000000
1!
1'
b10 -
#53260000000
0!
0'
#53265000000
1!
1'
b11 -
10
#53270000000
0!
0'
#53275000000
1!
1'
b0 -
00
#53280000000
0!
0'
#53285000000
1!
1'
b1 -
#53290000000
0!
0'
#53295000000
1!
1'
b10 -
#53300000000
0!
0'
#53305000000
1!
1'
b11 -
10
#53310000000
0!
0'
#53315000000
1!
1'
b0 -
00
#53320000000
0!
0'
#53325000000
1!
1'
b1 -
#53330000000
0!
0'
#53335000000
1!
1'
b10 -
#53340000000
0!
0'
#53345000000
1!
1'
b11 -
10
#53350000000
0!
0'
#53355000000
1!
1'
b0 -
00
#53360000000
0!
0'
#53365000000
1!
1'
b1 -
#53370000000
0!
0'
#53375000000
1!
1'
b10 -
#53380000000
0!
0'
#53385000000
1!
1'
b11 -
10
#53390000000
0!
0'
#53395000000
1!
1'
b0 -
00
#53400000000
0!
0'
#53405000000
1!
1'
b1 -
#53410000000
0!
0'
#53415000000
1!
1'
b10 -
#53420000000
0!
0'
#53425000000
1!
1'
b11 -
10
#53430000000
0!
0'
#53435000000
1!
1'
b0 -
00
#53440000000
0!
0'
#53445000000
1!
1'
b1 -
#53450000000
0!
0'
#53455000000
1!
1'
b10 -
#53460000000
0!
0'
#53465000000
1!
1'
b11 -
10
#53470000000
0!
0'
#53475000000
1!
1'
b0 -
00
#53480000000
0!
0'
#53485000000
1!
1'
b1 -
#53490000000
0!
0'
#53495000000
1!
1'
b10 -
#53500000000
0!
0'
#53505000000
1!
1'
b11 -
10
#53510000000
0!
0'
#53515000000
1!
1'
b0 -
00
#53520000000
0!
0'
#53525000000
1!
1'
b1 -
#53530000000
0!
0'
#53535000000
1!
1'
b10 -
#53540000000
0!
0'
#53545000000
1!
1'
b11 -
10
#53550000000
0!
0'
#53555000000
1!
1'
b0 -
00
#53560000000
0!
0'
#53565000000
1!
1'
b1 -
#53570000000
0!
0'
#53575000000
1!
1'
b10 -
#53580000000
0!
0'
#53585000000
1!
1'
b11 -
10
#53590000000
0!
0'
#53595000000
1!
1'
b0 -
00
#53600000000
0!
0'
#53605000000
1!
1'
b1 -
#53610000000
0!
0'
#53615000000
1!
1'
b10 -
#53620000000
0!
0'
#53625000000
1!
1'
b11 -
10
#53630000000
0!
0'
#53635000000
1!
1'
b0 -
00
#53640000000
0!
0'
#53645000000
1!
1'
b1 -
#53650000000
0!
0'
#53655000000
1!
1'
b10 -
#53660000000
0!
0'
#53665000000
1!
1'
b11 -
10
#53670000000
0!
0'
#53675000000
1!
1'
b0 -
00
#53680000000
0!
0'
#53685000000
1!
1'
b1 -
#53690000000
0!
0'
#53695000000
1!
1'
b10 -
#53700000000
0!
0'
#53705000000
1!
1'
b11 -
10
#53710000000
0!
0'
#53715000000
1!
1'
b0 -
00
#53720000000
0!
0'
#53725000000
1!
1'
b1 -
#53730000000
0!
0'
#53735000000
1!
1'
b10 -
#53740000000
0!
0'
#53745000000
1!
1'
b11 -
10
#53750000000
0!
0'
#53755000000
1!
1'
b0 -
00
#53760000000
0!
0'
#53765000000
1!
1'
b1 -
#53770000000
0!
0'
#53775000000
1!
1'
b10 -
#53780000000
0!
0'
#53785000000
1!
1'
b11 -
10
#53790000000
0!
0'
#53795000000
1!
1'
b0 -
00
#53800000000
0!
0'
#53805000000
1!
1'
b1 -
#53810000000
0!
0'
#53815000000
1!
1'
b10 -
#53820000000
0!
0'
#53825000000
1!
1'
b11 -
10
#53830000000
0!
0'
#53835000000
1!
1'
b0 -
00
#53840000000
0!
0'
#53845000000
1!
1'
b1 -
#53850000000
0!
0'
#53855000000
1!
1'
b10 -
#53860000000
0!
0'
#53865000000
1!
1'
b11 -
10
#53870000000
0!
0'
#53875000000
1!
1'
b0 -
00
#53880000000
0!
0'
#53885000000
1!
1'
b1 -
#53890000000
0!
0'
#53895000000
1!
1'
b10 -
#53900000000
0!
0'
#53905000000
1!
1'
b11 -
10
#53910000000
0!
0'
#53915000000
1!
1'
b0 -
00
#53920000000
0!
0'
#53925000000
1!
1'
b1 -
#53930000000
0!
0'
#53935000000
1!
1'
b10 -
#53940000000
0!
0'
#53945000000
1!
1'
b11 -
10
#53950000000
0!
0'
#53955000000
1!
1'
b0 -
00
#53960000000
0!
0'
#53965000000
1!
1'
b1 -
#53970000000
0!
0'
#53975000000
1!
1'
b10 -
#53980000000
0!
0'
#53985000000
1!
1'
b11 -
10
#53990000000
0!
0'
#53995000000
1!
1'
b0 -
00
#54000000000
0!
0'
#54005000000
1!
1'
b1 -
#54010000000
0!
0'
#54015000000
1!
1'
b10 -
#54020000000
0!
0'
#54025000000
1!
1'
b11 -
10
#54030000000
0!
0'
#54035000000
1!
1'
b0 -
00
#54040000000
0!
0'
#54045000000
1!
1'
b1 -
#54050000000
0!
0'
#54055000000
1!
1'
b10 -
#54060000000
0!
0'
#54065000000
1!
1'
b11 -
10
#54070000000
0!
0'
#54075000000
1!
1'
b0 -
00
#54080000000
0!
0'
#54085000000
1!
1'
b1 -
#54090000000
0!
0'
#54095000000
1!
1'
b10 -
#54100000000
0!
0'
#54105000000
1!
1'
b11 -
10
#54110000000
0!
0'
#54115000000
1!
1'
b0 -
00
#54120000000
0!
0'
#54125000000
1!
1'
b1 -
#54130000000
0!
0'
#54135000000
1!
1'
b10 -
#54140000000
0!
0'
#54145000000
1!
1'
b11 -
10
#54150000000
0!
0'
#54155000000
1!
1'
b0 -
00
#54160000000
0!
0'
#54165000000
1!
1'
b1 -
#54170000000
0!
0'
#54175000000
1!
1'
b10 -
#54180000000
0!
0'
#54185000000
1!
1'
b11 -
10
#54190000000
0!
0'
#54195000000
1!
1'
b0 -
00
#54200000000
0!
0'
#54205000000
1!
1'
b1 -
#54210000000
0!
0'
#54215000000
1!
1'
b10 -
#54220000000
0!
0'
#54225000000
1!
1'
b11 -
10
#54230000000
0!
0'
#54235000000
1!
1'
b0 -
00
#54240000000
0!
0'
#54245000000
1!
1'
b1 -
#54250000000
0!
0'
#54255000000
1!
1'
b10 -
#54260000000
0!
0'
#54265000000
1!
1'
b11 -
10
#54270000000
0!
0'
#54275000000
1!
1'
b0 -
00
#54280000000
0!
0'
#54285000000
1!
1'
b1 -
#54290000000
0!
0'
#54295000000
1!
1'
b10 -
#54300000000
0!
0'
#54305000000
1!
1'
b11 -
10
#54310000000
0!
0'
#54315000000
1!
1'
b0 -
00
#54320000000
0!
0'
#54325000000
1!
1'
b1 -
#54330000000
0!
0'
#54335000000
1!
1'
b10 -
#54340000000
0!
0'
#54345000000
1!
1'
b11 -
10
#54350000000
0!
0'
#54355000000
1!
1'
b0 -
00
#54360000000
0!
0'
#54365000000
1!
1'
b1 -
#54370000000
0!
0'
#54375000000
1!
1'
b10 -
#54380000000
0!
0'
#54385000000
1!
1'
b11 -
10
#54390000000
0!
0'
#54395000000
1!
1'
b0 -
00
#54400000000
0!
0'
#54405000000
1!
1'
b1 -
#54410000000
0!
0'
#54415000000
1!
1'
b10 -
#54420000000
0!
0'
#54425000000
1!
1'
b11 -
10
#54430000000
0!
0'
#54435000000
1!
1'
b0 -
00
#54440000000
0!
0'
#54445000000
1!
1'
b1 -
#54450000000
0!
0'
#54455000000
1!
1'
b10 -
#54460000000
0!
0'
#54465000000
1!
1'
b11 -
10
#54470000000
0!
0'
#54475000000
1!
1'
b0 -
00
#54480000000
0!
0'
#54485000000
1!
1'
b1 -
#54490000000
0!
0'
#54495000000
1!
1'
b10 -
#54500000000
0!
0'
#54505000000
1!
1'
b11 -
10
#54510000000
0!
0'
#54515000000
1!
1'
b0 -
00
#54520000000
0!
0'
#54525000000
1!
1'
b1 -
#54530000000
0!
0'
#54535000000
1!
1'
b10 -
#54540000000
0!
0'
#54545000000
1!
1'
b11 -
10
#54550000000
0!
0'
#54555000000
1!
1'
b0 -
00
#54560000000
0!
0'
#54565000000
1!
1'
b1 -
#54570000000
0!
0'
#54575000000
1!
1'
b10 -
#54580000000
0!
0'
#54585000000
1!
1'
b11 -
10
#54590000000
0!
0'
#54595000000
1!
1'
b0 -
00
#54600000000
0!
0'
#54605000000
1!
1'
b1 -
#54610000000
0!
0'
#54615000000
1!
1'
b10 -
#54620000000
0!
0'
#54625000000
1!
1'
b11 -
10
#54630000000
0!
0'
#54635000000
1!
1'
b0 -
00
#54640000000
0!
0'
#54645000000
1!
1'
b1 -
#54650000000
0!
0'
#54655000000
1!
1'
b10 -
#54660000000
0!
0'
#54665000000
1!
1'
b11 -
10
#54670000000
0!
0'
#54675000000
1!
1'
b0 -
00
#54680000000
0!
0'
#54685000000
1!
1'
b1 -
#54690000000
0!
0'
#54695000000
1!
1'
b10 -
#54700000000
0!
0'
#54705000000
1!
1'
b11 -
10
#54710000000
0!
0'
#54715000000
1!
1'
b0 -
00
#54720000000
0!
0'
#54725000000
1!
1'
b1 -
#54730000000
0!
0'
#54735000000
1!
1'
b10 -
#54740000000
0!
0'
#54745000000
1!
1'
b11 -
10
#54750000000
0!
0'
#54755000000
1!
1'
b0 -
00
#54760000000
0!
0'
#54765000000
1!
1'
b1 -
#54770000000
0!
0'
#54775000000
1!
1'
b10 -
#54780000000
0!
0'
#54785000000
1!
1'
b11 -
10
#54790000000
0!
0'
#54795000000
1!
1'
b0 -
00
#54800000000
0!
0'
#54805000000
1!
1'
b1 -
#54810000000
0!
0'
#54815000000
1!
1'
b10 -
#54820000000
0!
0'
#54825000000
1!
1'
b11 -
10
#54830000000
0!
0'
#54835000000
1!
1'
b0 -
00
#54840000000
0!
0'
#54845000000
1!
1'
b1 -
#54850000000
0!
0'
#54855000000
1!
1'
b10 -
#54860000000
0!
0'
#54865000000
1!
1'
b11 -
10
#54870000000
0!
0'
#54875000000
1!
1'
b0 -
00
#54880000000
0!
0'
#54885000000
1!
1'
b1 -
#54890000000
0!
0'
#54895000000
1!
1'
b10 -
#54900000000
0!
0'
#54905000000
1!
1'
b11 -
10
#54910000000
0!
0'
#54915000000
1!
1'
b0 -
00
#54920000000
0!
0'
#54925000000
1!
1'
b1 -
#54930000000
0!
0'
#54935000000
1!
1'
b10 -
#54940000000
0!
0'
#54945000000
1!
1'
b11 -
10
#54950000000
0!
0'
#54955000000
1!
1'
b0 -
00
#54960000000
0!
0'
#54965000000
1!
1'
b1 -
#54970000000
0!
0'
#54975000000
1!
1'
b10 -
#54980000000
0!
0'
#54985000000
1!
1'
b11 -
10
#54990000000
0!
0'
#54995000000
1!
1'
b0 -
00
#55000000000
0!
0'
#55005000000
1!
1'
b1 -
#55010000000
0!
0'
#55015000000
1!
1'
b10 -
#55020000000
0!
0'
#55025000000
1!
1'
b11 -
10
#55030000000
0!
0'
#55035000000
1!
1'
b0 -
00
#55040000000
0!
0'
#55045000000
1!
1'
b1 -
#55050000000
0!
0'
#55055000000
1!
1'
b10 -
#55060000000
0!
0'
#55065000000
1!
1'
b11 -
10
#55070000000
0!
0'
#55075000000
1!
1'
b0 -
00
#55080000000
0!
0'
#55085000000
1!
1'
b1 -
#55090000000
0!
0'
#55095000000
1!
1'
b10 -
#55100000000
0!
0'
#55105000000
1!
1'
b11 -
10
#55110000000
0!
0'
#55115000000
1!
1'
b0 -
00
#55120000000
0!
0'
#55125000000
1!
1'
b1 -
#55130000000
0!
0'
#55135000000
1!
1'
b10 -
#55140000000
0!
0'
#55145000000
1!
1'
b11 -
10
#55150000000
0!
0'
#55155000000
1!
1'
b0 -
00
#55160000000
0!
0'
#55165000000
1!
1'
b1 -
#55170000000
0!
0'
#55175000000
1!
1'
b10 -
#55180000000
0!
0'
#55185000000
1!
1'
b11 -
10
#55190000000
0!
0'
#55195000000
1!
1'
b0 -
00
#55200000000
0!
0'
#55205000000
1!
1'
b1 -
#55210000000
0!
0'
#55215000000
1!
1'
b10 -
#55220000000
0!
0'
#55225000000
1!
1'
b11 -
10
#55230000000
0!
0'
#55235000000
1!
1'
b0 -
00
#55240000000
0!
0'
#55245000000
1!
1'
b1 -
#55250000000
0!
0'
#55255000000
1!
1'
b10 -
#55260000000
0!
0'
#55265000000
1!
1'
b11 -
10
#55270000000
0!
0'
#55275000000
1!
1'
b0 -
00
#55280000000
0!
0'
#55285000000
1!
1'
b1 -
#55290000000
0!
0'
#55295000000
1!
1'
b10 -
#55300000000
0!
0'
#55305000000
1!
1'
b11 -
10
#55310000000
0!
0'
#55315000000
1!
1'
b0 -
00
#55320000000
0!
0'
#55325000000
1!
1'
b1 -
#55330000000
0!
0'
#55335000000
1!
1'
b10 -
#55340000000
0!
0'
#55345000000
1!
1'
b11 -
10
#55350000000
0!
0'
#55355000000
1!
1'
b0 -
00
#55360000000
0!
0'
#55365000000
1!
1'
b1 -
#55370000000
0!
0'
#55375000000
1!
1'
b10 -
#55380000000
0!
0'
#55385000000
1!
1'
b11 -
10
#55390000000
0!
0'
#55395000000
1!
1'
b0 -
00
#55400000000
0!
0'
#55405000000
1!
1'
b1 -
#55410000000
0!
0'
#55415000000
1!
1'
b10 -
#55420000000
0!
0'
#55425000000
1!
1'
b11 -
10
#55430000000
0!
0'
#55435000000
1!
1'
b0 -
00
#55440000000
0!
0'
#55445000000
1!
1'
b1 -
#55450000000
0!
0'
#55455000000
1!
1'
b10 -
#55460000000
0!
0'
#55465000000
1!
1'
b11 -
10
#55470000000
0!
0'
#55475000000
1!
1'
b0 -
00
#55480000000
0!
0'
#55485000000
1!
1'
b1 -
#55490000000
0!
0'
#55495000000
1!
1'
b10 -
#55500000000
0!
0'
#55505000000
1!
1'
b11 -
10
#55510000000
0!
0'
#55515000000
1!
1'
b0 -
00
#55520000000
0!
0'
#55525000000
1!
1'
b1 -
#55530000000
0!
0'
#55535000000
1!
1'
b10 -
#55540000000
0!
0'
#55545000000
1!
1'
b11 -
10
#55550000000
0!
0'
#55555000000
1!
1'
b0 -
00
#55560000000
0!
0'
#55565000000
1!
1'
b1 -
#55570000000
0!
0'
#55575000000
1!
1'
b10 -
#55580000000
0!
0'
#55585000000
1!
1'
b11 -
10
#55590000000
0!
0'
#55595000000
1!
1'
b0 -
00
#55600000000
0!
0'
#55605000000
1!
1'
b1 -
#55610000000
0!
0'
#55615000000
1!
1'
b10 -
#55620000000
0!
0'
#55625000000
1!
1'
b11 -
10
#55630000000
0!
0'
#55635000000
1!
1'
b0 -
00
#55640000000
0!
0'
#55645000000
1!
1'
b1 -
#55650000000
0!
0'
#55655000000
1!
1'
b10 -
#55660000000
0!
0'
#55665000000
1!
1'
b11 -
10
#55670000000
0!
0'
#55675000000
1!
1'
b0 -
00
#55680000000
0!
0'
#55685000000
1!
1'
b1 -
#55690000000
0!
0'
#55695000000
1!
1'
b10 -
#55700000000
0!
0'
#55705000000
1!
1'
b11 -
10
#55710000000
0!
0'
#55715000000
1!
1'
b0 -
00
#55720000000
0!
0'
#55725000000
1!
1'
b1 -
#55730000000
0!
0'
#55735000000
1!
1'
b10 -
#55740000000
0!
0'
#55745000000
1!
1'
b11 -
10
#55750000000
0!
0'
#55755000000
1!
1'
b0 -
00
#55760000000
0!
0'
#55765000000
1!
1'
b1 -
#55770000000
0!
0'
#55775000000
1!
1'
b10 -
#55780000000
0!
0'
#55785000000
1!
1'
b11 -
10
#55790000000
0!
0'
#55795000000
1!
1'
b0 -
00
#55800000000
0!
0'
#55805000000
1!
1'
b1 -
#55810000000
0!
0'
#55815000000
1!
1'
b10 -
#55820000000
0!
0'
#55825000000
1!
1'
b11 -
10
#55830000000
0!
0'
#55835000000
1!
1'
b0 -
00
#55840000000
0!
0'
#55845000000
1!
1'
b1 -
#55850000000
0!
0'
#55855000000
1!
1'
b10 -
#55860000000
0!
0'
#55865000000
1!
1'
b11 -
10
#55870000000
0!
0'
#55875000000
1!
1'
b0 -
00
#55880000000
0!
0'
#55885000000
1!
1'
b1 -
#55890000000
0!
0'
#55895000000
1!
1'
b10 -
#55900000000
0!
0'
#55905000000
1!
1'
b11 -
10
#55910000000
0!
0'
#55915000000
1!
1'
b0 -
00
#55920000000
0!
0'
#55925000000
1!
1'
b1 -
#55930000000
0!
0'
#55935000000
1!
1'
b10 -
#55940000000
0!
0'
#55945000000
1!
1'
b11 -
10
#55950000000
0!
0'
#55955000000
1!
1'
b0 -
00
#55960000000
0!
0'
#55965000000
1!
1'
b1 -
#55970000000
0!
0'
#55975000000
1!
1'
b10 -
#55980000000
0!
0'
#55985000000
1!
1'
b11 -
10
#55990000000
0!
0'
#55995000000
1!
1'
b0 -
00
#56000000000
0!
0'
#56005000000
1!
1'
b1 -
#56010000000
0!
0'
#56015000000
1!
1'
b10 -
#56020000000
0!
0'
#56025000000
1!
1'
b11 -
10
#56030000000
0!
0'
#56035000000
1!
1'
b0 -
00
#56040000000
0!
0'
#56045000000
1!
1'
b1 -
#56050000000
0!
0'
#56055000000
1!
1'
b10 -
#56060000000
0!
0'
#56065000000
1!
1'
b11 -
10
#56070000000
0!
0'
#56075000000
1!
1'
b0 -
00
#56080000000
0!
0'
#56085000000
1!
1'
b1 -
#56090000000
0!
0'
#56095000000
1!
1'
b10 -
#56100000000
0!
0'
#56105000000
1!
1'
b11 -
10
#56110000000
0!
0'
#56115000000
1!
1'
b0 -
00
#56120000000
0!
0'
#56125000000
1!
1'
b1 -
#56130000000
0!
0'
#56135000000
1!
1'
b10 -
#56140000000
0!
0'
#56145000000
1!
1'
b11 -
10
#56150000000
0!
0'
#56155000000
1!
1'
b0 -
00
#56160000000
0!
0'
#56165000000
1!
1'
b1 -
#56170000000
0!
0'
#56175000000
1!
1'
b10 -
#56180000000
0!
0'
#56185000000
1!
1'
b11 -
10
#56190000000
0!
0'
#56195000000
1!
1'
b0 -
00
#56200000000
0!
0'
#56205000000
1!
1'
b1 -
#56210000000
0!
0'
#56215000000
1!
1'
b10 -
#56220000000
0!
0'
#56225000000
1!
1'
b11 -
10
#56230000000
0!
0'
#56235000000
1!
1'
b0 -
00
#56240000000
0!
0'
#56245000000
1!
1'
b1 -
#56250000000
0!
0'
#56255000000
1!
1'
b10 -
#56260000000
0!
0'
#56265000000
1!
1'
b11 -
10
#56270000000
0!
0'
#56275000000
1!
1'
b0 -
00
#56280000000
0!
0'
#56285000000
1!
1'
b1 -
#56290000000
0!
0'
#56295000000
1!
1'
b10 -
#56300000000
0!
0'
#56305000000
1!
1'
b11 -
10
#56310000000
0!
0'
#56315000000
1!
1'
b0 -
00
#56320000000
0!
0'
#56325000000
1!
1'
b1 -
#56330000000
0!
0'
#56335000000
1!
1'
b10 -
#56340000000
0!
0'
#56345000000
1!
1'
b11 -
10
#56350000000
0!
0'
#56355000000
1!
1'
b0 -
00
#56360000000
0!
0'
#56365000000
1!
1'
b1 -
#56370000000
0!
0'
#56375000000
1!
1'
b10 -
#56380000000
0!
0'
#56385000000
1!
1'
b11 -
10
#56390000000
0!
0'
#56395000000
1!
1'
b0 -
00
#56400000000
0!
0'
#56405000000
1!
1'
b1 -
#56410000000
0!
0'
#56415000000
1!
1'
b10 -
#56420000000
0!
0'
#56425000000
1!
1'
b11 -
10
#56430000000
0!
0'
#56435000000
1!
1'
b0 -
00
#56440000000
0!
0'
#56445000000
1!
1'
b1 -
#56450000000
0!
0'
#56455000000
1!
1'
b10 -
#56460000000
0!
0'
#56465000000
1!
1'
b11 -
10
#56470000000
0!
0'
#56475000000
1!
1'
b0 -
00
#56480000000
0!
0'
#56485000000
1!
1'
b1 -
#56490000000
0!
0'
#56495000000
1!
1'
b10 -
#56500000000
0!
0'
#56505000000
1!
1'
b11 -
10
#56510000000
0!
0'
#56515000000
1!
1'
b0 -
00
#56520000000
0!
0'
#56525000000
1!
1'
b1 -
#56530000000
0!
0'
#56535000000
1!
1'
b10 -
#56540000000
0!
0'
#56545000000
1!
1'
b11 -
10
#56550000000
0!
0'
#56555000000
1!
1'
b0 -
00
#56560000000
0!
0'
#56565000000
1!
1'
b1 -
#56570000000
0!
0'
#56575000000
1!
1'
b10 -
#56580000000
0!
0'
#56585000000
1!
1'
b11 -
10
#56590000000
0!
0'
#56595000000
1!
1'
b0 -
00
#56600000000
0!
0'
#56605000000
1!
1'
b1 -
#56610000000
0!
0'
#56615000000
1!
1'
b10 -
#56620000000
0!
0'
#56625000000
1!
1'
b11 -
10
#56630000000
0!
0'
#56635000000
1!
1'
b0 -
00
#56640000000
0!
0'
#56645000000
1!
1'
b1 -
#56650000000
0!
0'
#56655000000
1!
1'
b10 -
#56660000000
0!
0'
#56665000000
1!
1'
b11 -
10
#56670000000
0!
0'
#56675000000
1!
1'
b0 -
00
#56680000000
0!
0'
#56685000000
1!
1'
b1 -
#56690000000
0!
0'
#56695000000
1!
1'
b10 -
#56700000000
0!
0'
#56705000000
1!
1'
b11 -
10
#56710000000
0!
0'
#56715000000
1!
1'
b0 -
00
#56720000000
0!
0'
#56725000000
1!
1'
b1 -
#56730000000
0!
0'
#56735000000
1!
1'
b10 -
#56740000000
0!
0'
#56745000000
1!
1'
b11 -
10
#56750000000
0!
0'
#56755000000
1!
1'
b0 -
00
#56760000000
0!
0'
#56765000000
1!
1'
b1 -
#56770000000
0!
0'
#56775000000
1!
1'
b10 -
#56780000000
0!
0'
#56785000000
1!
1'
b11 -
10
#56790000000
0!
0'
#56795000000
1!
1'
b0 -
00
#56800000000
0!
0'
#56805000000
1!
1'
b1 -
#56810000000
0!
0'
#56815000000
1!
1'
b10 -
#56820000000
0!
0'
#56825000000
1!
1'
b11 -
10
#56830000000
0!
0'
#56835000000
1!
1'
b0 -
00
#56840000000
0!
0'
#56845000000
1!
1'
b1 -
#56850000000
0!
0'
#56855000000
1!
1'
b10 -
#56860000000
0!
0'
#56865000000
1!
1'
b11 -
10
#56870000000
0!
0'
#56875000000
1!
1'
b0 -
00
#56880000000
0!
0'
#56885000000
1!
1'
b1 -
#56890000000
0!
0'
#56895000000
1!
1'
b10 -
#56900000000
0!
0'
#56905000000
1!
1'
b11 -
10
#56910000000
0!
0'
#56915000000
1!
1'
b0 -
00
#56920000000
0!
0'
#56925000000
1!
1'
b1 -
#56930000000
0!
0'
#56935000000
1!
1'
b10 -
#56940000000
0!
0'
#56945000000
1!
1'
b11 -
10
#56950000000
0!
0'
#56955000000
1!
1'
b0 -
00
#56960000000
0!
0'
#56965000000
1!
1'
b1 -
#56970000000
0!
0'
#56975000000
1!
1'
b10 -
#56980000000
0!
0'
#56985000000
1!
1'
b11 -
10
#56990000000
0!
0'
#56995000000
1!
1'
b0 -
00
#57000000000
0!
0'
#57005000000
1!
1'
b1 -
#57010000000
0!
0'
#57015000000
1!
1'
b10 -
#57020000000
0!
0'
#57025000000
1!
1'
b11 -
10
#57030000000
0!
0'
#57035000000
1!
1'
b0 -
00
#57040000000
0!
0'
#57045000000
1!
1'
b1 -
#57050000000
0!
0'
#57055000000
1!
1'
b10 -
#57060000000
0!
0'
#57065000000
1!
1'
b11 -
10
#57070000000
0!
0'
#57075000000
1!
1'
b0 -
00
#57080000000
0!
0'
#57085000000
1!
1'
b1 -
#57090000000
0!
0'
#57095000000
1!
1'
b10 -
#57100000000
0!
0'
#57105000000
1!
1'
b11 -
10
#57110000000
0!
0'
#57115000000
1!
1'
b0 -
00
#57120000000
0!
0'
#57125000000
1!
1'
b1 -
#57130000000
0!
0'
#57135000000
1!
1'
b10 -
#57140000000
0!
0'
#57145000000
1!
1'
b11 -
10
#57150000000
0!
0'
#57155000000
1!
1'
b0 -
00
#57160000000
0!
0'
#57165000000
1!
1'
b1 -
#57170000000
0!
0'
#57175000000
1!
1'
b10 -
#57180000000
0!
0'
#57185000000
1!
1'
b11 -
10
#57190000000
0!
0'
#57195000000
1!
1'
b0 -
00
#57200000000
0!
0'
#57205000000
1!
1'
b1 -
#57210000000
0!
0'
#57215000000
1!
1'
b10 -
#57220000000
0!
0'
#57225000000
1!
1'
b11 -
10
#57230000000
0!
0'
#57235000000
1!
1'
b0 -
00
#57240000000
0!
0'
#57245000000
1!
1'
b1 -
#57250000000
0!
0'
#57255000000
1!
1'
b10 -
#57260000000
0!
0'
#57265000000
1!
1'
b11 -
10
#57270000000
0!
0'
#57275000000
1!
1'
b0 -
00
#57280000000
0!
0'
#57285000000
1!
1'
b1 -
#57290000000
0!
0'
#57295000000
1!
1'
b10 -
#57300000000
0!
0'
#57305000000
1!
1'
b11 -
10
#57310000000
0!
0'
#57315000000
1!
1'
b0 -
00
#57320000000
0!
0'
#57325000000
1!
1'
b1 -
#57330000000
0!
0'
#57335000000
1!
1'
b10 -
#57340000000
0!
0'
#57345000000
1!
1'
b11 -
10
#57350000000
0!
0'
#57355000000
1!
1'
b0 -
00
#57360000000
0!
0'
#57365000000
1!
1'
b1 -
#57370000000
0!
0'
#57375000000
1!
1'
b10 -
#57380000000
0!
0'
#57385000000
1!
1'
b11 -
10
#57390000000
0!
0'
#57395000000
1!
1'
b0 -
00
#57400000000
0!
0'
#57405000000
1!
1'
b1 -
#57410000000
0!
0'
#57415000000
1!
1'
b10 -
#57420000000
0!
0'
#57425000000
1!
1'
b11 -
10
#57430000000
0!
0'
#57435000000
1!
1'
b0 -
00
#57440000000
0!
0'
#57445000000
1!
1'
b1 -
#57450000000
0!
0'
#57455000000
1!
1'
b10 -
#57460000000
0!
0'
#57465000000
1!
1'
b11 -
10
#57470000000
0!
0'
#57475000000
1!
1'
b0 -
00
#57480000000
0!
0'
#57485000000
1!
1'
b1 -
#57490000000
0!
0'
#57495000000
1!
1'
b10 -
#57500000000
0!
0'
#57505000000
1!
1'
b11 -
10
#57510000000
0!
0'
#57515000000
1!
1'
b0 -
00
#57520000000
0!
0'
#57525000000
1!
1'
b1 -
#57530000000
0!
0'
#57535000000
1!
1'
b10 -
#57540000000
0!
0'
#57545000000
1!
1'
b11 -
10
#57550000000
0!
0'
#57555000000
1!
1'
b0 -
00
#57560000000
0!
0'
#57565000000
1!
1'
b1 -
#57570000000
0!
0'
#57575000000
1!
1'
b10 -
#57580000000
0!
0'
#57585000000
1!
1'
b11 -
10
#57590000000
0!
0'
#57595000000
1!
1'
b0 -
00
#57600000000
0!
0'
#57605000000
1!
1'
b1 -
#57610000000
0!
0'
#57615000000
1!
1'
b10 -
#57620000000
0!
0'
#57625000000
1!
1'
b11 -
10
#57630000000
0!
0'
#57635000000
1!
1'
b0 -
00
#57640000000
0!
0'
#57645000000
1!
1'
b1 -
#57650000000
0!
0'
#57655000000
1!
1'
b10 -
#57660000000
0!
0'
#57665000000
1!
1'
b11 -
10
#57670000000
0!
0'
#57675000000
1!
1'
b0 -
00
#57680000000
0!
0'
#57685000000
1!
1'
b1 -
#57690000000
0!
0'
#57695000000
1!
1'
b10 -
#57700000000
0!
0'
#57705000000
1!
1'
b11 -
10
#57710000000
0!
0'
#57715000000
1!
1'
b0 -
00
#57720000000
0!
0'
#57725000000
1!
1'
b1 -
#57730000000
0!
0'
#57735000000
1!
1'
b10 -
#57740000000
0!
0'
#57745000000
1!
1'
b11 -
10
#57750000000
0!
0'
#57755000000
1!
1'
b0 -
00
#57760000000
0!
0'
#57765000000
1!
1'
b1 -
#57770000000
0!
0'
#57775000000
1!
1'
b10 -
#57780000000
0!
0'
#57785000000
1!
1'
b11 -
10
#57790000000
0!
0'
#57795000000
1!
1'
b0 -
00
#57800000000
0!
0'
#57805000000
1!
1'
b1 -
#57810000000
0!
0'
#57815000000
1!
1'
b10 -
#57820000000
0!
0'
#57825000000
1!
1'
b11 -
10
#57830000000
0!
0'
#57835000000
1!
1'
b0 -
00
#57840000000
0!
0'
#57845000000
1!
1'
b1 -
#57850000000
0!
0'
#57855000000
1!
1'
b10 -
#57860000000
0!
0'
#57865000000
1!
1'
b11 -
10
#57870000000
0!
0'
#57875000000
1!
1'
b0 -
00
#57880000000
0!
0'
#57885000000
1!
1'
b1 -
#57890000000
0!
0'
#57895000000
1!
1'
b10 -
#57900000000
0!
0'
#57905000000
1!
1'
b11 -
10
#57910000000
0!
0'
#57915000000
1!
1'
b0 -
00
#57920000000
0!
0'
#57925000000
1!
1'
b1 -
#57930000000
0!
0'
#57935000000
1!
1'
b10 -
#57940000000
0!
0'
#57945000000
1!
1'
b11 -
10
#57950000000
0!
0'
#57955000000
1!
1'
b0 -
00
#57960000000
0!
0'
#57965000000
1!
1'
b1 -
#57970000000
0!
0'
#57975000000
1!
1'
b10 -
#57980000000
0!
0'
#57985000000
1!
1'
b11 -
10
#57990000000
0!
0'
#57995000000
1!
1'
b0 -
00
#58000000000
0!
0'
#58005000000
1!
1'
b1 -
#58010000000
0!
0'
#58015000000
1!
1'
b10 -
#58020000000
0!
0'
#58025000000
1!
1'
b11 -
10
#58030000000
0!
0'
#58035000000
1!
1'
b0 -
00
#58040000000
0!
0'
#58045000000
1!
1'
b1 -
#58050000000
0!
0'
#58055000000
1!
1'
b10 -
#58060000000
0!
0'
#58065000000
1!
1'
b11 -
10
#58070000000
0!
0'
#58075000000
1!
1'
b0 -
00
#58080000000
0!
0'
#58085000000
1!
1'
b1 -
#58090000000
0!
0'
#58095000000
1!
1'
b10 -
#58100000000
0!
0'
#58105000000
1!
1'
b11 -
10
#58110000000
0!
0'
#58115000000
1!
1'
b0 -
00
#58120000000
0!
0'
#58125000000
1!
1'
b1 -
#58130000000
0!
0'
#58135000000
1!
1'
b10 -
#58140000000
0!
0'
#58145000000
1!
1'
b11 -
10
#58150000000
0!
0'
#58155000000
1!
1'
b0 -
00
#58160000000
0!
0'
#58165000000
1!
1'
b1 -
#58170000000
0!
0'
#58175000000
1!
1'
b10 -
#58180000000
0!
0'
#58185000000
1!
1'
b11 -
10
#58190000000
0!
0'
#58195000000
1!
1'
b0 -
00
#58200000000
0!
0'
#58205000000
1!
1'
b1 -
#58210000000
0!
0'
#58215000000
1!
1'
b10 -
#58220000000
0!
0'
#58225000000
1!
1'
b11 -
10
#58230000000
0!
0'
#58235000000
1!
1'
b0 -
00
#58240000000
0!
0'
#58245000000
1!
1'
b1 -
#58250000000
0!
0'
#58255000000
1!
1'
b10 -
#58260000000
0!
0'
#58265000000
1!
1'
b11 -
10
#58270000000
0!
0'
#58275000000
1!
1'
b0 -
00
#58280000000
0!
0'
#58285000000
1!
1'
b1 -
#58290000000
0!
0'
#58295000000
1!
1'
b10 -
#58300000000
0!
0'
#58305000000
1!
1'
b11 -
10
#58310000000
0!
0'
#58315000000
1!
1'
b0 -
00
#58320000000
0!
0'
#58325000000
1!
1'
b1 -
#58330000000
0!
0'
#58335000000
1!
1'
b10 -
#58340000000
0!
0'
#58345000000
1!
1'
b11 -
10
#58350000000
0!
0'
#58355000000
1!
1'
b0 -
00
#58360000000
0!
0'
#58365000000
1!
1'
b1 -
#58370000000
0!
0'
#58375000000
1!
1'
b10 -
#58380000000
0!
0'
#58385000000
1!
1'
b11 -
10
#58390000000
0!
0'
#58395000000
1!
1'
b0 -
00
#58400000000
0!
0'
#58405000000
1!
1'
b1 -
#58410000000
0!
0'
#58415000000
1!
1'
b10 -
#58420000000
0!
0'
#58425000000
1!
1'
b11 -
10
#58430000000
0!
0'
#58435000000
1!
1'
b0 -
00
#58440000000
0!
0'
#58445000000
1!
1'
b1 -
#58450000000
0!
0'
#58455000000
1!
1'
b10 -
#58460000000
0!
0'
#58465000000
1!
1'
b11 -
10
#58470000000
0!
0'
#58475000000
1!
1'
b0 -
00
#58480000000
0!
0'
#58485000000
1!
1'
b1 -
#58490000000
0!
0'
#58495000000
1!
1'
b10 -
#58500000000
0!
0'
#58505000000
1!
1'
b11 -
10
#58510000000
0!
0'
#58515000000
1!
1'
b0 -
00
#58520000000
0!
0'
#58525000000
1!
1'
b1 -
#58530000000
0!
0'
#58535000000
1!
1'
b10 -
#58540000000
0!
0'
#58545000000
1!
1'
b11 -
10
#58550000000
0!
0'
#58555000000
1!
1'
b0 -
00
#58560000000
0!
0'
#58565000000
1!
1'
b1 -
#58570000000
0!
0'
#58575000000
1!
1'
b10 -
#58580000000
0!
0'
#58585000000
1!
1'
b11 -
10
#58590000000
0!
0'
#58595000000
1!
1'
b0 -
00
#58600000000
0!
0'
#58605000000
1!
1'
b1 -
#58610000000
0!
0'
#58615000000
1!
1'
b10 -
#58620000000
0!
0'
#58625000000
1!
1'
b11 -
10
#58630000000
0!
0'
#58635000000
1!
1'
b0 -
00
#58640000000
0!
0'
#58645000000
1!
1'
b1 -
#58650000000
0!
0'
#58655000000
1!
1'
b10 -
#58660000000
0!
0'
#58665000000
1!
1'
b11 -
10
#58670000000
0!
0'
#58675000000
1!
1'
b0 -
00
#58680000000
0!
0'
#58685000000
1!
1'
b1 -
#58690000000
0!
0'
#58695000000
1!
1'
b10 -
#58700000000
0!
0'
#58705000000
1!
1'
b11 -
10
#58710000000
0!
0'
#58715000000
1!
1'
b0 -
00
#58720000000
0!
0'
#58725000000
1!
1'
b1 -
#58730000000
0!
0'
#58735000000
1!
1'
b10 -
#58740000000
0!
0'
#58745000000
1!
1'
b11 -
10
#58750000000
0!
0'
#58755000000
1!
1'
b0 -
00
#58760000000
0!
0'
#58765000000
1!
1'
b1 -
#58770000000
0!
0'
#58775000000
1!
1'
b10 -
#58780000000
0!
0'
#58785000000
1!
1'
b11 -
10
#58790000000
0!
0'
#58795000000
1!
1'
b0 -
00
#58800000000
0!
0'
#58805000000
1!
1'
b1 -
#58810000000
0!
0'
#58815000000
1!
1'
b10 -
#58820000000
0!
0'
#58825000000
1!
1'
b11 -
10
#58830000000
0!
0'
#58835000000
1!
1'
b0 -
00
#58840000000
0!
0'
#58845000000
1!
1'
b1 -
#58850000000
0!
0'
#58855000000
1!
1'
b10 -
#58860000000
0!
0'
#58865000000
1!
1'
b11 -
10
#58870000000
0!
0'
#58875000000
1!
1'
b0 -
00
#58880000000
0!
0'
#58885000000
1!
1'
b1 -
#58890000000
0!
0'
#58895000000
1!
1'
b10 -
#58900000000
0!
0'
#58905000000
1!
1'
b11 -
10
#58910000000
0!
0'
#58915000000
1!
1'
b0 -
00
#58920000000
0!
0'
#58925000000
1!
1'
b1 -
#58930000000
0!
0'
#58935000000
1!
1'
b10 -
#58940000000
0!
0'
#58945000000
1!
1'
b11 -
10
#58950000000
0!
0'
#58955000000
1!
1'
b0 -
00
#58960000000
0!
0'
#58965000000
1!
1'
b1 -
#58970000000
0!
0'
#58975000000
1!
1'
b10 -
#58980000000
0!
0'
#58985000000
1!
1'
b11 -
10
#58990000000
0!
0'
#58995000000
1!
1'
b0 -
00
#59000000000
0!
0'
#59005000000
1!
1'
b1 -
#59010000000
0!
0'
#59015000000
1!
1'
b10 -
#59020000000
0!
0'
#59025000000
1!
1'
b11 -
10
#59030000000
0!
0'
#59035000000
1!
1'
b0 -
00
#59040000000
0!
0'
#59045000000
1!
1'
b1 -
#59050000000
0!
0'
#59055000000
1!
1'
b10 -
#59060000000
0!
0'
#59065000000
1!
1'
b11 -
10
#59070000000
0!
0'
#59075000000
1!
1'
b0 -
00
#59080000000
0!
0'
#59085000000
1!
1'
b1 -
#59090000000
0!
0'
#59095000000
1!
1'
b10 -
#59100000000
0!
0'
#59105000000
1!
1'
b11 -
10
#59110000000
0!
0'
#59115000000
1!
1'
b0 -
00
#59120000000
0!
0'
#59125000000
1!
1'
b1 -
#59130000000
0!
0'
#59135000000
1!
1'
b10 -
#59140000000
0!
0'
#59145000000
1!
1'
b11 -
10
#59150000000
0!
0'
#59155000000
1!
1'
b0 -
00
#59160000000
0!
0'
#59165000000
1!
1'
b1 -
#59170000000
0!
0'
#59175000000
1!
1'
b10 -
#59180000000
0!
0'
#59185000000
1!
1'
b11 -
10
#59190000000
0!
0'
#59195000000
1!
1'
b0 -
00
#59200000000
0!
0'
#59205000000
1!
1'
b1 -
#59210000000
0!
0'
#59215000000
1!
1'
b10 -
#59220000000
0!
0'
#59225000000
1!
1'
b11 -
10
#59230000000
0!
0'
#59235000000
1!
1'
b0 -
00
#59240000000
0!
0'
#59245000000
1!
1'
b1 -
#59250000000
0!
0'
#59255000000
1!
1'
b10 -
#59260000000
0!
0'
#59265000000
1!
1'
b11 -
10
#59270000000
0!
0'
#59275000000
1!
1'
b0 -
00
#59280000000
0!
0'
#59285000000
1!
1'
b1 -
#59290000000
0!
0'
#59295000000
1!
1'
b10 -
#59300000000
0!
0'
#59305000000
1!
1'
b11 -
10
#59310000000
0!
0'
#59315000000
1!
1'
b0 -
00
#59320000000
0!
0'
#59325000000
1!
1'
b1 -
#59330000000
0!
0'
#59335000000
1!
1'
b10 -
#59340000000
0!
0'
#59345000000
1!
1'
b11 -
10
#59350000000
0!
0'
#59355000000
1!
1'
b0 -
00
#59360000000
0!
0'
#59365000000
1!
1'
b1 -
#59370000000
0!
0'
#59375000000
1!
1'
b10 -
#59380000000
0!
0'
#59385000000
1!
1'
b11 -
10
#59390000000
0!
0'
#59395000000
1!
1'
b0 -
00
#59400000000
0!
0'
#59405000000
1!
1'
b1 -
#59410000000
0!
0'
#59415000000
1!
1'
b10 -
#59420000000
0!
0'
#59425000000
1!
1'
b11 -
10
#59430000000
0!
0'
#59435000000
1!
1'
b0 -
00
#59440000000
0!
0'
#59445000000
1!
1'
b1 -
#59450000000
0!
0'
#59455000000
1!
1'
b10 -
#59460000000
0!
0'
#59465000000
1!
1'
b11 -
10
#59470000000
0!
0'
#59475000000
1!
1'
b0 -
00
#59480000000
0!
0'
#59485000000
1!
1'
b1 -
#59490000000
0!
0'
#59495000000
1!
1'
b10 -
#59500000000
0!
0'
#59505000000
1!
1'
b11 -
10
#59510000000
0!
0'
#59515000000
1!
1'
b0 -
00
#59520000000
0!
0'
#59525000000
1!
1'
b1 -
#59530000000
0!
0'
#59535000000
1!
1'
b10 -
#59540000000
0!
0'
#59545000000
1!
1'
b11 -
10
#59550000000
0!
0'
#59555000000
1!
1'
b0 -
00
#59560000000
0!
0'
#59565000000
1!
1'
b1 -
#59570000000
0!
0'
#59575000000
1!
1'
b10 -
#59580000000
0!
0'
#59585000000
1!
1'
b11 -
10
#59590000000
0!
0'
#59595000000
1!
1'
b0 -
00
#59600000000
0!
0'
#59605000000
1!
1'
b1 -
#59610000000
0!
0'
#59615000000
1!
1'
b10 -
#59620000000
0!
0'
#59625000000
1!
1'
b11 -
10
#59630000000
0!
0'
#59635000000
1!
1'
b0 -
00
#59640000000
0!
0'
#59645000000
1!
1'
b1 -
#59650000000
0!
0'
#59655000000
1!
1'
b10 -
#59660000000
0!
0'
#59665000000
1!
1'
b11 -
10
#59670000000
0!
0'
#59675000000
1!
1'
b0 -
00
#59680000000
0!
0'
#59685000000
1!
1'
b1 -
#59690000000
0!
0'
#59695000000
1!
1'
b10 -
#59700000000
0!
0'
#59705000000
1!
1'
b11 -
10
#59710000000
0!
0'
#59715000000
1!
1'
b0 -
00
#59720000000
0!
0'
#59725000000
1!
1'
b1 -
#59730000000
0!
0'
#59735000000
1!
1'
b10 -
#59740000000
0!
0'
#59745000000
1!
1'
b11 -
10
#59750000000
0!
0'
#59755000000
1!
1'
b0 -
00
#59760000000
0!
0'
#59765000000
1!
1'
b1 -
#59770000000
0!
0'
#59775000000
1!
1'
b10 -
#59780000000
0!
0'
#59785000000
1!
1'
b11 -
10
#59790000000
0!
0'
#59795000000
1!
1'
b0 -
00
#59800000000
0!
0'
#59805000000
1!
1'
b1 -
#59810000000
0!
0'
#59815000000
1!
1'
b10 -
#59820000000
0!
0'
#59825000000
1!
1'
b11 -
10
#59830000000
0!
0'
#59835000000
1!
1'
b0 -
00
#59840000000
0!
0'
#59845000000
1!
1'
b1 -
#59850000000
0!
0'
#59855000000
1!
1'
b10 -
#59860000000
0!
0'
#59865000000
1!
1'
b11 -
10
#59870000000
0!
0'
#59875000000
1!
1'
b0 -
00
#59880000000
0!
0'
#59885000000
1!
1'
b1 -
#59890000000
0!
0'
#59895000000
1!
1'
b10 -
#59900000000
0!
0'
#59905000000
1!
1'
b11 -
10
#59910000000
0!
0'
#59915000000
1!
1'
b0 -
00
#59920000000
0!
0'
#59925000000
1!
1'
b1 -
#59930000000
0!
0'
#59935000000
1!
1'
b10 -
#59940000000
0!
0'
#59945000000
1!
1'
b11 -
10
#59950000000
0!
0'
#59955000000
1!
1'
b0 -
00
#59960000000
0!
0'
#59965000000
1!
1'
b1 -
#59970000000
0!
0'
#59975000000
1!
1'
b10 -
#59980000000
0!
0'
#59985000000
1!
1'
b11 -
10
#59990000000
0!
0'
#59995000000
1!
1'
b0 -
00
#60000000000
0!
0'
#60005000000
1!
1'
b1 -
#60010000000
0!
0'
#60015000000
1!
1'
b10 -
#60020000000
0!
0'
#60025000000
1!
1'
b11 -
10
#60030000000
0!
0'
#60035000000
1!
1'
b0 -
00
#60040000000
0!
0'
#60045000000
1!
1'
b1 -
#60050000000
0!
0'
#60055000000
1!
1'
b10 -
#60060000000
0!
0'
#60065000000
1!
1'
b11 -
10
#60070000000
0!
0'
#60075000000
1!
1'
b0 -
00
#60080000000
0!
0'
#60085000000
1!
1'
b1 -
#60090000000
0!
0'
#60095000000
1!
1'
b10 -
#60100000000
0!
0'
#60105000000
1!
1'
b11 -
10
#60110000000
0!
0'
#60115000000
1!
1'
b0 -
00
#60120000000
0!
0'
#60125000000
1!
1'
b1 -
#60130000000
0!
0'
#60135000000
1!
1'
b10 -
#60140000000
0!
0'
#60145000000
1!
1'
b11 -
10
#60150000000
0!
0'
#60155000000
1!
1'
b0 -
00
#60160000000
0!
0'
#60165000000
1!
1'
b1 -
#60170000000
0!
0'
#60175000000
1!
1'
b10 -
#60180000000
0!
0'
#60185000000
1!
1'
b11 -
10
#60190000000
0!
0'
#60195000000
1!
1'
b0 -
00
#60200000000
0!
0'
#60205000000
1!
1'
b1 -
#60210000000
0!
0'
#60215000000
1!
1'
b10 -
#60220000000
0!
0'
#60225000000
1!
1'
b11 -
10
#60230000000
0!
0'
#60235000000
1!
1'
b0 -
00
#60240000000
0!
0'
#60245000000
1!
1'
b1 -
#60250000000
0!
0'
#60255000000
1!
1'
b10 -
#60260000000
0!
0'
#60265000000
1!
1'
b11 -
10
#60270000000
0!
0'
#60275000000
1!
1'
b0 -
00
#60280000000
0!
0'
#60285000000
1!
1'
b1 -
#60290000000
0!
0'
#60295000000
1!
1'
b10 -
#60300000000
0!
0'
#60305000000
1!
1'
b11 -
10
#60310000000
0!
0'
#60315000000
1!
1'
b0 -
00
#60320000000
0!
0'
#60325000000
1!
1'
b1 -
#60330000000
0!
0'
#60335000000
1!
1'
b10 -
#60340000000
0!
0'
#60345000000
1!
1'
b11 -
10
#60350000000
0!
0'
#60355000000
1!
1'
b0 -
00
#60360000000
0!
0'
#60365000000
1!
1'
b1 -
#60370000000
0!
0'
#60375000000
1!
1'
b10 -
#60380000000
0!
0'
#60385000000
1!
1'
b11 -
10
#60390000000
0!
0'
#60395000000
1!
1'
b0 -
00
#60400000000
0!
0'
#60405000000
1!
1'
b1 -
#60410000000
0!
0'
#60415000000
1!
1'
b10 -
#60420000000
0!
0'
#60425000000
1!
1'
b11 -
10
#60430000000
0!
0'
#60435000000
1!
1'
b0 -
00
#60440000000
0!
0'
#60445000000
1!
1'
b1 -
#60450000000
0!
0'
#60455000000
1!
1'
b10 -
#60460000000
0!
0'
#60465000000
1!
1'
b11 -
10
#60470000000
0!
0'
#60475000000
1!
1'
b0 -
00
#60480000000
0!
0'
#60485000000
1!
1'
b1 -
#60490000000
0!
0'
#60495000000
1!
1'
b10 -
#60500000000
0!
0'
#60505000000
1!
1'
b11 -
10
#60510000000
0!
0'
#60515000000
1!
1'
b0 -
00
#60520000000
0!
0'
#60525000000
1!
1'
b1 -
#60530000000
0!
0'
#60535000000
1!
1'
b10 -
#60540000000
0!
0'
#60545000000
1!
1'
b11 -
10
#60550000000
0!
0'
#60555000000
1!
1'
b0 -
00
#60560000000
0!
0'
#60565000000
1!
1'
b1 -
#60570000000
0!
0'
#60575000000
1!
1'
b10 -
#60580000000
0!
0'
#60585000000
1!
1'
b11 -
10
#60590000000
0!
0'
#60595000000
1!
1'
b0 -
00
#60600000000
0!
0'
#60605000000
1!
1'
b1 -
#60610000000
0!
0'
#60615000000
1!
1'
b10 -
#60620000000
0!
0'
#60625000000
1!
1'
b11 -
10
#60630000000
0!
0'
#60635000000
1!
1'
b0 -
00
#60640000000
0!
0'
#60645000000
1!
1'
b1 -
#60650000000
0!
0'
#60655000000
1!
1'
b10 -
#60660000000
0!
0'
#60665000000
1!
1'
b11 -
10
#60670000000
0!
0'
#60675000000
1!
1'
b0 -
00
#60680000000
0!
0'
#60685000000
1!
1'
b1 -
#60690000000
0!
0'
#60695000000
1!
1'
b10 -
#60700000000
0!
0'
#60705000000
1!
1'
b11 -
10
#60710000000
0!
0'
#60715000000
1!
1'
b0 -
00
#60720000000
0!
0'
#60725000000
1!
1'
b1 -
#60730000000
0!
0'
#60735000000
1!
1'
b10 -
#60740000000
0!
0'
#60745000000
1!
1'
b11 -
10
#60750000000
0!
0'
#60755000000
1!
1'
b0 -
00
#60760000000
0!
0'
#60765000000
1!
1'
b1 -
#60770000000
0!
0'
#60775000000
1!
1'
b10 -
#60780000000
0!
0'
#60785000000
1!
1'
b11 -
10
#60790000000
0!
0'
#60795000000
1!
1'
b0 -
00
#60800000000
0!
0'
#60805000000
1!
1'
b1 -
#60810000000
0!
0'
#60815000000
1!
1'
b10 -
#60820000000
0!
0'
#60825000000
1!
1'
b11 -
10
#60830000000
0!
0'
#60835000000
1!
1'
b0 -
00
#60840000000
0!
0'
#60845000000
1!
1'
b1 -
#60850000000
0!
0'
#60855000000
1!
1'
b10 -
#60860000000
0!
0'
#60865000000
1!
1'
b11 -
10
#60870000000
0!
0'
#60875000000
1!
1'
b0 -
00
#60880000000
0!
0'
#60885000000
1!
1'
b1 -
#60890000000
0!
0'
#60895000000
1!
1'
b10 -
#60900000000
0!
0'
#60905000000
1!
1'
b11 -
10
#60910000000
0!
0'
#60915000000
1!
1'
b0 -
00
#60920000000
0!
0'
#60925000000
1!
1'
b1 -
#60930000000
0!
0'
#60935000000
1!
1'
b10 -
#60940000000
0!
0'
#60945000000
1!
1'
b11 -
10
#60950000000
0!
0'
#60955000000
1!
1'
b0 -
00
#60960000000
0!
0'
#60965000000
1!
1'
b1 -
#60970000000
0!
0'
#60975000000
1!
1'
b10 -
#60980000000
0!
0'
#60985000000
1!
1'
b11 -
10
#60990000000
0!
0'
#60995000000
1!
1'
b0 -
00
#61000000000
0!
0'
#61005000000
1!
1'
b1 -
#61010000000
0!
0'
#61015000000
1!
1'
b10 -
#61020000000
0!
0'
#61025000000
1!
1'
b11 -
10
#61030000000
0!
0'
#61035000000
1!
1'
b0 -
00
#61040000000
0!
0'
#61045000000
1!
1'
b1 -
#61050000000
0!
0'
#61055000000
1!
1'
b10 -
#61060000000
0!
0'
#61065000000
1!
1'
b11 -
10
#61070000000
0!
0'
#61075000000
1!
1'
b0 -
00
#61080000000
0!
0'
#61085000000
1!
1'
b1 -
#61090000000
0!
0'
#61095000000
1!
1'
b10 -
#61100000000
0!
0'
#61105000000
1!
1'
b11 -
10
#61110000000
0!
0'
#61115000000
1!
1'
b0 -
00
#61120000000
0!
0'
#61125000000
1!
1'
b1 -
#61130000000
0!
0'
#61135000000
1!
1'
b10 -
#61140000000
0!
0'
#61145000000
1!
1'
b11 -
10
#61150000000
0!
0'
#61155000000
1!
1'
b0 -
00
#61160000000
0!
0'
#61165000000
1!
1'
b1 -
#61170000000
0!
0'
#61175000000
1!
1'
b10 -
#61180000000
0!
0'
#61185000000
1!
1'
b11 -
10
#61190000000
0!
0'
#61195000000
1!
1'
b0 -
00
#61200000000
0!
0'
#61205000000
1!
1'
b1 -
#61210000000
0!
0'
#61215000000
1!
1'
b10 -
#61220000000
0!
0'
#61225000000
1!
1'
b11 -
10
#61230000000
0!
0'
#61235000000
1!
1'
b0 -
00
#61240000000
0!
0'
#61245000000
1!
1'
b1 -
#61250000000
0!
0'
#61255000000
1!
1'
b10 -
#61260000000
0!
0'
#61265000000
1!
1'
b11 -
10
#61270000000
0!
0'
#61275000000
1!
1'
b0 -
00
#61280000000
0!
0'
#61285000000
1!
1'
b1 -
#61290000000
0!
0'
#61295000000
1!
1'
b10 -
#61300000000
0!
0'
#61305000000
1!
1'
b11 -
10
#61310000000
0!
0'
#61315000000
1!
1'
b0 -
00
#61320000000
0!
0'
#61325000000
1!
1'
b1 -
#61330000000
0!
0'
#61335000000
1!
1'
b10 -
#61340000000
0!
0'
#61345000000
1!
1'
b11 -
10
#61350000000
0!
0'
#61355000000
1!
1'
b0 -
00
#61360000000
0!
0'
#61365000000
1!
1'
b1 -
#61370000000
0!
0'
#61375000000
1!
1'
b10 -
#61380000000
0!
0'
#61385000000
1!
1'
b11 -
10
#61390000000
0!
0'
#61395000000
1!
1'
b0 -
00
#61400000000
0!
0'
#61405000000
1!
1'
b1 -
#61410000000
0!
0'
#61415000000
1!
1'
b10 -
#61420000000
0!
0'
#61425000000
1!
1'
b11 -
10
#61430000000
0!
0'
#61435000000
1!
1'
b0 -
00
#61440000000
0!
0'
#61445000000
1!
1'
b1 -
#61450000000
0!
0'
#61455000000
1!
1'
b10 -
#61460000000
0!
0'
#61465000000
1!
1'
b11 -
10
#61470000000
0!
0'
#61475000000
1!
1'
b0 -
00
#61480000000
0!
0'
#61485000000
1!
1'
b1 -
#61490000000
0!
0'
#61495000000
1!
1'
b10 -
#61500000000
0!
0'
#61505000000
1!
1'
b11 -
10
#61510000000
0!
0'
#61515000000
1!
1'
b0 -
00
#61520000000
0!
0'
#61525000000
1!
1'
b1 -
#61530000000
0!
0'
#61535000000
1!
1'
b10 -
#61540000000
0!
0'
#61545000000
1!
1'
b11 -
10
#61550000000
0!
0'
#61555000000
1!
1'
b0 -
00
#61560000000
0!
0'
#61565000000
1!
1'
b1 -
#61570000000
0!
0'
#61575000000
1!
1'
b10 -
#61580000000
0!
0'
#61585000000
1!
1'
b11 -
10
#61590000000
0!
0'
#61595000000
1!
1'
b0 -
00
#61600000000
0!
0'
#61605000000
1!
1'
b1 -
#61610000000
0!
0'
#61615000000
1!
1'
b10 -
#61620000000
0!
0'
#61625000000
1!
1'
b11 -
10
#61630000000
0!
0'
#61635000000
1!
1'
b0 -
00
#61640000000
0!
0'
#61645000000
1!
1'
b1 -
#61650000000
0!
0'
#61655000000
1!
1'
b10 -
#61660000000
0!
0'
#61665000000
1!
1'
b11 -
10
#61670000000
0!
0'
#61675000000
1!
1'
b0 -
00
#61680000000
0!
0'
#61685000000
1!
1'
b1 -
#61690000000
0!
0'
#61695000000
1!
1'
b10 -
#61700000000
0!
0'
#61705000000
1!
1'
b11 -
10
#61710000000
0!
0'
#61715000000
1!
1'
b0 -
00
#61720000000
0!
0'
#61725000000
1!
1'
b1 -
#61730000000
0!
0'
#61735000000
1!
1'
b10 -
#61740000000
0!
0'
#61745000000
1!
1'
b11 -
10
#61750000000
0!
0'
#61755000000
1!
1'
b0 -
00
#61760000000
0!
0'
#61765000000
1!
1'
b1 -
#61770000000
0!
0'
#61775000000
1!
1'
b10 -
#61780000000
0!
0'
#61785000000
1!
1'
b11 -
10
#61790000000
0!
0'
#61795000000
1!
1'
b0 -
00
#61800000000
0!
0'
#61805000000
1!
1'
b1 -
#61810000000
0!
0'
#61815000000
1!
1'
b10 -
#61820000000
0!
0'
#61825000000
1!
1'
b11 -
10
#61830000000
0!
0'
#61835000000
1!
1'
b0 -
00
#61840000000
0!
0'
#61845000000
1!
1'
b1 -
#61850000000
0!
0'
#61855000000
1!
1'
b10 -
#61860000000
0!
0'
#61865000000
1!
1'
b11 -
10
#61870000000
0!
0'
#61875000000
1!
1'
b0 -
00
#61880000000
0!
0'
#61885000000
1!
1'
b1 -
#61890000000
0!
0'
#61895000000
1!
1'
b10 -
#61900000000
0!
0'
#61905000000
1!
1'
b11 -
10
#61910000000
0!
0'
#61915000000
1!
1'
b0 -
00
#61920000000
0!
0'
#61925000000
1!
1'
b1 -
#61930000000
0!
0'
#61935000000
1!
1'
b10 -
#61940000000
0!
0'
#61945000000
1!
1'
b11 -
10
#61950000000
0!
0'
#61955000000
1!
1'
b0 -
00
#61960000000
0!
0'
#61965000000
1!
1'
b1 -
#61970000000
0!
0'
#61975000000
1!
1'
b10 -
#61980000000
0!
0'
#61985000000
1!
1'
b11 -
10
#61990000000
0!
0'
#61995000000
1!
1'
b0 -
00
#62000000000
0!
0'
#62005000000
1!
1'
b1 -
#62010000000
0!
0'
#62015000000
1!
1'
b10 -
#62020000000
0!
0'
#62025000000
1!
1'
b11 -
10
#62030000000
0!
0'
#62035000000
1!
1'
b0 -
00
#62040000000
0!
0'
#62045000000
1!
1'
b1 -
#62050000000
0!
0'
#62055000000
1!
1'
b10 -
#62060000000
0!
0'
#62065000000
1!
1'
b11 -
10
#62070000000
0!
0'
#62075000000
1!
1'
b0 -
00
#62080000000
0!
0'
#62085000000
1!
1'
b1 -
#62090000000
0!
0'
#62095000000
1!
1'
b10 -
#62100000000
0!
0'
#62105000000
1!
1'
b11 -
10
#62110000000
0!
0'
#62115000000
1!
1'
b0 -
00
#62120000000
0!
0'
#62125000000
1!
1'
b1 -
#62130000000
0!
0'
#62135000000
1!
1'
b10 -
#62140000000
0!
0'
#62145000000
1!
1'
b11 -
10
#62150000000
0!
0'
#62155000000
1!
1'
b0 -
00
#62160000000
0!
0'
#62165000000
1!
1'
b1 -
#62170000000
0!
0'
#62175000000
1!
1'
b10 -
#62180000000
0!
0'
#62185000000
1!
1'
b11 -
10
#62190000000
0!
0'
#62195000000
1!
1'
b0 -
00
#62200000000
0!
0'
#62205000000
1!
1'
b1 -
#62210000000
0!
0'
#62215000000
1!
1'
b10 -
#62220000000
0!
0'
#62225000000
1!
1'
b11 -
10
#62230000000
0!
0'
#62235000000
1!
1'
b0 -
00
#62240000000
0!
0'
#62245000000
1!
1'
b1 -
#62250000000
0!
0'
#62255000000
1!
1'
b10 -
#62260000000
0!
0'
#62265000000
1!
1'
b11 -
10
#62270000000
0!
0'
#62275000000
1!
1'
b0 -
00
#62280000000
0!
0'
#62285000000
1!
1'
b1 -
#62290000000
0!
0'
#62295000000
1!
1'
b10 -
#62300000000
0!
0'
#62305000000
1!
1'
b11 -
10
#62310000000
0!
0'
#62315000000
1!
1'
b0 -
00
#62320000000
0!
0'
#62325000000
1!
1'
b1 -
#62330000000
0!
0'
#62335000000
1!
1'
b10 -
#62340000000
0!
0'
#62345000000
1!
1'
b11 -
10
#62350000000
0!
0'
#62355000000
1!
1'
b0 -
00
#62360000000
0!
0'
#62365000000
1!
1'
b1 -
#62370000000
0!
0'
#62375000000
1!
1'
b10 -
#62380000000
0!
0'
#62385000000
1!
1'
b11 -
10
#62390000000
0!
0'
#62395000000
1!
1'
b0 -
00
#62400000000
0!
0'
#62405000000
1!
1'
b1 -
#62410000000
0!
0'
#62415000000
1!
1'
b10 -
#62420000000
0!
0'
#62425000000
1!
1'
b11 -
10
#62430000000
0!
0'
#62435000000
1!
1'
b0 -
00
#62440000000
0!
0'
#62445000000
1!
1'
b1 -
#62450000000
0!
0'
#62455000000
1!
1'
b10 -
#62460000000
0!
0'
#62465000000
1!
1'
b11 -
10
#62470000000
0!
0'
#62475000000
1!
1'
b0 -
00
#62480000000
0!
0'
#62485000000
1!
1'
b1 -
#62490000000
0!
0'
#62495000000
1!
1'
b10 -
#62500000000
0!
0'
#62505000000
1!
1'
b11 -
10
#62510000000
0!
0'
#62515000000
1!
1'
b0 -
00
#62520000000
0!
0'
#62525000000
1!
1'
b1 -
#62530000000
0!
0'
#62535000000
1!
1'
b10 -
#62540000000
0!
0'
#62545000000
1!
1'
b11 -
10
#62550000000
0!
0'
#62555000000
1!
1'
b0 -
00
#62560000000
0!
0'
#62565000000
1!
1'
b1 -
#62570000000
0!
0'
#62575000000
1!
1'
b10 -
#62580000000
0!
0'
#62585000000
1!
1'
b11 -
10
#62590000000
0!
0'
#62595000000
1!
1'
b0 -
00
#62600000000
0!
0'
#62605000000
1!
1'
b1 -
#62610000000
0!
0'
#62615000000
1!
1'
b10 -
#62620000000
0!
0'
#62625000000
1!
1'
b11 -
10
#62630000000
0!
0'
#62635000000
1!
1'
b0 -
00
#62640000000
0!
0'
#62645000000
1!
1'
b1 -
#62650000000
0!
0'
#62655000000
1!
1'
b10 -
#62660000000
0!
0'
#62665000000
1!
1'
b11 -
10
#62670000000
0!
0'
#62675000000
1!
1'
b0 -
00
#62680000000
0!
0'
#62685000000
1!
1'
b1 -
#62690000000
0!
0'
#62695000000
1!
1'
b10 -
#62700000000
0!
0'
#62705000000
1!
1'
b11 -
10
#62710000000
0!
0'
#62715000000
1!
1'
b0 -
00
#62720000000
0!
0'
#62725000000
1!
1'
b1 -
#62730000000
0!
0'
#62735000000
1!
1'
b10 -
#62740000000
0!
0'
#62745000000
1!
1'
b11 -
10
#62750000000
0!
0'
#62755000000
1!
1'
b0 -
00
#62760000000
0!
0'
#62765000000
1!
1'
b1 -
#62770000000
0!
0'
#62775000000
1!
1'
b10 -
#62780000000
0!
0'
#62785000000
1!
1'
b11 -
10
#62790000000
0!
0'
#62795000000
1!
1'
b0 -
00
#62800000000
0!
0'
#62805000000
1!
1'
b1 -
#62810000000
0!
0'
#62815000000
1!
1'
b10 -
#62820000000
0!
0'
#62825000000
1!
1'
b11 -
10
#62830000000
0!
0'
#62835000000
1!
1'
b0 -
00
#62840000000
0!
0'
#62845000000
1!
1'
b1 -
#62850000000
0!
0'
#62855000000
1!
1'
b10 -
#62860000000
0!
0'
#62865000000
1!
1'
b11 -
10
#62870000000
0!
0'
#62875000000
1!
1'
b0 -
00
#62880000000
0!
0'
#62885000000
1!
1'
b1 -
#62890000000
0!
0'
#62895000000
1!
1'
b10 -
#62900000000
0!
0'
#62905000000
1!
1'
b11 -
10
#62910000000
0!
0'
#62915000000
1!
1'
b0 -
00
#62920000000
0!
0'
#62925000000
1!
1'
b1 -
#62930000000
0!
0'
#62935000000
1!
1'
b10 -
#62940000000
0!
0'
#62945000000
1!
1'
b11 -
10
#62950000000
0!
0'
#62955000000
1!
1'
b0 -
00
#62960000000
0!
0'
#62965000000
1!
1'
b1 -
#62970000000
0!
0'
#62975000000
1!
1'
b10 -
#62980000000
0!
0'
#62985000000
1!
1'
b11 -
10
#62990000000
0!
0'
#62995000000
1!
1'
b0 -
00
#63000000000
0!
0'
#63005000000
1!
1'
b1 -
#63010000000
0!
0'
#63015000000
1!
1'
b10 -
#63020000000
0!
0'
#63025000000
1!
1'
b11 -
10
#63030000000
0!
0'
#63035000000
1!
1'
b0 -
00
#63040000000
0!
0'
#63045000000
1!
1'
b1 -
#63050000000
0!
0'
#63055000000
1!
1'
b10 -
#63060000000
0!
0'
#63065000000
1!
1'
b11 -
10
#63070000000
0!
0'
#63075000000
1!
1'
b0 -
00
#63080000000
0!
0'
#63085000000
1!
1'
b1 -
#63090000000
0!
0'
#63095000000
1!
1'
b10 -
#63100000000
0!
0'
#63105000000
1!
1'
b11 -
10
#63110000000
0!
0'
#63115000000
1!
1'
b0 -
00
#63120000000
0!
0'
#63125000000
1!
1'
b1 -
#63130000000
0!
0'
#63135000000
1!
1'
b10 -
#63140000000
0!
0'
#63145000000
1!
1'
b11 -
10
#63150000000
0!
0'
#63155000000
1!
1'
b0 -
00
#63160000000
0!
0'
#63165000000
1!
1'
b1 -
#63170000000
0!
0'
#63175000000
1!
1'
b10 -
#63180000000
0!
0'
#63185000000
1!
1'
b11 -
10
#63190000000
0!
0'
#63195000000
1!
1'
b0 -
00
#63200000000
0!
0'
#63205000000
1!
1'
b1 -
#63210000000
0!
0'
#63215000000
1!
1'
b10 -
#63220000000
0!
0'
#63225000000
1!
1'
b11 -
10
#63230000000
0!
0'
#63235000000
1!
1'
b0 -
00
#63240000000
0!
0'
#63245000000
1!
1'
b1 -
#63250000000
0!
0'
#63255000000
1!
1'
b10 -
#63260000000
0!
0'
#63265000000
1!
1'
b11 -
10
#63270000000
0!
0'
#63275000000
1!
1'
b0 -
00
#63280000000
0!
0'
#63285000000
1!
1'
b1 -
#63290000000
0!
0'
#63295000000
1!
1'
b10 -
#63300000000
0!
0'
#63305000000
1!
1'
b11 -
10
#63310000000
0!
0'
#63315000000
1!
1'
b0 -
00
#63320000000
0!
0'
#63325000000
1!
1'
b1 -
#63330000000
0!
0'
#63335000000
1!
1'
b10 -
#63340000000
0!
0'
#63345000000
1!
1'
b11 -
10
#63350000000
0!
0'
#63355000000
1!
1'
b0 -
00
#63360000000
0!
0'
#63365000000
1!
1'
b1 -
#63370000000
0!
0'
#63375000000
1!
1'
b10 -
#63380000000
0!
0'
#63385000000
1!
1'
b11 -
10
#63390000000
0!
0'
#63395000000
1!
1'
b0 -
00
#63400000000
0!
0'
#63405000000
1!
1'
b1 -
#63410000000
0!
0'
#63415000000
1!
1'
b10 -
#63420000000
0!
0'
#63425000000
1!
1'
b11 -
10
#63430000000
0!
0'
#63435000000
1!
1'
b0 -
00
#63440000000
0!
0'
#63445000000
1!
1'
b1 -
#63450000000
0!
0'
#63455000000
1!
1'
b10 -
#63460000000
0!
0'
#63465000000
1!
1'
b11 -
10
#63470000000
0!
0'
#63475000000
1!
1'
b0 -
00
#63480000000
0!
0'
#63485000000
1!
1'
b1 -
#63490000000
0!
0'
#63495000000
1!
1'
b10 -
#63500000000
0!
0'
#63505000000
1!
1'
b11 -
10
#63510000000
0!
0'
#63515000000
1!
1'
b0 -
00
#63520000000
0!
0'
#63525000000
1!
1'
b1 -
#63530000000
0!
0'
#63535000000
1!
1'
b10 -
#63540000000
0!
0'
#63545000000
1!
1'
b11 -
10
#63550000000
0!
0'
#63555000000
1!
1'
b0 -
00
#63560000000
0!
0'
#63565000000
1!
1'
b1 -
#63570000000
0!
0'
#63575000000
1!
1'
b10 -
#63580000000
0!
0'
#63585000000
1!
1'
b11 -
10
#63590000000
0!
0'
#63595000000
1!
1'
b0 -
00
#63600000000
0!
0'
#63605000000
1!
1'
b1 -
#63610000000
0!
0'
#63615000000
1!
1'
b10 -
#63620000000
0!
0'
#63625000000
1!
1'
b11 -
10
#63630000000
0!
0'
#63635000000
1!
1'
b0 -
00
#63640000000
0!
0'
#63645000000
1!
1'
b1 -
#63650000000
0!
0'
#63655000000
1!
1'
b10 -
#63660000000
0!
0'
#63665000000
1!
1'
b11 -
10
#63670000000
0!
0'
#63675000000
1!
1'
b0 -
00
#63680000000
0!
0'
#63685000000
1!
1'
b1 -
#63690000000
0!
0'
#63695000000
1!
1'
b10 -
#63700000000
0!
0'
#63705000000
1!
1'
b11 -
10
#63710000000
0!
0'
#63715000000
1!
1'
b0 -
00
#63720000000
0!
0'
#63725000000
1!
1'
b1 -
#63730000000
0!
0'
#63735000000
1!
1'
b10 -
#63740000000
0!
0'
#63745000000
1!
1'
b11 -
10
#63750000000
0!
0'
#63755000000
1!
1'
b0 -
00
#63760000000
0!
0'
#63765000000
1!
1'
b1 -
#63770000000
0!
0'
#63775000000
1!
1'
b10 -
#63780000000
0!
0'
#63785000000
1!
1'
b11 -
10
#63790000000
0!
0'
#63795000000
1!
1'
b0 -
00
#63800000000
0!
0'
#63805000000
1!
1'
b1 -
#63810000000
0!
0'
#63815000000
1!
1'
b10 -
#63820000000
0!
0'
#63825000000
1!
1'
b11 -
10
#63830000000
0!
0'
#63835000000
1!
1'
b0 -
00
#63840000000
0!
0'
#63845000000
1!
1'
b1 -
#63850000000
0!
0'
#63855000000
1!
1'
b10 -
#63860000000
0!
0'
#63865000000
1!
1'
b11 -
10
#63870000000
0!
0'
#63875000000
1!
1'
b0 -
00
#63880000000
0!
0'
#63885000000
1!
1'
b1 -
#63890000000
0!
0'
#63895000000
1!
1'
b10 -
#63900000000
0!
0'
#63905000000
1!
1'
b11 -
10
#63910000000
0!
0'
#63915000000
1!
1'
b0 -
00
#63920000000
0!
0'
#63925000000
1!
1'
b1 -
#63930000000
0!
0'
#63935000000
1!
1'
b10 -
#63940000000
0!
0'
#63945000000
1!
1'
b11 -
10
#63950000000
0!
0'
#63955000000
1!
1'
b0 -
00
#63960000000
0!
0'
#63965000000
1!
1'
b1 -
#63970000000
0!
0'
#63975000000
1!
1'
b10 -
#63980000000
0!
0'
#63985000000
1!
1'
b11 -
10
#63990000000
0!
0'
#63995000000
1!
1'
b0 -
00
#64000000000
0!
0'
#64005000000
1!
1'
b1 -
#64010000000
0!
0'
#64015000000
1!
1'
b10 -
#64020000000
0!
0'
#64025000000
1!
1'
b11 -
10
#64030000000
0!
0'
#64035000000
1!
1'
b0 -
00
#64040000000
0!
0'
#64045000000
1!
1'
b1 -
#64050000000
0!
0'
#64055000000
1!
1'
b10 -
#64060000000
0!
0'
#64065000000
1!
1'
b11 -
10
#64070000000
0!
0'
#64075000000
1!
1'
b0 -
00
#64080000000
0!
0'
#64085000000
1!
1'
b1 -
#64090000000
0!
0'
#64095000000
1!
1'
b10 -
#64100000000
0!
0'
#64105000000
1!
1'
b11 -
10
#64110000000
0!
0'
#64115000000
1!
1'
b0 -
00
#64120000000
0!
0'
#64125000000
1!
1'
b1 -
#64130000000
0!
0'
#64135000000
1!
1'
b10 -
#64140000000
0!
0'
#64145000000
1!
1'
b11 -
10
#64150000000
0!
0'
#64155000000
1!
1'
b0 -
00
#64160000000
0!
0'
#64165000000
1!
1'
b1 -
#64170000000
0!
0'
#64175000000
1!
1'
b10 -
#64180000000
0!
0'
#64185000000
1!
1'
b11 -
10
#64190000000
0!
0'
#64195000000
1!
1'
b0 -
00
#64200000000
0!
0'
#64205000000
1!
1'
b1 -
#64210000000
0!
0'
#64215000000
1!
1'
b10 -
#64220000000
0!
0'
#64225000000
1!
1'
b11 -
10
#64230000000
0!
0'
#64235000000
1!
1'
b0 -
00
#64240000000
0!
0'
#64245000000
1!
1'
b1 -
#64250000000
0!
0'
#64255000000
1!
1'
b10 -
#64260000000
0!
0'
#64265000000
1!
1'
b11 -
10
#64270000000
0!
0'
#64275000000
1!
1'
b0 -
00
#64280000000
0!
0'
#64285000000
1!
1'
b1 -
#64290000000
0!
0'
#64295000000
1!
1'
b10 -
#64300000000
0!
0'
#64305000000
1!
1'
b11 -
10
#64310000000
0!
0'
#64315000000
1!
1'
b0 -
00
#64320000000
0!
0'
#64325000000
1!
1'
b1 -
#64330000000
0!
0'
#64335000000
1!
1'
b10 -
#64340000000
0!
0'
#64345000000
1!
1'
b11 -
10
#64350000000
0!
0'
#64355000000
1!
1'
b0 -
00
#64360000000
0!
0'
#64365000000
1!
1'
b1 -
#64370000000
0!
0'
#64375000000
1!
1'
b10 -
#64380000000
0!
0'
#64385000000
1!
1'
b11 -
10
#64390000000
0!
0'
#64395000000
1!
1'
b0 -
00
#64400000000
0!
0'
#64405000000
1!
1'
b1 -
#64410000000
0!
0'
#64415000000
1!
1'
b10 -
#64420000000
0!
0'
#64425000000
1!
1'
b11 -
10
#64430000000
0!
0'
#64435000000
1!
1'
b0 -
00
#64440000000
0!
0'
#64445000000
1!
1'
b1 -
#64450000000
0!
0'
#64455000000
1!
1'
b10 -
#64460000000
0!
0'
#64465000000
1!
1'
b11 -
10
#64470000000
0!
0'
#64475000000
1!
1'
b0 -
00
#64480000000
0!
0'
#64485000000
1!
1'
b1 -
#64490000000
0!
0'
#64495000000
1!
1'
b10 -
#64500000000
0!
0'
#64505000000
1!
1'
b11 -
10
#64510000000
0!
0'
#64515000000
1!
1'
b0 -
00
#64520000000
0!
0'
#64525000000
1!
1'
b1 -
#64530000000
0!
0'
#64535000000
1!
1'
b10 -
#64540000000
0!
0'
#64545000000
1!
1'
b11 -
10
#64550000000
0!
0'
#64555000000
1!
1'
b0 -
00
#64560000000
0!
0'
#64565000000
1!
1'
b1 -
#64570000000
0!
0'
#64575000000
1!
1'
b10 -
#64580000000
0!
0'
#64585000000
1!
1'
b11 -
10
#64590000000
0!
0'
#64595000000
1!
1'
b0 -
00
#64600000000
0!
0'
#64605000000
1!
1'
b1 -
#64610000000
0!
0'
#64615000000
1!
1'
b10 -
#64620000000
0!
0'
#64625000000
1!
1'
b11 -
10
#64630000000
0!
0'
#64635000000
1!
1'
b0 -
00
#64640000000
0!
0'
#64645000000
1!
1'
b1 -
#64650000000
0!
0'
#64655000000
1!
1'
b10 -
#64660000000
0!
0'
#64665000000
1!
1'
b11 -
10
#64670000000
0!
0'
#64675000000
1!
1'
b0 -
00
#64680000000
0!
0'
#64685000000
1!
1'
b1 -
#64690000000
0!
0'
#64695000000
1!
1'
b10 -
#64700000000
0!
0'
#64705000000
1!
1'
b11 -
10
#64710000000
0!
0'
#64715000000
1!
1'
b0 -
00
#64720000000
0!
0'
#64725000000
1!
1'
b1 -
#64730000000
0!
0'
#64735000000
1!
1'
b10 -
#64740000000
0!
0'
#64745000000
1!
1'
b11 -
10
#64750000000
0!
0'
#64755000000
1!
1'
b0 -
00
#64760000000
0!
0'
#64765000000
1!
1'
b1 -
#64770000000
0!
0'
#64775000000
1!
1'
b10 -
#64780000000
0!
0'
#64785000000
1!
1'
b11 -
10
#64790000000
0!
0'
#64795000000
1!
1'
b0 -
00
#64800000000
0!
0'
#64805000000
1!
1'
b1 -
#64810000000
0!
0'
#64815000000
1!
1'
b10 -
#64820000000
0!
0'
#64825000000
1!
1'
b11 -
10
#64830000000
0!
0'
#64835000000
1!
1'
b0 -
00
#64840000000
0!
0'
#64845000000
1!
1'
b1 -
#64850000000
0!
0'
#64855000000
1!
1'
b10 -
#64860000000
0!
0'
#64865000000
1!
1'
b11 -
10
#64870000000
0!
0'
#64875000000
1!
1'
b0 -
00
#64880000000
0!
0'
#64885000000
1!
1'
b1 -
#64890000000
0!
0'
#64895000000
1!
1'
b10 -
#64900000000
0!
0'
#64905000000
1!
1'
b11 -
10
#64910000000
0!
0'
#64915000000
1!
1'
b0 -
00
#64920000000
0!
0'
#64925000000
1!
1'
b1 -
#64930000000
0!
0'
#64935000000
1!
1'
b10 -
#64940000000
0!
0'
#64945000000
1!
1'
b11 -
10
#64950000000
0!
0'
#64955000000
1!
1'
b0 -
00
#64960000000
0!
0'
#64965000000
1!
1'
b1 -
#64970000000
0!
0'
#64975000000
1!
1'
b10 -
#64980000000
0!
0'
#64985000000
1!
1'
b11 -
10
#64990000000
0!
0'
#64995000000
1!
1'
b0 -
00
#65000000000
0!
0'
#65005000000
1!
1'
b1 -
#65010000000
0!
0'
#65015000000
1!
1'
b10 -
#65020000000
0!
0'
#65025000000
1!
1'
b11 -
10
#65030000000
0!
0'
#65035000000
1!
1'
b0 -
00
#65040000000
0!
0'
#65045000000
1!
1'
b1 -
#65050000000
0!
0'
#65055000000
1!
1'
b10 -
#65060000000
0!
0'
#65065000000
1!
1'
b11 -
10
#65070000000
0!
0'
#65075000000
1!
1'
b0 -
00
#65080000000
0!
0'
#65085000000
1!
1'
b1 -
#65090000000
0!
0'
#65095000000
1!
1'
b10 -
#65100000000
0!
0'
#65105000000
1!
1'
b11 -
10
#65110000000
0!
0'
#65115000000
1!
1'
b0 -
00
#65120000000
0!
0'
#65125000000
1!
1'
b1 -
#65130000000
0!
0'
#65135000000
1!
1'
b10 -
#65140000000
0!
0'
#65145000000
1!
1'
b11 -
10
#65150000000
0!
0'
#65155000000
1!
1'
b0 -
00
#65160000000
0!
0'
#65165000000
1!
1'
b1 -
#65170000000
0!
0'
#65175000000
1!
1'
b10 -
#65180000000
0!
0'
#65185000000
1!
1'
b11 -
10
#65190000000
0!
0'
#65195000000
1!
1'
b0 -
00
#65200000000
0!
0'
#65205000000
1!
1'
b1 -
#65210000000
0!
0'
#65215000000
1!
1'
b10 -
#65220000000
0!
0'
#65225000000
1!
1'
b11 -
10
#65230000000
0!
0'
#65235000000
1!
1'
b0 -
00
#65240000000
0!
0'
#65245000000
1!
1'
b1 -
#65250000000
0!
0'
#65255000000
1!
1'
b10 -
#65260000000
0!
0'
#65265000000
1!
1'
b11 -
10
#65270000000
0!
0'
#65275000000
1!
1'
b0 -
00
#65280000000
0!
0'
#65285000000
1!
1'
b1 -
#65290000000
0!
0'
#65295000000
1!
1'
b10 -
#65300000000
0!
0'
#65305000000
1!
1'
b11 -
10
#65310000000
0!
0'
#65315000000
1!
1'
b0 -
00
#65320000000
0!
0'
#65325000000
1!
1'
b1 -
#65330000000
0!
0'
#65335000000
1!
1'
b10 -
#65340000000
0!
0'
#65345000000
1!
1'
b11 -
10
#65350000000
0!
0'
#65355000000
1!
1'
b0 -
00
#65360000000
0!
0'
#65365000000
1!
1'
b1 -
#65370000000
0!
0'
#65375000000
1!
1'
b10 -
#65380000000
0!
0'
#65385000000
1!
1'
b11 -
10
#65390000000
0!
0'
#65395000000
1!
1'
b0 -
00
#65400000000
0!
0'
#65405000000
1!
1'
b1 -
#65410000000
0!
0'
#65415000000
1!
1'
b10 -
#65420000000
0!
0'
#65425000000
1!
1'
b11 -
10
#65430000000
0!
0'
#65435000000
1!
1'
b0 -
00
#65440000000
0!
0'
#65445000000
1!
1'
b1 -
#65450000000
0!
0'
#65455000000
1!
1'
b10 -
#65460000000
0!
0'
#65465000000
1!
1'
b11 -
10
#65470000000
0!
0'
#65475000000
1!
1'
b0 -
00
#65480000000
0!
0'
#65485000000
1!
1'
b1 -
#65490000000
0!
0'
#65495000000
1!
1'
b10 -
#65500000000
0!
0'
#65505000000
1!
1'
b11 -
10
#65510000000
0!
0'
#65515000000
1!
1'
b0 -
00
#65520000000
0!
0'
#65525000000
1!
1'
b1 -
#65530000000
0!
0'
#65535000000
1!
1'
b10 -
#65540000000
0!
0'
#65545000000
1!
1'
b11 -
10
#65550000000
0!
0'
#65555000000
1!
1'
b0 -
00
#65560000000
0!
0'
#65565000000
1!
1'
b1 -
#65570000000
0!
0'
#65575000000
1!
1'
b10 -
#65580000000
0!
0'
#65585000000
1!
1'
b11 -
10
#65590000000
0!
0'
#65595000000
1!
1'
b0 -
00
#65600000000
0!
0'
#65605000000
1!
1'
b1 -
#65610000000
0!
0'
#65615000000
1!
1'
b10 -
#65620000000
0!
0'
#65625000000
1!
1'
b11 -
10
#65630000000
0!
0'
#65635000000
1!
1'
b0 -
00
#65640000000
0!
0'
#65645000000
1!
1'
b1 -
#65650000000
0!
0'
#65655000000
1!
1'
b10 -
#65660000000
0!
0'
#65665000000
1!
1'
b11 -
10
#65670000000
0!
0'
#65675000000
1!
1'
b0 -
00
#65680000000
0!
0'
#65685000000
1!
1'
b1 -
#65690000000
0!
0'
#65695000000
1!
1'
b10 -
#65700000000
0!
0'
#65705000000
1!
1'
b11 -
10
#65710000000
0!
0'
#65715000000
1!
1'
b0 -
00
#65720000000
0!
0'
#65725000000
1!
1'
b1 -
#65730000000
0!
0'
#65735000000
1!
1'
b10 -
#65740000000
0!
0'
#65745000000
1!
1'
b11 -
10
#65750000000
0!
0'
#65755000000
1!
1'
b0 -
00
#65760000000
0!
0'
#65765000000
1!
1'
b1 -
#65770000000
0!
0'
#65775000000
1!
1'
b10 -
#65780000000
0!
0'
#65785000000
1!
1'
b11 -
10
#65790000000
0!
0'
#65795000000
1!
1'
b0 -
00
#65800000000
0!
0'
#65805000000
1!
1'
b1 -
#65810000000
0!
0'
#65815000000
1!
1'
b10 -
#65820000000
0!
0'
#65825000000
1!
1'
b11 -
10
#65830000000
0!
0'
#65835000000
1!
1'
b0 -
00
#65840000000
0!
0'
#65845000000
1!
1'
b1 -
#65850000000
0!
0'
#65855000000
1!
1'
b10 -
#65860000000
0!
0'
#65865000000
1!
1'
b11 -
10
#65870000000
0!
0'
#65875000000
1!
1'
b0 -
00
#65880000000
0!
0'
#65885000000
1!
1'
b1 -
#65890000000
0!
0'
#65895000000
1!
1'
b10 -
#65900000000
0!
0'
#65905000000
1!
1'
b11 -
10
#65910000000
0!
0'
#65915000000
1!
1'
b0 -
00
#65920000000
0!
0'
#65925000000
1!
1'
b1 -
#65930000000
0!
0'
#65935000000
1!
1'
b10 -
#65940000000
0!
0'
#65945000000
1!
1'
b11 -
10
#65950000000
0!
0'
#65955000000
1!
1'
b0 -
00
#65960000000
0!
0'
#65965000000
1!
1'
b1 -
#65970000000
0!
0'
#65975000000
1!
1'
b10 -
#65980000000
0!
0'
#65985000000
1!
1'
b11 -
10
#65990000000
0!
0'
#65995000000
1!
1'
b0 -
00
#66000000000
0!
0'
#66005000000
1!
1'
b1 -
#66010000000
0!
0'
#66015000000
1!
1'
b10 -
#66020000000
0!
0'
#66025000000
1!
1'
b11 -
10
#66030000000
0!
0'
#66035000000
1!
1'
b0 -
00
#66040000000
0!
0'
#66045000000
1!
1'
b1 -
#66050000000
0!
0'
#66055000000
1!
1'
b10 -
#66060000000
0!
0'
#66065000000
1!
1'
b11 -
10
#66070000000
0!
0'
#66075000000
1!
1'
b0 -
00
#66080000000
0!
0'
#66085000000
1!
1'
b1 -
#66090000000
0!
0'
#66095000000
1!
1'
b10 -
#66100000000
0!
0'
#66105000000
1!
1'
b11 -
10
#66110000000
0!
0'
#66115000000
1!
1'
b0 -
00
#66120000000
0!
0'
#66125000000
1!
1'
b1 -
#66130000000
0!
0'
#66135000000
1!
1'
b10 -
#66140000000
0!
0'
#66145000000
1!
1'
b11 -
10
#66150000000
0!
0'
#66155000000
1!
1'
b0 -
00
#66160000000
0!
0'
#66165000000
1!
1'
b1 -
#66170000000
0!
0'
#66175000000
1!
1'
b10 -
#66180000000
0!
0'
#66185000000
1!
1'
b11 -
10
#66190000000
0!
0'
#66195000000
1!
1'
b0 -
00
#66200000000
0!
0'
#66205000000
1!
1'
b1 -
#66210000000
0!
0'
#66215000000
1!
1'
b10 -
#66220000000
0!
0'
#66225000000
1!
1'
b11 -
10
#66230000000
0!
0'
#66235000000
1!
1'
b0 -
00
#66240000000
0!
0'
#66245000000
1!
1'
b1 -
#66250000000
0!
0'
#66255000000
1!
1'
b10 -
#66260000000
0!
0'
#66265000000
1!
1'
b11 -
10
#66270000000
0!
0'
#66275000000
1!
1'
b0 -
00
#66280000000
0!
0'
#66285000000
1!
1'
b1 -
#66290000000
0!
0'
#66295000000
1!
1'
b10 -
#66300000000
0!
0'
#66305000000
1!
1'
b11 -
10
#66310000000
0!
0'
#66315000000
1!
1'
b0 -
00
#66320000000
0!
0'
#66325000000
1!
1'
b1 -
#66330000000
0!
0'
#66335000000
1!
1'
b10 -
#66340000000
0!
0'
#66345000000
1!
1'
b11 -
10
#66350000000
0!
0'
#66355000000
1!
1'
b0 -
00
#66360000000
0!
0'
#66365000000
1!
1'
b1 -
#66370000000
0!
0'
#66375000000
1!
1'
b10 -
#66380000000
0!
0'
#66385000000
1!
1'
b11 -
10
#66390000000
0!
0'
#66395000000
1!
1'
b0 -
00
#66400000000
0!
0'
#66405000000
1!
1'
b1 -
#66410000000
0!
0'
#66415000000
1!
1'
b10 -
#66420000000
0!
0'
#66425000000
1!
1'
b11 -
10
#66430000000
0!
0'
#66435000000
1!
1'
b0 -
00
#66440000000
0!
0'
#66445000000
1!
1'
b1 -
#66450000000
0!
0'
#66455000000
1!
1'
b10 -
#66460000000
0!
0'
#66465000000
1!
1'
b11 -
10
#66470000000
0!
0'
#66475000000
1!
1'
b0 -
00
#66480000000
0!
0'
#66485000000
1!
1'
b1 -
#66490000000
0!
0'
#66495000000
1!
1'
b10 -
#66500000000
0!
0'
#66505000000
1!
1'
b11 -
10
#66510000000
0!
0'
#66515000000
1!
1'
b0 -
00
#66520000000
0!
0'
#66525000000
1!
1'
b1 -
#66530000000
0!
0'
#66535000000
1!
1'
b10 -
#66540000000
0!
0'
#66545000000
1!
1'
b11 -
10
#66550000000
0!
0'
#66555000000
1!
1'
b0 -
00
#66560000000
0!
0'
#66565000000
1!
1'
b1 -
#66570000000
0!
0'
#66575000000
1!
1'
b10 -
#66580000000
0!
0'
#66585000000
1!
1'
b11 -
10
#66590000000
0!
0'
#66595000000
1!
1'
b0 -
00
#66600000000
0!
0'
#66605000000
1!
1'
b1 -
#66610000000
0!
0'
#66615000000
1!
1'
b10 -
#66620000000
0!
0'
#66625000000
1!
1'
b11 -
10
#66630000000
0!
0'
#66635000000
1!
1'
b0 -
00
#66640000000
0!
0'
#66645000000
1!
1'
b1 -
#66650000000
0!
0'
#66655000000
1!
1'
b10 -
#66660000000
0!
0'
#66665000000
1!
1'
b11 -
10
#66670000000
0!
0'
#66675000000
1!
1'
b0 -
00
#66680000000
0!
0'
#66685000000
1!
1'
b1 -
#66690000000
0!
0'
#66695000000
1!
1'
b10 -
#66700000000
0!
0'
#66705000000
1!
1'
b11 -
10
#66710000000
0!
0'
#66715000000
1!
1'
b0 -
00
#66720000000
0!
0'
#66725000000
1!
1'
b1 -
#66730000000
0!
0'
#66735000000
1!
1'
b10 -
#66740000000
0!
0'
#66745000000
1!
1'
b11 -
10
#66750000000
0!
0'
#66755000000
1!
1'
b0 -
00
#66760000000
0!
0'
#66765000000
1!
1'
b1 -
#66770000000
0!
0'
#66775000000
1!
1'
b10 -
#66780000000
0!
0'
#66785000000
1!
1'
b11 -
10
#66790000000
0!
0'
#66795000000
1!
1'
b0 -
00
#66800000000
0!
0'
#66805000000
1!
1'
b1 -
#66810000000
0!
0'
#66815000000
1!
1'
b10 -
#66820000000
0!
0'
#66825000000
1!
1'
b11 -
10
#66830000000
0!
0'
#66835000000
1!
1'
b0 -
00
#66840000000
0!
0'
#66845000000
1!
1'
b1 -
#66850000000
0!
0'
#66855000000
1!
1'
b10 -
#66860000000
0!
0'
#66865000000
1!
1'
b11 -
10
#66870000000
0!
0'
#66875000000
1!
1'
b0 -
00
#66880000000
0!
0'
#66885000000
1!
1'
b1 -
#66890000000
0!
0'
#66895000000
1!
1'
b10 -
#66900000000
0!
0'
#66905000000
1!
1'
b11 -
10
#66910000000
0!
0'
#66915000000
1!
1'
b0 -
00
#66920000000
0!
0'
#66925000000
1!
1'
b1 -
#66930000000
0!
0'
#66935000000
1!
1'
b10 -
#66940000000
0!
0'
#66945000000
1!
1'
b11 -
10
#66950000000
0!
0'
#66955000000
1!
1'
b0 -
00
#66960000000
0!
0'
#66965000000
1!
1'
b1 -
#66970000000
0!
0'
#66975000000
1!
1'
b10 -
#66980000000
0!
0'
#66985000000
1!
1'
b11 -
10
#66990000000
0!
0'
#66995000000
1!
1'
b0 -
00
#67000000000
0!
0'
#67005000000
1!
1'
b1 -
#67010000000
0!
0'
#67015000000
1!
1'
b10 -
#67020000000
0!
0'
#67025000000
1!
1'
b11 -
10
#67030000000
0!
0'
#67035000000
1!
1'
b0 -
00
#67040000000
0!
0'
#67045000000
1!
1'
b1 -
#67050000000
0!
0'
#67055000000
1!
1'
b10 -
#67060000000
0!
0'
#67065000000
1!
1'
b11 -
10
#67070000000
0!
0'
#67075000000
1!
1'
b0 -
00
#67080000000
0!
0'
#67085000000
1!
1'
b1 -
#67090000000
0!
0'
#67095000000
1!
1'
b10 -
#67100000000
0!
0'
#67105000000
1!
1'
b11 -
10
#67110000000
0!
0'
#67115000000
1!
1'
b0 -
00
#67120000000
0!
0'
#67125000000
1!
1'
b1 -
#67130000000
0!
0'
#67135000000
1!
1'
b10 -
#67140000000
0!
0'
#67145000000
1!
1'
b11 -
10
#67150000000
0!
0'
#67155000000
1!
1'
b0 -
00
#67160000000
0!
0'
#67165000000
1!
1'
b1 -
#67170000000
0!
0'
#67175000000
1!
1'
b10 -
#67180000000
0!
0'
#67185000000
1!
1'
b11 -
10
#67190000000
0!
0'
#67195000000
1!
1'
b0 -
00
#67200000000
0!
0'
#67205000000
1!
1'
b1 -
#67210000000
0!
0'
#67215000000
1!
1'
b10 -
#67220000000
0!
0'
#67225000000
1!
1'
b11 -
10
#67230000000
0!
0'
#67235000000
1!
1'
b0 -
00
#67240000000
0!
0'
#67245000000
1!
1'
b1 -
#67250000000
0!
0'
#67255000000
1!
1'
b10 -
#67260000000
0!
0'
#67265000000
1!
1'
b11 -
10
#67270000000
0!
0'
#67275000000
1!
1'
b0 -
00
#67280000000
0!
0'
#67285000000
1!
1'
b1 -
#67290000000
0!
0'
#67295000000
1!
1'
b10 -
#67300000000
0!
0'
#67305000000
1!
1'
b11 -
10
#67310000000
0!
0'
#67315000000
1!
1'
b0 -
00
#67320000000
0!
0'
#67325000000
1!
1'
b1 -
#67330000000
0!
0'
#67335000000
1!
1'
b10 -
#67340000000
0!
0'
#67345000000
1!
1'
b11 -
10
#67350000000
0!
0'
#67355000000
1!
1'
b0 -
00
#67360000000
0!
0'
#67365000000
1!
1'
b1 -
#67370000000
0!
0'
#67375000000
1!
1'
b10 -
#67380000000
0!
0'
#67385000000
1!
1'
b11 -
10
#67390000000
0!
0'
#67395000000
1!
1'
b0 -
00
#67400000000
0!
0'
#67405000000
1!
1'
b1 -
#67410000000
0!
0'
#67415000000
1!
1'
b10 -
#67420000000
0!
0'
#67425000000
1!
1'
b11 -
10
#67430000000
0!
0'
#67435000000
1!
1'
b0 -
00
#67440000000
0!
0'
#67445000000
1!
1'
b1 -
#67450000000
0!
0'
#67455000000
1!
1'
b10 -
#67460000000
0!
0'
#67465000000
1!
1'
b11 -
10
#67470000000
0!
0'
#67475000000
1!
1'
b0 -
00
#67480000000
0!
0'
#67485000000
1!
1'
b1 -
#67490000000
0!
0'
#67495000000
1!
1'
b10 -
#67500000000
0!
0'
#67505000000
1!
1'
b11 -
10
#67510000000
0!
0'
#67515000000
1!
1'
b0 -
00
#67520000000
0!
0'
#67525000000
1!
1'
b1 -
#67530000000
0!
0'
#67535000000
1!
1'
b10 -
#67540000000
0!
0'
#67545000000
1!
1'
b11 -
10
#67550000000
0!
0'
#67555000000
1!
1'
b0 -
00
#67560000000
0!
0'
#67565000000
1!
1'
b1 -
#67570000000
0!
0'
#67575000000
1!
1'
b10 -
#67580000000
0!
0'
#67585000000
1!
1'
b11 -
10
#67590000000
0!
0'
#67595000000
1!
1'
b0 -
00
#67600000000
0!
0'
#67605000000
1!
1'
b1 -
#67610000000
0!
0'
#67615000000
1!
1'
b10 -
#67620000000
0!
0'
#67625000000
1!
1'
b11 -
10
#67630000000
0!
0'
#67635000000
1!
1'
b0 -
00
#67640000000
0!
0'
#67645000000
1!
1'
b1 -
#67650000000
0!
0'
#67655000000
1!
1'
b10 -
#67660000000
0!
0'
#67665000000
1!
1'
b11 -
10
#67670000000
0!
0'
#67675000000
1!
1'
b0 -
00
#67680000000
0!
0'
#67685000000
1!
1'
b1 -
#67690000000
0!
0'
#67695000000
1!
1'
b10 -
#67700000000
0!
0'
#67705000000
1!
1'
b11 -
10
#67710000000
0!
0'
#67715000000
1!
1'
b0 -
00
#67720000000
0!
0'
#67725000000
1!
1'
b1 -
#67730000000
0!
0'
#67735000000
1!
1'
b10 -
#67740000000
0!
0'
#67745000000
1!
1'
b11 -
10
#67750000000
0!
0'
#67755000000
1!
1'
b0 -
00
#67760000000
0!
0'
#67765000000
1!
1'
b1 -
#67770000000
0!
0'
#67775000000
1!
1'
b10 -
#67780000000
0!
0'
#67785000000
1!
1'
b11 -
10
#67790000000
0!
0'
#67795000000
1!
1'
b0 -
00
#67800000000
0!
0'
#67805000000
1!
1'
b1 -
#67810000000
0!
0'
#67815000000
1!
1'
b10 -
#67820000000
0!
0'
#67825000000
1!
1'
b11 -
10
#67830000000
0!
0'
#67835000000
1!
1'
b0 -
00
#67840000000
0!
0'
#67845000000
1!
1'
b1 -
#67850000000
0!
0'
#67855000000
1!
1'
b10 -
#67860000000
0!
0'
#67865000000
1!
1'
b11 -
10
#67870000000
0!
0'
#67875000000
1!
1'
b0 -
00
#67880000000
0!
0'
#67885000000
1!
1'
b1 -
#67890000000
0!
0'
#67895000000
1!
1'
b10 -
#67900000000
0!
0'
#67905000000
1!
1'
b11 -
10
#67910000000
0!
0'
#67915000000
1!
1'
b0 -
00
#67920000000
0!
0'
#67925000000
1!
1'
b1 -
#67930000000
0!
0'
#67935000000
1!
1'
b10 -
#67940000000
0!
0'
#67945000000
1!
1'
b11 -
10
#67950000000
0!
0'
#67955000000
1!
1'
b0 -
00
#67960000000
0!
0'
#67965000000
1!
1'
b1 -
#67970000000
0!
0'
#67975000000
1!
1'
b10 -
#67980000000
0!
0'
#67985000000
1!
1'
b11 -
10
#67990000000
0!
0'
#67995000000
1!
1'
b0 -
00
#68000000000
0!
0'
#68005000000
1!
1'
b1 -
#68010000000
0!
0'
#68015000000
1!
1'
b10 -
#68020000000
0!
0'
#68025000000
1!
1'
b11 -
10
#68030000000
0!
0'
#68035000000
1!
1'
b0 -
00
#68040000000
0!
0'
#68045000000
1!
1'
b1 -
#68050000000
0!
0'
#68055000000
1!
1'
b10 -
#68060000000
0!
0'
#68065000000
1!
1'
b11 -
10
#68070000000
0!
0'
#68075000000
1!
1'
b0 -
00
#68080000000
0!
0'
#68085000000
1!
1'
b1 -
#68090000000
0!
0'
#68095000000
1!
1'
b10 -
#68100000000
0!
0'
#68105000000
1!
1'
b11 -
10
#68110000000
0!
0'
#68115000000
1!
1'
b0 -
00
#68120000000
0!
0'
#68125000000
1!
1'
b1 -
#68130000000
0!
0'
#68135000000
1!
1'
b10 -
#68140000000
0!
0'
#68145000000
1!
1'
b11 -
10
#68150000000
0!
0'
#68155000000
1!
1'
b0 -
00
#68160000000
0!
0'
#68165000000
1!
1'
b1 -
#68170000000
0!
0'
#68175000000
1!
1'
b10 -
#68180000000
0!
0'
#68185000000
1!
1'
b11 -
10
#68190000000
0!
0'
#68195000000
1!
1'
b0 -
00
#68200000000
0!
0'
#68205000000
1!
1'
b1 -
#68210000000
0!
0'
#68215000000
1!
1'
b10 -
#68220000000
0!
0'
#68225000000
1!
1'
b11 -
10
#68230000000
0!
0'
#68235000000
1!
1'
b0 -
00
#68240000000
0!
0'
#68245000000
1!
1'
b1 -
#68250000000
0!
0'
#68255000000
1!
1'
b10 -
#68260000000
0!
0'
#68265000000
1!
1'
b11 -
10
#68270000000
0!
0'
#68275000000
1!
1'
b0 -
00
#68280000000
0!
0'
#68285000000
1!
1'
b1 -
#68290000000
0!
0'
#68295000000
1!
1'
b10 -
#68300000000
0!
0'
#68305000000
1!
1'
b11 -
10
#68310000000
0!
0'
#68315000000
1!
1'
b0 -
00
#68320000000
0!
0'
#68325000000
1!
1'
b1 -
#68330000000
0!
0'
#68335000000
1!
1'
b10 -
#68340000000
0!
0'
#68345000000
1!
1'
b11 -
10
#68350000000
0!
0'
#68355000000
1!
1'
b0 -
00
#68360000000
0!
0'
#68365000000
1!
1'
b1 -
#68370000000
0!
0'
#68375000000
1!
1'
b10 -
#68380000000
0!
0'
#68385000000
1!
1'
b11 -
10
#68390000000
0!
0'
#68395000000
1!
1'
b0 -
00
#68400000000
0!
0'
#68405000000
1!
1'
b1 -
#68410000000
0!
0'
#68415000000
1!
1'
b10 -
#68420000000
0!
0'
#68425000000
1!
1'
b11 -
10
#68430000000
0!
0'
#68435000000
1!
1'
b0 -
00
#68440000000
0!
0'
#68445000000
1!
1'
b1 -
#68450000000
0!
0'
#68455000000
1!
1'
b10 -
#68460000000
0!
0'
#68465000000
1!
1'
b11 -
10
#68470000000
0!
0'
#68475000000
1!
1'
b0 -
00
#68480000000
0!
0'
#68485000000
1!
1'
b1 -
#68490000000
0!
0'
#68495000000
1!
1'
b10 -
#68500000000
0!
0'
#68505000000
1!
1'
b11 -
10
#68510000000
0!
0'
#68515000000
1!
1'
b0 -
00
#68520000000
0!
0'
#68525000000
1!
1'
b1 -
#68530000000
0!
0'
#68535000000
1!
1'
b10 -
#68540000000
0!
0'
#68545000000
1!
1'
b11 -
10
#68550000000
0!
0'
#68555000000
1!
1'
b0 -
00
#68560000000
0!
0'
#68565000000
1!
1'
b1 -
#68570000000
0!
0'
#68575000000
1!
1'
b10 -
#68580000000
0!
0'
#68585000000
1!
1'
b11 -
10
#68590000000
0!
0'
#68595000000
1!
1'
b0 -
00
#68600000000
0!
0'
#68605000000
1!
1'
b1 -
#68610000000
0!
0'
#68615000000
1!
1'
b10 -
#68620000000
0!
0'
#68625000000
1!
1'
b11 -
10
#68630000000
0!
0'
#68635000000
1!
1'
b0 -
00
#68640000000
0!
0'
#68645000000
1!
1'
b1 -
#68650000000
0!
0'
#68655000000
1!
1'
b10 -
#68660000000
0!
0'
#68665000000
1!
1'
b11 -
10
#68670000000
0!
0'
#68675000000
1!
1'
b0 -
00
#68680000000
0!
0'
#68685000000
1!
1'
b1 -
#68690000000
0!
0'
#68695000000
1!
1'
b10 -
#68700000000
0!
0'
#68705000000
1!
1'
b11 -
10
#68710000000
0!
0'
#68715000000
1!
1'
b0 -
00
#68720000000
0!
0'
#68725000000
1!
1'
b1 -
#68730000000
0!
0'
#68735000000
1!
1'
b10 -
#68740000000
0!
0'
#68745000000
1!
1'
b11 -
10
#68750000000
0!
0'
#68755000000
1!
1'
b0 -
00
#68760000000
0!
0'
#68765000000
1!
1'
b1 -
#68770000000
0!
0'
#68775000000
1!
1'
b10 -
#68780000000
0!
0'
#68785000000
1!
1'
b11 -
10
#68790000000
0!
0'
#68795000000
1!
1'
b0 -
00
#68800000000
0!
0'
#68805000000
1!
1'
b1 -
#68810000000
0!
0'
#68815000000
1!
1'
b10 -
#68820000000
0!
0'
#68825000000
1!
1'
b11 -
10
#68830000000
0!
0'
#68835000000
1!
1'
b0 -
00
#68840000000
0!
0'
#68845000000
1!
1'
b1 -
#68850000000
0!
0'
#68855000000
1!
1'
b10 -
#68860000000
0!
0'
#68865000000
1!
1'
b11 -
10
#68870000000
0!
0'
#68875000000
1!
1'
b0 -
00
#68880000000
0!
0'
#68885000000
1!
1'
b1 -
#68890000000
0!
0'
#68895000000
1!
1'
b10 -
#68900000000
0!
0'
#68905000000
1!
1'
b11 -
10
#68910000000
0!
0'
#68915000000
1!
1'
b0 -
00
#68920000000
0!
0'
#68925000000
1!
1'
b1 -
#68930000000
0!
0'
#68935000000
1!
1'
b10 -
#68940000000
0!
0'
#68945000000
1!
1'
b11 -
10
#68950000000
0!
0'
#68955000000
1!
1'
b0 -
00
#68960000000
0!
0'
#68965000000
1!
1'
b1 -
#68970000000
0!
0'
#68975000000
1!
1'
b10 -
#68980000000
0!
0'
#68985000000
1!
1'
b11 -
10
#68990000000
0!
0'
#68995000000
1!
1'
b0 -
00
#69000000000
0!
0'
#69005000000
1!
1'
b1 -
#69010000000
0!
0'
#69015000000
1!
1'
b10 -
#69020000000
0!
0'
#69025000000
1!
1'
b11 -
10
#69030000000
0!
0'
#69035000000
1!
1'
b0 -
00
#69040000000
0!
0'
#69045000000
1!
1'
b1 -
#69050000000
0!
0'
#69055000000
1!
1'
b10 -
#69060000000
0!
0'
#69065000000
1!
1'
b11 -
10
#69070000000
0!
0'
#69075000000
1!
1'
b0 -
00
#69080000000
0!
0'
#69085000000
1!
1'
b1 -
#69090000000
0!
0'
#69095000000
1!
1'
b10 -
#69100000000
0!
0'
#69105000000
1!
1'
b11 -
10
#69110000000
0!
0'
#69115000000
1!
1'
b0 -
00
#69120000000
0!
0'
#69125000000
1!
1'
b1 -
#69130000000
0!
0'
#69135000000
1!
1'
b10 -
#69140000000
0!
0'
#69145000000
1!
1'
b11 -
10
#69150000000
0!
0'
#69155000000
1!
1'
b0 -
00
#69160000000
0!
0'
#69165000000
1!
1'
b1 -
#69170000000
0!
0'
#69175000000
1!
1'
b10 -
#69180000000
0!
0'
#69185000000
1!
1'
b11 -
10
#69190000000
0!
0'
#69195000000
1!
1'
b0 -
00
#69200000000
0!
0'
#69205000000
1!
1'
b1 -
#69210000000
0!
0'
#69215000000
1!
1'
b10 -
#69220000000
0!
0'
#69225000000
1!
1'
b11 -
10
#69230000000
0!
0'
#69235000000
1!
1'
b0 -
00
#69240000000
0!
0'
#69245000000
1!
1'
b1 -
#69250000000
0!
0'
#69255000000
1!
1'
b10 -
#69260000000
0!
0'
#69265000000
1!
1'
b11 -
10
#69270000000
0!
0'
#69275000000
1!
1'
b0 -
00
#69280000000
0!
0'
#69285000000
1!
1'
b1 -
#69290000000
0!
0'
#69295000000
1!
1'
b10 -
#69300000000
0!
0'
#69305000000
1!
1'
b11 -
10
#69310000000
0!
0'
#69315000000
1!
1'
b0 -
00
#69320000000
0!
0'
#69325000000
1!
1'
b1 -
#69330000000
0!
0'
#69335000000
1!
1'
b10 -
#69340000000
0!
0'
#69345000000
1!
1'
b11 -
10
#69350000000
0!
0'
#69355000000
1!
1'
b0 -
00
#69360000000
0!
0'
#69365000000
1!
1'
b1 -
#69370000000
0!
0'
#69375000000
1!
1'
b10 -
#69380000000
0!
0'
#69385000000
1!
1'
b11 -
10
#69390000000
0!
0'
#69395000000
1!
1'
b0 -
00
#69400000000
0!
0'
#69405000000
1!
1'
b1 -
#69410000000
0!
0'
#69415000000
1!
1'
b10 -
#69420000000
0!
0'
#69425000000
1!
1'
b11 -
10
#69430000000
0!
0'
#69435000000
1!
1'
b0 -
00
#69440000000
0!
0'
#69445000000
1!
1'
b1 -
#69450000000
0!
0'
#69455000000
1!
1'
b10 -
#69460000000
0!
0'
#69465000000
1!
1'
b11 -
10
#69470000000
0!
0'
#69475000000
1!
1'
b0 -
00
#69480000000
0!
0'
#69485000000
1!
1'
b1 -
#69490000000
0!
0'
#69495000000
1!
1'
b10 -
#69500000000
0!
0'
#69505000000
1!
1'
b11 -
10
#69510000000
0!
0'
#69515000000
1!
1'
b0 -
00
#69520000000
0!
0'
#69525000000
1!
1'
b1 -
#69530000000
0!
0'
#69535000000
1!
1'
b10 -
#69540000000
0!
0'
#69545000000
1!
1'
b11 -
10
#69550000000
0!
0'
#69555000000
1!
1'
b0 -
00
#69560000000
0!
0'
#69565000000
1!
1'
b1 -
#69570000000
0!
0'
#69575000000
1!
1'
b10 -
#69580000000
0!
0'
#69585000000
1!
1'
b11 -
10
#69590000000
0!
0'
#69595000000
1!
1'
b0 -
00
#69600000000
0!
0'
#69605000000
1!
1'
b1 -
#69610000000
0!
0'
#69615000000
1!
1'
b10 -
#69620000000
0!
0'
#69625000000
1!
1'
b11 -
10
#69630000000
0!
0'
#69635000000
1!
1'
b0 -
00
#69640000000
0!
0'
#69645000000
1!
1'
b1 -
#69650000000
0!
0'
#69655000000
1!
1'
b10 -
#69660000000
0!
0'
#69665000000
1!
1'
b11 -
10
#69670000000
0!
0'
#69675000000
1!
1'
b0 -
00
#69680000000
0!
0'
#69685000000
1!
1'
b1 -
#69690000000
0!
0'
#69695000000
1!
1'
b10 -
#69700000000
0!
0'
#69705000000
1!
1'
b11 -
10
#69710000000
0!
0'
#69715000000
1!
1'
b0 -
00
#69720000000
0!
0'
#69725000000
1!
1'
b1 -
#69730000000
0!
0'
#69735000000
1!
1'
b10 -
#69740000000
0!
0'
#69745000000
1!
1'
b11 -
10
#69750000000
0!
0'
#69755000000
1!
1'
b0 -
00
#69760000000
0!
0'
#69765000000
1!
1'
b1 -
#69770000000
0!
0'
#69775000000
1!
1'
b10 -
#69780000000
0!
0'
#69785000000
1!
1'
b11 -
10
#69790000000
0!
0'
#69795000000
1!
1'
b0 -
00
#69800000000
0!
0'
#69805000000
1!
1'
b1 -
#69810000000
0!
0'
#69815000000
1!
1'
b10 -
#69820000000
0!
0'
#69825000000
1!
1'
b11 -
10
#69830000000
0!
0'
#69835000000
1!
1'
b0 -
00
#69840000000
0!
0'
#69845000000
1!
1'
b1 -
#69850000000
0!
0'
#69855000000
1!
1'
b10 -
#69860000000
0!
0'
#69865000000
1!
1'
b11 -
10
#69870000000
0!
0'
#69875000000
1!
1'
b0 -
00
#69880000000
0!
0'
#69885000000
1!
1'
b1 -
#69890000000
0!
0'
#69895000000
1!
1'
b10 -
#69900000000
0!
0'
#69905000000
1!
1'
b11 -
10
#69910000000
0!
0'
#69915000000
1!
1'
b0 -
00
#69920000000
0!
0'
#69925000000
1!
1'
b1 -
#69930000000
0!
0'
#69935000000
1!
1'
b10 -
#69940000000
0!
0'
#69945000000
1!
1'
b11 -
10
#69950000000
0!
0'
#69955000000
1!
1'
b0 -
00
#69960000000
0!
0'
#69965000000
1!
1'
b1 -
#69970000000
0!
0'
#69975000000
1!
1'
b10 -
#69980000000
0!
0'
#69985000000
1!
1'
b11 -
10
#69990000000
0!
0'
#69995000000
1!
1'
b0 -
00
#70000000000
0!
0'
#70005000000
1!
1'
b1 -
#70010000000
0!
0'
#70015000000
1!
1'
b10 -
#70020000000
0!
0'
#70025000000
1!
1'
b11 -
10
#70030000000
0!
0'
#70035000000
1!
1'
b0 -
00
#70040000000
0!
0'
#70045000000
1!
1'
b1 -
#70050000000
0!
0'
#70055000000
1!
1'
b10 -
#70060000000
0!
0'
#70065000000
1!
1'
b11 -
10
#70070000000
0!
0'
#70075000000
1!
1'
b0 -
00
#70080000000
0!
0'
#70085000000
1!
1'
b1 -
#70090000000
0!
0'
#70095000000
1!
1'
b10 -
#70100000000
0!
0'
#70105000000
1!
1'
b11 -
10
#70110000000
0!
0'
#70115000000
1!
1'
b0 -
00
#70120000000
0!
0'
#70125000000
1!
1'
b1 -
#70130000000
0!
0'
#70135000000
1!
1'
b10 -
#70140000000
0!
0'
#70145000000
1!
1'
b11 -
10
#70150000000
0!
0'
#70155000000
1!
1'
b0 -
00
#70160000000
0!
0'
#70165000000
1!
1'
b1 -
#70170000000
0!
0'
#70175000000
1!
1'
b10 -
#70180000000
0!
0'
#70185000000
1!
1'
b11 -
10
#70190000000
0!
0'
#70195000000
1!
1'
b0 -
00
#70200000000
0!
0'
#70205000000
1!
1'
b1 -
#70210000000
0!
0'
#70215000000
1!
1'
b10 -
#70220000000
0!
0'
#70225000000
1!
1'
b11 -
10
#70230000000
0!
0'
#70235000000
1!
1'
b0 -
00
#70240000000
0!
0'
#70245000000
1!
1'
b1 -
#70250000000
0!
0'
#70255000000
1!
1'
b10 -
#70260000000
0!
0'
#70265000000
1!
1'
b11 -
10
#70270000000
0!
0'
#70275000000
1!
1'
b0 -
00
#70280000000
0!
0'
#70285000000
1!
1'
b1 -
#70290000000
0!
0'
#70295000000
1!
1'
b10 -
#70300000000
0!
0'
#70305000000
1!
1'
b11 -
10
#70310000000
0!
0'
#70315000000
1!
1'
b0 -
00
#70320000000
0!
0'
#70325000000
1!
1'
b1 -
#70330000000
0!
0'
#70335000000
1!
1'
b10 -
#70340000000
0!
0'
#70345000000
1!
1'
b11 -
10
#70350000000
0!
0'
#70355000000
1!
1'
b0 -
00
#70360000000
0!
0'
#70365000000
1!
1'
b1 -
#70370000000
0!
0'
#70375000000
1!
1'
b10 -
#70380000000
0!
0'
#70385000000
1!
1'
b11 -
10
#70390000000
0!
0'
#70395000000
1!
1'
b0 -
00
#70400000000
0!
0'
#70405000000
1!
1'
b1 -
#70410000000
0!
0'
#70415000000
1!
1'
b10 -
#70420000000
0!
0'
#70425000000
1!
1'
b11 -
10
#70430000000
0!
0'
#70435000000
1!
1'
b0 -
00
#70440000000
0!
0'
#70445000000
1!
1'
b1 -
#70450000000
0!
0'
#70455000000
1!
1'
b10 -
#70460000000
0!
0'
#70465000000
1!
1'
b11 -
10
#70470000000
0!
0'
#70475000000
1!
1'
b0 -
00
#70480000000
0!
0'
#70485000000
1!
1'
b1 -
#70490000000
0!
0'
#70495000000
1!
1'
b10 -
#70500000000
0!
0'
#70505000000
1!
1'
b11 -
10
#70510000000
0!
0'
#70515000000
1!
1'
b0 -
00
#70520000000
0!
0'
#70525000000
1!
1'
b1 -
#70530000000
0!
0'
#70535000000
1!
1'
b10 -
#70540000000
0!
0'
#70545000000
1!
1'
b11 -
10
#70550000000
0!
0'
#70555000000
1!
1'
b0 -
00
#70560000000
0!
0'
#70565000000
1!
1'
b1 -
#70570000000
0!
0'
#70575000000
1!
1'
b10 -
#70580000000
0!
0'
#70585000000
1!
1'
b11 -
10
#70590000000
0!
0'
#70595000000
1!
1'
b0 -
00
#70600000000
0!
0'
#70605000000
1!
1'
b1 -
#70610000000
0!
0'
#70615000000
1!
1'
b10 -
#70620000000
0!
0'
#70625000000
1!
1'
b11 -
10
#70630000000
0!
0'
#70635000000
1!
1'
b0 -
00
#70640000000
0!
0'
#70645000000
1!
1'
b1 -
#70650000000
0!
0'
#70655000000
1!
1'
b10 -
#70660000000
0!
0'
#70665000000
1!
1'
b11 -
10
#70670000000
0!
0'
#70675000000
1!
1'
b0 -
00
#70680000000
0!
0'
#70685000000
1!
1'
b1 -
#70690000000
0!
0'
#70695000000
1!
1'
b10 -
#70700000000
0!
0'
#70705000000
1!
1'
b11 -
10
#70710000000
0!
0'
#70715000000
1!
1'
b0 -
00
#70720000000
0!
0'
#70725000000
1!
1'
b1 -
#70730000000
0!
0'
#70735000000
1!
1'
b10 -
#70740000000
0!
0'
#70745000000
1!
1'
b11 -
10
#70750000000
0!
0'
#70755000000
1!
1'
b0 -
00
#70760000000
0!
0'
#70765000000
1!
1'
b1 -
#70770000000
0!
0'
#70775000000
1!
1'
b10 -
#70780000000
0!
0'
#70785000000
1!
1'
b11 -
10
#70790000000
0!
0'
#70795000000
1!
1'
b0 -
00
#70800000000
0!
0'
#70805000000
1!
1'
b1 -
#70810000000
0!
0'
#70815000000
1!
1'
b10 -
#70820000000
0!
0'
#70825000000
1!
1'
b11 -
10
#70830000000
0!
0'
#70835000000
1!
1'
b0 -
00
#70840000000
0!
0'
#70845000000
1!
1'
b1 -
#70850000000
0!
0'
#70855000000
1!
1'
b10 -
#70860000000
0!
0'
#70865000000
1!
1'
b11 -
10
#70870000000
0!
0'
#70875000000
1!
1'
b0 -
00
#70880000000
0!
0'
#70885000000
1!
1'
b1 -
#70890000000
0!
0'
#70895000000
1!
1'
b10 -
#70900000000
0!
0'
#70905000000
1!
1'
b11 -
10
#70910000000
0!
0'
#70915000000
1!
1'
b0 -
00
#70920000000
0!
0'
#70925000000
1!
1'
b1 -
#70930000000
0!
0'
#70935000000
1!
1'
b10 -
#70940000000
0!
0'
#70945000000
1!
1'
b11 -
10
#70950000000
0!
0'
#70955000000
1!
1'
b0 -
00
#70960000000
0!
0'
#70965000000
1!
1'
b1 -
#70970000000
0!
0'
#70975000000
1!
1'
b10 -
#70980000000
0!
0'
#70985000000
1!
1'
b11 -
10
#70990000000
0!
0'
#70995000000
1!
1'
b0 -
00
#71000000000
0!
0'
#71005000000
1!
1'
b1 -
#71010000000
0!
0'
#71015000000
1!
1'
b10 -
#71020000000
0!
0'
#71025000000
1!
1'
b11 -
10
#71030000000
0!
0'
#71035000000
1!
1'
b0 -
00
#71040000000
0!
0'
#71045000000
1!
1'
b1 -
#71050000000
0!
0'
#71055000000
1!
1'
b10 -
#71060000000
0!
0'
#71065000000
1!
1'
b11 -
10
#71070000000
0!
0'
#71075000000
1!
1'
b0 -
00
#71080000000
0!
0'
#71085000000
1!
1'
b1 -
#71090000000
0!
0'
#71095000000
1!
1'
b10 -
#71100000000
0!
0'
#71105000000
1!
1'
b11 -
10
#71110000000
0!
0'
#71115000000
1!
1'
b0 -
00
#71120000000
0!
0'
#71125000000
1!
1'
b1 -
#71130000000
0!
0'
#71135000000
1!
1'
b10 -
#71140000000
0!
0'
#71145000000
1!
1'
b11 -
10
#71150000000
0!
0'
#71155000000
1!
1'
b0 -
00
#71160000000
0!
0'
#71165000000
1!
1'
b1 -
#71170000000
0!
0'
#71175000000
1!
1'
b10 -
#71180000000
0!
0'
#71185000000
1!
1'
b11 -
10
#71190000000
0!
0'
#71195000000
1!
1'
b0 -
00
#71200000000
0!
0'
#71205000000
1!
1'
b1 -
#71210000000
0!
0'
#71215000000
1!
1'
b10 -
#71220000000
0!
0'
#71225000000
1!
1'
b11 -
10
#71230000000
0!
0'
#71235000000
1!
1'
b0 -
00
#71240000000
0!
0'
#71245000000
1!
1'
b1 -
#71250000000
0!
0'
#71255000000
1!
1'
b10 -
#71260000000
0!
0'
#71265000000
1!
1'
b11 -
10
#71270000000
0!
0'
#71275000000
1!
1'
b0 -
00
#71280000000
0!
0'
#71285000000
1!
1'
b1 -
#71290000000
0!
0'
#71295000000
1!
1'
b10 -
#71300000000
0!
0'
#71305000000
1!
1'
b11 -
10
#71310000000
0!
0'
#71315000000
1!
1'
b0 -
00
#71320000000
0!
0'
#71325000000
1!
1'
b1 -
#71330000000
0!
0'
#71335000000
1!
1'
b10 -
#71340000000
0!
0'
#71345000000
1!
1'
b11 -
10
#71350000000
0!
0'
#71355000000
1!
1'
b0 -
00
#71360000000
0!
0'
#71365000000
1!
1'
b1 -
#71370000000
0!
0'
#71375000000
1!
1'
b10 -
#71380000000
0!
0'
#71385000000
1!
1'
b11 -
10
#71390000000
0!
0'
#71395000000
1!
1'
b0 -
00
#71400000000
0!
0'
#71405000000
1!
1'
b1 -
#71410000000
0!
0'
#71415000000
1!
1'
b10 -
#71420000000
0!
0'
#71425000000
1!
1'
b11 -
10
#71430000000
0!
0'
#71435000000
1!
1'
b0 -
00
#71440000000
0!
0'
#71445000000
1!
1'
b1 -
#71450000000
0!
0'
#71455000000
1!
1'
b10 -
#71460000000
0!
0'
#71465000000
1!
1'
b11 -
10
#71470000000
0!
0'
#71475000000
1!
1'
b0 -
00
#71480000000
0!
0'
#71485000000
1!
1'
b1 -
#71490000000
0!
0'
#71495000000
1!
1'
b10 -
#71500000000
0!
0'
#71505000000
1!
1'
b11 -
10
#71510000000
0!
0'
#71515000000
1!
1'
b0 -
00
#71520000000
0!
0'
#71525000000
1!
1'
b1 -
#71530000000
0!
0'
#71535000000
1!
1'
b10 -
#71540000000
0!
0'
#71545000000
1!
1'
b11 -
10
#71550000000
0!
0'
#71555000000
1!
1'
b0 -
00
#71560000000
0!
0'
#71565000000
1!
1'
b1 -
#71570000000
0!
0'
#71575000000
1!
1'
b10 -
#71580000000
0!
0'
#71585000000
1!
1'
b11 -
10
#71590000000
0!
0'
#71595000000
1!
1'
b0 -
00
#71600000000
0!
0'
#71605000000
1!
1'
b1 -
#71610000000
0!
0'
#71615000000
1!
1'
b10 -
#71620000000
0!
0'
#71625000000
1!
1'
b11 -
10
#71630000000
0!
0'
#71635000000
1!
1'
b0 -
00
#71640000000
0!
0'
#71645000000
1!
1'
b1 -
#71650000000
0!
0'
#71655000000
1!
1'
b10 -
#71660000000
0!
0'
#71665000000
1!
1'
b11 -
10
#71670000000
0!
0'
#71675000000
1!
1'
b0 -
00
#71680000000
0!
0'
#71685000000
1!
1'
b1 -
#71690000000
0!
0'
#71695000000
1!
1'
b10 -
#71700000000
0!
0'
#71705000000
1!
1'
b11 -
10
#71710000000
0!
0'
#71715000000
1!
1'
b0 -
00
#71720000000
0!
0'
#71725000000
1!
1'
b1 -
#71730000000
0!
0'
#71735000000
1!
1'
b10 -
#71740000000
0!
0'
#71745000000
1!
1'
b11 -
10
#71750000000
0!
0'
#71755000000
1!
1'
b0 -
00
#71760000000
0!
0'
#71765000000
1!
1'
b1 -
#71770000000
0!
0'
#71775000000
1!
1'
b10 -
#71780000000
0!
0'
#71785000000
1!
1'
b11 -
10
#71790000000
0!
0'
#71795000000
1!
1'
b0 -
00
#71800000000
0!
0'
#71805000000
1!
1'
b1 -
#71810000000
0!
0'
#71815000000
1!
1'
b10 -
#71820000000
0!
0'
#71825000000
1!
1'
b11 -
10
#71830000000
0!
0'
#71835000000
1!
1'
b0 -
00
#71840000000
0!
0'
#71845000000
1!
1'
b1 -
#71850000000
0!
0'
#71855000000
1!
1'
b10 -
#71860000000
0!
0'
#71865000000
1!
1'
b11 -
10
#71870000000
0!
0'
#71875000000
1!
1'
b0 -
00
#71880000000
0!
0'
#71885000000
1!
1'
b1 -
#71890000000
0!
0'
#71895000000
1!
1'
b10 -
#71900000000
0!
0'
#71905000000
1!
1'
b11 -
10
#71910000000
0!
0'
#71915000000
1!
1'
b0 -
00
#71920000000
0!
0'
#71925000000
1!
1'
b1 -
#71930000000
0!
0'
#71935000000
1!
1'
b10 -
#71940000000
0!
0'
#71945000000
1!
1'
b11 -
10
#71950000000
0!
0'
#71955000000
1!
1'
b0 -
00
#71960000000
0!
0'
#71965000000
1!
1'
b1 -
#71970000000
0!
0'
#71975000000
1!
1'
b10 -
#71980000000
0!
0'
#71985000000
1!
1'
b11 -
10
#71990000000
0!
0'
#71995000000
1!
1'
b0 -
00
#72000000000
0!
0'
#72005000000
1!
1'
b1 -
#72010000000
0!
0'
#72015000000
1!
1'
b10 -
#72020000000
0!
0'
#72025000000
1!
1'
b11 -
10
#72030000000
0!
0'
#72035000000
1!
1'
b0 -
00
#72040000000
0!
0'
#72045000000
1!
1'
b1 -
#72050000000
0!
0'
#72055000000
1!
1'
b10 -
#72060000000
0!
0'
#72065000000
1!
1'
b11 -
10
#72070000000
0!
0'
#72075000000
1!
1'
b0 -
00
#72080000000
0!
0'
#72085000000
1!
1'
b1 -
#72090000000
0!
0'
#72095000000
1!
1'
b10 -
#72100000000
0!
0'
#72105000000
1!
1'
b11 -
10
#72110000000
0!
0'
#72115000000
1!
1'
b0 -
00
#72120000000
0!
0'
#72125000000
1!
1'
b1 -
#72130000000
0!
0'
#72135000000
1!
1'
b10 -
#72140000000
0!
0'
#72145000000
1!
1'
b11 -
10
#72150000000
0!
0'
#72155000000
1!
1'
b0 -
00
#72160000000
0!
0'
#72165000000
1!
1'
b1 -
#72170000000
0!
0'
#72175000000
1!
1'
b10 -
#72180000000
0!
0'
#72185000000
1!
1'
b11 -
10
#72190000000
0!
0'
#72195000000
1!
1'
b0 -
00
#72200000000
0!
0'
#72205000000
1!
1'
b1 -
#72210000000
0!
0'
#72215000000
1!
1'
b10 -
#72220000000
0!
0'
#72225000000
1!
1'
b11 -
10
#72230000000
0!
0'
#72235000000
1!
1'
b0 -
00
#72240000000
0!
0'
#72245000000
1!
1'
b1 -
#72250000000
0!
0'
#72255000000
1!
1'
b10 -
#72260000000
0!
0'
#72265000000
1!
1'
b11 -
10
#72270000000
0!
0'
#72275000000
1!
1'
b0 -
00
#72280000000
0!
0'
#72285000000
1!
1'
b1 -
#72290000000
0!
0'
#72295000000
1!
1'
b10 -
#72300000000
0!
0'
#72305000000
1!
1'
b11 -
10
#72310000000
0!
0'
#72315000000
1!
1'
b0 -
00
#72320000000
0!
0'
#72325000000
1!
1'
b1 -
#72330000000
0!
0'
#72335000000
1!
1'
b10 -
#72340000000
0!
0'
#72345000000
1!
1'
b11 -
10
#72350000000
0!
0'
#72355000000
1!
1'
b0 -
00
#72360000000
0!
0'
#72365000000
1!
1'
b1 -
#72370000000
0!
0'
#72375000000
1!
1'
b10 -
#72380000000
0!
0'
#72385000000
1!
1'
b11 -
10
#72390000000
0!
0'
#72395000000
1!
1'
b0 -
00
#72400000000
0!
0'
#72405000000
1!
1'
b1 -
#72410000000
0!
0'
#72415000000
1!
1'
b10 -
#72420000000
0!
0'
#72425000000
1!
1'
b11 -
10
#72430000000
0!
0'
#72435000000
1!
1'
b0 -
00
#72440000000
0!
0'
#72445000000
1!
1'
b1 -
#72450000000
0!
0'
#72455000000
1!
1'
b10 -
#72460000000
0!
0'
#72465000000
1!
1'
b11 -
10
#72470000000
0!
0'
#72475000000
1!
1'
b0 -
00
#72480000000
0!
0'
#72485000000
1!
1'
b1 -
#72490000000
0!
0'
#72495000000
1!
1'
b10 -
#72500000000
0!
0'
#72505000000
1!
1'
b11 -
10
#72510000000
0!
0'
#72515000000
1!
1'
b0 -
00
#72520000000
0!
0'
#72525000000
1!
1'
b1 -
#72530000000
0!
0'
#72535000000
1!
1'
b10 -
#72540000000
0!
0'
#72545000000
1!
1'
b11 -
10
#72550000000
0!
0'
#72555000000
1!
1'
b0 -
00
#72560000000
0!
0'
#72565000000
1!
1'
b1 -
#72570000000
0!
0'
#72575000000
1!
1'
b10 -
#72580000000
0!
0'
#72585000000
1!
1'
b11 -
10
#72590000000
0!
0'
#72595000000
1!
1'
b0 -
00
#72600000000
0!
0'
#72605000000
1!
1'
b1 -
#72610000000
0!
0'
#72615000000
1!
1'
b10 -
#72620000000
0!
0'
#72625000000
1!
1'
b11 -
10
#72630000000
0!
0'
#72635000000
1!
1'
b0 -
00
#72640000000
0!
0'
#72645000000
1!
1'
b1 -
#72650000000
0!
0'
#72655000000
1!
1'
b10 -
#72660000000
0!
0'
#72665000000
1!
1'
b11 -
10
#72670000000
0!
0'
#72675000000
1!
1'
b0 -
00
#72680000000
0!
0'
#72685000000
1!
1'
b1 -
#72690000000
0!
0'
#72695000000
1!
1'
b10 -
#72700000000
0!
0'
#72705000000
1!
1'
b11 -
10
#72710000000
0!
0'
#72715000000
1!
1'
b0 -
00
#72720000000
0!
0'
#72725000000
1!
1'
b1 -
#72730000000
0!
0'
#72735000000
1!
1'
b10 -
#72740000000
0!
0'
#72745000000
1!
1'
b11 -
10
#72750000000
0!
0'
#72755000000
1!
1'
b0 -
00
#72760000000
0!
0'
#72765000000
1!
1'
b1 -
#72770000000
0!
0'
#72775000000
1!
1'
b10 -
#72780000000
0!
0'
#72785000000
1!
1'
b11 -
10
#72790000000
0!
0'
#72795000000
1!
1'
b0 -
00
#72800000000
0!
0'
#72805000000
1!
1'
b1 -
#72810000000
0!
0'
#72815000000
1!
1'
b10 -
#72820000000
0!
0'
#72825000000
1!
1'
b11 -
10
#72830000000
0!
0'
#72835000000
1!
1'
b0 -
00
#72840000000
0!
0'
#72845000000
1!
1'
b1 -
#72850000000
0!
0'
#72855000000
1!
1'
b10 -
#72860000000
0!
0'
#72865000000
1!
1'
b11 -
10
#72870000000
0!
0'
#72875000000
1!
1'
b0 -
00
#72880000000
0!
0'
#72885000000
1!
1'
b1 -
#72890000000
0!
0'
#72895000000
1!
1'
b10 -
#72900000000
0!
0'
#72905000000
1!
1'
b11 -
10
#72910000000
0!
0'
#72915000000
1!
1'
b0 -
00
#72920000000
0!
0'
#72925000000
1!
1'
b1 -
#72930000000
0!
0'
#72935000000
1!
1'
b10 -
#72940000000
0!
0'
#72945000000
1!
1'
b11 -
10
#72950000000
0!
0'
#72955000000
1!
1'
b0 -
00
#72960000000
0!
0'
#72965000000
1!
1'
b1 -
#72970000000
0!
0'
#72975000000
1!
1'
b10 -
#72980000000
0!
0'
#72985000000
1!
1'
b11 -
10
#72990000000
0!
0'
#72995000000
1!
1'
b0 -
00
#73000000000
0!
0'
#73005000000
1!
1'
b1 -
#73010000000
0!
0'
#73015000000
1!
1'
b10 -
#73020000000
0!
0'
#73025000000
1!
1'
b11 -
10
#73030000000
0!
0'
#73035000000
1!
1'
b0 -
00
#73040000000
0!
0'
#73045000000
1!
1'
b1 -
#73050000000
0!
0'
#73055000000
1!
1'
b10 -
#73060000000
0!
0'
#73065000000
1!
1'
b11 -
10
#73070000000
0!
0'
#73075000000
1!
1'
b0 -
00
#73080000000
0!
0'
#73085000000
1!
1'
b1 -
#73090000000
0!
0'
#73095000000
1!
1'
b10 -
#73100000000
0!
0'
#73105000000
1!
1'
b11 -
10
#73110000000
0!
0'
#73115000000
1!
1'
b0 -
00
#73120000000
0!
0'
#73125000000
1!
1'
b1 -
#73130000000
0!
0'
#73135000000
1!
1'
b10 -
#73140000000
0!
0'
#73145000000
1!
1'
b11 -
10
#73150000000
0!
0'
#73155000000
1!
1'
b0 -
00
#73160000000
0!
0'
#73165000000
1!
1'
b1 -
#73170000000
0!
0'
#73175000000
1!
1'
b10 -
#73180000000
0!
0'
#73185000000
1!
1'
b11 -
10
#73190000000
0!
0'
#73195000000
1!
1'
b0 -
00
#73200000000
0!
0'
#73205000000
1!
1'
b1 -
#73210000000
0!
0'
#73215000000
1!
1'
b10 -
#73220000000
0!
0'
#73225000000
1!
1'
b11 -
10
#73230000000
0!
0'
#73235000000
1!
1'
b0 -
00
#73240000000
0!
0'
#73245000000
1!
1'
b1 -
#73250000000
0!
0'
#73255000000
1!
1'
b10 -
#73260000000
0!
0'
#73265000000
1!
1'
b11 -
10
#73270000000
0!
0'
#73275000000
1!
1'
b0 -
00
#73280000000
0!
0'
#73285000000
1!
1'
b1 -
#73290000000
0!
0'
#73295000000
1!
1'
b10 -
#73300000000
0!
0'
#73305000000
1!
1'
b11 -
10
#73310000000
0!
0'
#73315000000
1!
1'
b0 -
00
#73320000000
0!
0'
#73325000000
1!
1'
b1 -
#73330000000
0!
0'
#73335000000
1!
1'
b10 -
#73340000000
0!
0'
#73345000000
1!
1'
b11 -
10
#73350000000
0!
0'
#73355000000
1!
1'
b0 -
00
#73360000000
0!
0'
#73365000000
1!
1'
b1 -
#73370000000
0!
0'
#73375000000
1!
1'
b10 -
#73380000000
0!
0'
#73385000000
1!
1'
b11 -
10
#73390000000
0!
0'
#73395000000
1!
1'
b0 -
00
#73400000000
0!
0'
#73405000000
1!
1'
b1 -
#73410000000
0!
0'
#73415000000
1!
1'
b10 -
#73420000000
0!
0'
#73425000000
1!
1'
b11 -
10
#73430000000
0!
0'
#73435000000
1!
1'
b0 -
00
#73440000000
0!
0'
#73445000000
1!
1'
b1 -
#73450000000
0!
0'
#73455000000
1!
1'
b10 -
#73460000000
0!
0'
#73465000000
1!
1'
b11 -
10
#73470000000
0!
0'
#73475000000
1!
1'
b0 -
00
#73480000000
0!
0'
#73485000000
1!
1'
b1 -
#73490000000
0!
0'
#73495000000
1!
1'
b10 -
#73500000000
0!
0'
#73505000000
1!
1'
b11 -
10
#73510000000
0!
0'
#73515000000
1!
1'
b0 -
00
#73520000000
0!
0'
#73525000000
1!
1'
b1 -
#73530000000
0!
0'
#73535000000
1!
1'
b10 -
#73540000000
0!
0'
#73545000000
1!
1'
b11 -
10
#73550000000
0!
0'
#73555000000
1!
1'
b0 -
00
#73560000000
0!
0'
#73565000000
1!
1'
b1 -
#73570000000
0!
0'
#73575000000
1!
1'
b10 -
#73580000000
0!
0'
#73585000000
1!
1'
b11 -
10
#73590000000
0!
0'
#73595000000
1!
1'
b0 -
00
#73600000000
0!
0'
#73605000000
1!
1'
b1 -
#73610000000
0!
0'
#73615000000
1!
1'
b10 -
#73620000000
0!
0'
#73625000000
1!
1'
b11 -
10
#73630000000
0!
0'
#73635000000
1!
1'
b0 -
00
#73640000000
0!
0'
#73645000000
1!
1'
b1 -
#73650000000
0!
0'
#73655000000
1!
1'
b10 -
#73660000000
0!
0'
#73665000000
1!
1'
b11 -
10
#73670000000
0!
0'
#73675000000
1!
1'
b0 -
00
#73680000000
0!
0'
#73685000000
1!
1'
b1 -
#73690000000
0!
0'
#73695000000
1!
1'
b10 -
#73700000000
0!
0'
#73705000000
1!
1'
b11 -
10
#73710000000
0!
0'
#73715000000
1!
1'
b0 -
00
#73720000000
0!
0'
#73725000000
1!
1'
b1 -
#73730000000
0!
0'
#73735000000
1!
1'
b10 -
#73740000000
0!
0'
#73745000000
1!
1'
b11 -
10
#73750000000
0!
0'
#73755000000
1!
1'
b0 -
00
#73760000000
0!
0'
#73765000000
1!
1'
b1 -
#73770000000
0!
0'
#73775000000
1!
1'
b10 -
#73780000000
0!
0'
#73785000000
1!
1'
b11 -
10
#73790000000
0!
0'
#73795000000
1!
1'
b0 -
00
#73800000000
0!
0'
#73805000000
1!
1'
b1 -
#73810000000
0!
0'
#73815000000
1!
1'
b10 -
#73820000000
0!
0'
#73825000000
1!
1'
b11 -
10
#73830000000
0!
0'
#73835000000
1!
1'
b0 -
00
#73840000000
0!
0'
#73845000000
1!
1'
b1 -
#73850000000
0!
0'
#73855000000
1!
1'
b10 -
#73860000000
0!
0'
#73865000000
1!
1'
b11 -
10
#73870000000
0!
0'
#73875000000
1!
1'
b0 -
00
#73880000000
0!
0'
#73885000000
1!
1'
b1 -
#73890000000
0!
0'
#73895000000
1!
1'
b10 -
#73900000000
0!
0'
#73905000000
1!
1'
b11 -
10
#73910000000
0!
0'
#73915000000
1!
1'
b0 -
00
#73920000000
0!
0'
#73925000000
1!
1'
b1 -
#73930000000
0!
0'
#73935000000
1!
1'
b10 -
#73940000000
0!
0'
#73945000000
1!
1'
b11 -
10
#73950000000
0!
0'
#73955000000
1!
1'
b0 -
00
#73960000000
0!
0'
#73965000000
1!
1'
b1 -
#73970000000
0!
0'
#73975000000
1!
1'
b10 -
#73980000000
0!
0'
#73985000000
1!
1'
b11 -
10
#73990000000
0!
0'
#73995000000
1!
1'
b0 -
00
#74000000000
0!
0'
#74005000000
1!
1'
b1 -
#74010000000
0!
0'
#74015000000
1!
1'
b10 -
#74020000000
0!
0'
#74025000000
1!
1'
b11 -
10
#74030000000
0!
0'
#74035000000
1!
1'
b0 -
00
#74040000000
0!
0'
#74045000000
1!
1'
b1 -
#74050000000
0!
0'
#74055000000
1!
1'
b10 -
#74060000000
0!
0'
#74065000000
1!
1'
b11 -
10
#74070000000
0!
0'
#74075000000
1!
1'
b0 -
00
#74080000000
0!
0'
#74085000000
1!
1'
b1 -
#74090000000
0!
0'
#74095000000
1!
1'
b10 -
#74100000000
0!
0'
#74105000000
1!
1'
b11 -
10
#74110000000
0!
0'
#74115000000
1!
1'
b0 -
00
#74120000000
0!
0'
#74125000000
1!
1'
b1 -
#74130000000
0!
0'
#74135000000
1!
1'
b10 -
#74140000000
0!
0'
#74145000000
1!
1'
b11 -
10
#74150000000
0!
0'
#74155000000
1!
1'
b0 -
00
#74160000000
0!
0'
#74165000000
1!
1'
b1 -
#74170000000
0!
0'
#74175000000
1!
1'
b10 -
#74180000000
0!
0'
#74185000000
1!
1'
b11 -
10
#74190000000
0!
0'
#74195000000
1!
1'
b0 -
00
#74200000000
0!
0'
#74205000000
1!
1'
b1 -
#74210000000
0!
0'
#74215000000
1!
1'
b10 -
#74220000000
0!
0'
#74225000000
1!
1'
b11 -
10
#74230000000
0!
0'
#74235000000
1!
1'
b0 -
00
#74240000000
0!
0'
#74245000000
1!
1'
b1 -
#74250000000
0!
0'
#74255000000
1!
1'
b10 -
#74260000000
0!
0'
#74265000000
1!
1'
b11 -
10
#74270000000
0!
0'
#74275000000
1!
1'
b0 -
00
#74280000000
0!
0'
#74285000000
1!
1'
b1 -
#74290000000
0!
0'
#74295000000
1!
1'
b10 -
#74300000000
0!
0'
#74305000000
1!
1'
b11 -
10
#74310000000
0!
0'
#74315000000
1!
1'
b0 -
00
#74320000000
0!
0'
#74325000000
1!
1'
b1 -
#74330000000
0!
0'
#74335000000
1!
1'
b10 -
#74340000000
0!
0'
#74345000000
1!
1'
b11 -
10
#74350000000
0!
0'
#74355000000
1!
1'
b0 -
00
#74360000000
0!
0'
#74365000000
1!
1'
b1 -
#74370000000
0!
0'
#74375000000
1!
1'
b10 -
#74380000000
0!
0'
#74385000000
1!
1'
b11 -
10
#74390000000
0!
0'
#74395000000
1!
1'
b0 -
00
#74400000000
0!
0'
#74405000000
1!
1'
b1 -
#74410000000
0!
0'
#74415000000
1!
1'
b10 -
#74420000000
0!
0'
#74425000000
1!
1'
b11 -
10
#74430000000
0!
0'
#74435000000
1!
1'
b0 -
00
#74440000000
0!
0'
#74445000000
1!
1'
b1 -
#74450000000
0!
0'
#74455000000
1!
1'
b10 -
#74460000000
0!
0'
#74465000000
1!
1'
b11 -
10
#74470000000
0!
0'
#74475000000
1!
1'
b0 -
00
#74480000000
0!
0'
#74485000000
1!
1'
b1 -
#74490000000
0!
0'
#74495000000
1!
1'
b10 -
#74500000000
0!
0'
#74505000000
1!
1'
b11 -
10
#74510000000
0!
0'
#74515000000
1!
1'
b0 -
00
#74520000000
0!
0'
#74525000000
1!
1'
b1 -
#74530000000
0!
0'
#74535000000
1!
1'
b10 -
#74540000000
0!
0'
#74545000000
1!
1'
b11 -
10
#74550000000
0!
0'
#74555000000
1!
1'
b0 -
00
#74560000000
0!
0'
#74565000000
1!
1'
b1 -
#74570000000
0!
0'
#74575000000
1!
1'
b10 -
#74580000000
0!
0'
#74585000000
1!
1'
b11 -
10
#74590000000
0!
0'
#74595000000
1!
1'
b0 -
00
#74600000000
0!
0'
#74605000000
1!
1'
b1 -
#74610000000
0!
0'
#74615000000
1!
1'
b10 -
#74620000000
0!
0'
#74625000000
1!
1'
b11 -
10
#74630000000
0!
0'
#74635000000
1!
1'
b0 -
00
#74640000000
0!
0'
#74645000000
1!
1'
b1 -
#74650000000
0!
0'
#74655000000
1!
1'
b10 -
#74660000000
0!
0'
#74665000000
1!
1'
b11 -
10
#74670000000
0!
0'
#74675000000
1!
1'
b0 -
00
#74680000000
0!
0'
#74685000000
1!
1'
b1 -
#74690000000
0!
0'
#74695000000
1!
1'
b10 -
#74700000000
0!
0'
#74705000000
1!
1'
b11 -
10
#74710000000
0!
0'
#74715000000
1!
1'
b0 -
00
#74720000000
0!
0'
#74725000000
1!
1'
b1 -
#74730000000
0!
0'
#74735000000
1!
1'
b10 -
#74740000000
0!
0'
#74745000000
1!
1'
b11 -
10
#74750000000
0!
0'
#74755000000
1!
1'
b0 -
00
#74760000000
0!
0'
#74765000000
1!
1'
b1 -
#74770000000
0!
0'
#74775000000
1!
1'
b10 -
#74780000000
0!
0'
#74785000000
1!
1'
b11 -
10
#74790000000
0!
0'
#74795000000
1!
1'
b0 -
00
#74800000000
0!
0'
#74805000000
1!
1'
b1 -
#74810000000
0!
0'
#74815000000
1!
1'
b10 -
#74820000000
0!
0'
#74825000000
1!
1'
b11 -
10
#74830000000
0!
0'
#74835000000
1!
1'
b0 -
00
#74840000000
0!
0'
#74845000000
1!
1'
b1 -
#74850000000
0!
0'
#74855000000
1!
1'
b10 -
#74860000000
0!
0'
#74865000000
1!
1'
b11 -
10
#74870000000
0!
0'
#74875000000
1!
1'
b0 -
00
#74880000000
0!
0'
#74885000000
1!
1'
b1 -
#74890000000
0!
0'
#74895000000
1!
1'
b10 -
#74900000000
0!
0'
#74905000000
1!
1'
b11 -
10
#74910000000
0!
0'
#74915000000
1!
1'
b0 -
00
#74920000000
0!
0'
#74925000000
1!
1'
b1 -
#74930000000
0!
0'
#74935000000
1!
1'
b10 -
#74940000000
0!
0'
#74945000000
1!
1'
b11 -
10
#74950000000
0!
0'
#74955000000
1!
1'
b0 -
00
#74960000000
0!
0'
#74965000000
1!
1'
b1 -
#74970000000
0!
0'
#74975000000
1!
1'
b10 -
#74980000000
0!
0'
#74985000000
1!
1'
b11 -
10
#74990000000
0!
0'
#74995000000
1!
1'
b0 -
00
#75000000000
0!
0'
#75005000000
1!
1'
b1 -
#75010000000
0!
0'
#75015000000
1!
1'
b10 -
#75020000000
0!
0'
#75025000000
1!
1'
b11 -
10
#75030000000
0!
0'
#75035000000
1!
1'
b0 -
00
#75040000000
0!
0'
#75045000000
1!
1'
b1 -
#75050000000
0!
0'
#75055000000
1!
1'
b10 -
#75060000000
0!
0'
#75065000000
1!
1'
b11 -
10
#75070000000
0!
0'
#75075000000
1!
1'
b0 -
00
#75080000000
0!
0'
#75085000000
1!
1'
b1 -
#75090000000
0!
0'
#75095000000
1!
1'
b10 -
#75100000000
0!
0'
#75105000000
1!
1'
b11 -
10
#75110000000
0!
0'
#75115000000
1!
1'
b0 -
00
#75120000000
0!
0'
#75125000000
1!
1'
b1 -
#75130000000
0!
0'
#75135000000
1!
1'
b10 -
#75140000000
0!
0'
#75145000000
1!
1'
b11 -
10
#75150000000
0!
0'
#75155000000
1!
1'
b0 -
00
#75160000000
0!
0'
#75165000000
1!
1'
b1 -
#75170000000
0!
0'
#75175000000
1!
1'
b10 -
#75180000000
0!
0'
#75185000000
1!
1'
b11 -
10
#75190000000
0!
0'
#75195000000
1!
1'
b0 -
00
#75200000000
0!
0'
#75205000000
1!
1'
b1 -
#75210000000
0!
0'
#75215000000
1!
1'
b10 -
#75220000000
0!
0'
#75225000000
1!
1'
b11 -
10
#75230000000
0!
0'
#75235000000
1!
1'
b0 -
00
#75240000000
0!
0'
#75245000000
1!
1'
b1 -
#75250000000
0!
0'
#75255000000
1!
1'
b10 -
#75260000000
0!
0'
#75265000000
1!
1'
b11 -
10
#75270000000
0!
0'
#75275000000
1!
1'
b0 -
00
#75280000000
0!
0'
#75285000000
1!
1'
b1 -
#75290000000
0!
0'
#75295000000
1!
1'
b10 -
#75300000000
0!
0'
#75305000000
1!
1'
b11 -
10
#75310000000
0!
0'
#75315000000
1!
1'
b0 -
00
#75320000000
0!
0'
#75325000000
1!
1'
b1 -
#75330000000
0!
0'
#75335000000
1!
1'
b10 -
#75340000000
0!
0'
#75345000000
1!
1'
b11 -
10
#75350000000
0!
0'
#75355000000
1!
1'
b0 -
00
#75360000000
0!
0'
#75365000000
1!
1'
b1 -
#75370000000
0!
0'
#75375000000
1!
1'
b10 -
#75380000000
0!
0'
#75385000000
1!
1'
b11 -
10
#75390000000
0!
0'
#75395000000
1!
1'
b0 -
00
#75400000000
0!
0'
#75405000000
1!
1'
b1 -
#75410000000
0!
0'
#75415000000
1!
1'
b10 -
#75420000000
0!
0'
#75425000000
1!
1'
b11 -
10
#75430000000
0!
0'
#75435000000
1!
1'
b0 -
00
#75440000000
0!
0'
#75445000000
1!
1'
b1 -
#75450000000
0!
0'
#75455000000
1!
1'
b10 -
#75460000000
0!
0'
#75465000000
1!
1'
b11 -
10
#75470000000
0!
0'
#75475000000
1!
1'
b0 -
00
#75480000000
0!
0'
#75485000000
1!
1'
b1 -
#75490000000
0!
0'
#75495000000
1!
1'
b10 -
#75500000000
0!
0'
#75505000000
1!
1'
b11 -
10
#75510000000
0!
0'
#75515000000
1!
1'
b0 -
00
#75520000000
0!
0'
#75525000000
1!
1'
b1 -
#75530000000
0!
0'
#75535000000
1!
1'
b10 -
#75540000000
0!
0'
#75545000000
1!
1'
b11 -
10
#75550000000
0!
0'
#75555000000
1!
1'
b0 -
00
#75560000000
0!
0'
#75565000000
1!
1'
b1 -
#75570000000
0!
0'
#75575000000
1!
1'
b10 -
#75580000000
0!
0'
#75585000000
1!
1'
b11 -
10
#75590000000
0!
0'
#75595000000
1!
1'
b0 -
00
#75600000000
0!
0'
#75605000000
1!
1'
b1 -
#75610000000
0!
0'
#75615000000
1!
1'
b10 -
#75620000000
0!
0'
#75625000000
1!
1'
b11 -
10
#75630000000
0!
0'
#75635000000
1!
1'
b0 -
00
#75640000000
0!
0'
#75645000000
1!
1'
b1 -
#75650000000
0!
0'
#75655000000
1!
1'
b10 -
#75660000000
0!
0'
#75665000000
1!
1'
b11 -
10
#75670000000
0!
0'
#75675000000
1!
1'
b0 -
00
#75680000000
0!
0'
#75685000000
1!
1'
b1 -
#75690000000
0!
0'
#75695000000
1!
1'
b10 -
#75700000000
0!
0'
#75705000000
1!
1'
b11 -
10
#75710000000
0!
0'
#75715000000
1!
1'
b0 -
00
#75720000000
0!
0'
#75725000000
1!
1'
b1 -
#75730000000
0!
0'
#75735000000
1!
1'
b10 -
#75740000000
0!
0'
#75745000000
1!
1'
b11 -
10
#75750000000
0!
0'
#75755000000
1!
1'
b0 -
00
#75760000000
0!
0'
#75765000000
1!
1'
b1 -
#75770000000
0!
0'
#75775000000
1!
1'
b10 -
#75780000000
0!
0'
#75785000000
1!
1'
b11 -
10
#75790000000
0!
0'
#75795000000
1!
1'
b0 -
00
#75800000000
0!
0'
#75805000000
1!
1'
b1 -
#75810000000
0!
0'
#75815000000
1!
1'
b10 -
#75820000000
0!
0'
#75825000000
1!
1'
b11 -
10
#75830000000
0!
0'
#75835000000
1!
1'
b0 -
00
#75840000000
0!
0'
#75845000000
1!
1'
b1 -
#75850000000
0!
0'
#75855000000
1!
1'
b10 -
#75860000000
0!
0'
#75865000000
1!
1'
b11 -
10
#75870000000
0!
0'
#75875000000
1!
1'
b0 -
00
#75880000000
0!
0'
#75885000000
1!
1'
b1 -
#75890000000
0!
0'
#75895000000
1!
1'
b10 -
#75900000000
0!
0'
#75905000000
1!
1'
b11 -
10
#75910000000
0!
0'
#75915000000
1!
1'
b0 -
00
#75920000000
0!
0'
#75925000000
1!
1'
b1 -
#75930000000
0!
0'
#75935000000
1!
1'
b10 -
#75940000000
0!
0'
#75945000000
1!
1'
b11 -
10
#75950000000
0!
0'
#75955000000
1!
1'
b0 -
00
#75960000000
0!
0'
#75965000000
1!
1'
b1 -
#75970000000
0!
0'
#75975000000
1!
1'
b10 -
#75980000000
0!
0'
#75985000000
1!
1'
b11 -
10
#75990000000
0!
0'
#75995000000
1!
1'
b0 -
00
#76000000000
0!
0'
#76005000000
1!
1'
b1 -
#76010000000
0!
0'
#76015000000
1!
1'
b10 -
#76020000000
0!
0'
#76025000000
1!
1'
b11 -
10
#76030000000
0!
0'
#76035000000
1!
1'
b0 -
00
#76040000000
0!
0'
#76045000000
1!
1'
b1 -
#76050000000
0!
0'
#76055000000
1!
1'
b10 -
#76060000000
0!
0'
#76065000000
1!
1'
b11 -
10
#76070000000
0!
0'
#76075000000
1!
1'
b0 -
00
#76080000000
0!
0'
#76085000000
1!
1'
b1 -
#76090000000
0!
0'
#76095000000
1!
1'
b10 -
#76100000000
0!
0'
#76105000000
1!
1'
b11 -
10
#76110000000
0!
0'
#76115000000
1!
1'
b0 -
00
#76120000000
0!
0'
#76125000000
1!
1'
b1 -
#76130000000
0!
0'
#76135000000
1!
1'
b10 -
#76140000000
0!
0'
#76145000000
1!
1'
b11 -
10
#76150000000
0!
0'
#76155000000
1!
1'
b0 -
00
#76160000000
0!
0'
#76165000000
1!
1'
b1 -
#76170000000
0!
0'
#76175000000
1!
1'
b10 -
#76180000000
0!
0'
#76185000000
1!
1'
b11 -
10
#76190000000
0!
0'
#76195000000
1!
1'
b0 -
00
#76200000000
0!
0'
#76205000000
1!
1'
b1 -
#76210000000
0!
0'
#76215000000
1!
1'
b10 -
#76220000000
0!
0'
#76225000000
1!
1'
b11 -
10
#76230000000
0!
0'
#76235000000
1!
1'
b0 -
00
#76240000000
0!
0'
#76245000000
1!
1'
b1 -
#76250000000
0!
0'
#76255000000
1!
1'
b10 -
#76260000000
0!
0'
#76265000000
1!
1'
b11 -
10
#76270000000
0!
0'
#76275000000
1!
1'
b0 -
00
#76280000000
0!
0'
#76285000000
1!
1'
b1 -
#76290000000
0!
0'
#76295000000
1!
1'
b10 -
#76300000000
0!
0'
#76305000000
1!
1'
b11 -
10
#76310000000
0!
0'
#76315000000
1!
1'
b0 -
00
#76320000000
0!
0'
#76325000000
1!
1'
b1 -
#76330000000
0!
0'
#76335000000
1!
1'
b10 -
#76340000000
0!
0'
#76345000000
1!
1'
b11 -
10
#76350000000
0!
0'
#76355000000
1!
1'
b0 -
00
#76360000000
0!
0'
#76365000000
1!
1'
b1 -
#76370000000
0!
0'
#76375000000
1!
1'
b10 -
#76380000000
0!
0'
#76385000000
1!
1'
b11 -
10
#76390000000
0!
0'
#76395000000
1!
1'
b0 -
00
#76400000000
0!
0'
#76405000000
1!
1'
b1 -
#76410000000
0!
0'
#76415000000
1!
1'
b10 -
#76420000000
0!
0'
#76425000000
1!
1'
b11 -
10
#76430000000
0!
0'
#76435000000
1!
1'
b0 -
00
#76440000000
0!
0'
#76445000000
1!
1'
b1 -
#76450000000
0!
0'
#76455000000
1!
1'
b10 -
#76460000000
0!
0'
#76465000000
1!
1'
b11 -
10
#76470000000
0!
0'
#76475000000
1!
1'
b0 -
00
#76480000000
0!
0'
#76485000000
1!
1'
b1 -
#76490000000
0!
0'
#76495000000
1!
1'
b10 -
#76500000000
0!
0'
#76505000000
1!
1'
b11 -
10
#76510000000
0!
0'
#76515000000
1!
1'
b0 -
00
#76520000000
0!
0'
#76525000000
1!
1'
b1 -
#76530000000
0!
0'
#76535000000
1!
1'
b10 -
#76540000000
0!
0'
#76545000000
1!
1'
b11 -
10
#76550000000
0!
0'
#76555000000
1!
1'
b0 -
00
#76560000000
0!
0'
#76565000000
1!
1'
b1 -
#76570000000
0!
0'
#76575000000
1!
1'
b10 -
#76580000000
0!
0'
#76585000000
1!
1'
b11 -
10
#76590000000
0!
0'
#76595000000
1!
1'
b0 -
00
#76600000000
0!
0'
#76605000000
1!
1'
b1 -
#76610000000
0!
0'
#76615000000
1!
1'
b10 -
#76620000000
0!
0'
#76625000000
1!
1'
b11 -
10
#76630000000
0!
0'
#76635000000
1!
1'
b0 -
00
#76640000000
0!
0'
#76645000000
1!
1'
b1 -
#76650000000
0!
0'
#76655000000
1!
1'
b10 -
#76660000000
0!
0'
#76665000000
1!
1'
b11 -
10
#76670000000
0!
0'
#76675000000
1!
1'
b0 -
00
#76680000000
0!
0'
#76685000000
1!
1'
b1 -
#76690000000
0!
0'
#76695000000
1!
1'
b10 -
#76700000000
0!
0'
#76705000000
1!
1'
b11 -
10
#76710000000
0!
0'
#76715000000
1!
1'
b0 -
00
#76720000000
0!
0'
#76725000000
1!
1'
b1 -
#76730000000
0!
0'
#76735000000
1!
1'
b10 -
#76740000000
0!
0'
#76745000000
1!
1'
b11 -
10
#76750000000
0!
0'
#76755000000
1!
1'
b0 -
00
#76760000000
0!
0'
#76765000000
1!
1'
b1 -
#76770000000
0!
0'
#76775000000
1!
1'
b10 -
#76780000000
0!
0'
#76785000000
1!
1'
b11 -
10
#76790000000
0!
0'
#76795000000
1!
1'
b0 -
00
#76800000000
0!
0'
#76805000000
1!
1'
b1 -
#76810000000
0!
0'
#76815000000
1!
1'
b10 -
#76820000000
0!
0'
#76825000000
1!
1'
b11 -
10
#76830000000
0!
0'
#76835000000
1!
1'
b0 -
00
#76840000000
0!
0'
#76845000000
1!
1'
b1 -
#76850000000
0!
0'
#76855000000
1!
1'
b10 -
#76860000000
0!
0'
#76865000000
1!
1'
b11 -
10
#76870000000
0!
0'
#76875000000
1!
1'
b0 -
00
#76880000000
0!
0'
#76885000000
1!
1'
b1 -
#76890000000
0!
0'
#76895000000
1!
1'
b10 -
#76900000000
0!
0'
#76905000000
1!
1'
b11 -
10
#76910000000
0!
0'
#76915000000
1!
1'
b0 -
00
#76920000000
0!
0'
#76925000000
1!
1'
b1 -
#76930000000
0!
0'
#76935000000
1!
1'
b10 -
#76940000000
0!
0'
#76945000000
1!
1'
b11 -
10
#76950000000
0!
0'
#76955000000
1!
1'
b0 -
00
#76960000000
0!
0'
#76965000000
1!
1'
b1 -
#76970000000
0!
0'
#76975000000
1!
1'
b10 -
#76980000000
0!
0'
#76985000000
1!
1'
b11 -
10
#76990000000
0!
0'
#76995000000
1!
1'
b0 -
00
#77000000000
0!
0'
#77005000000
1!
1'
b1 -
#77010000000
0!
0'
#77015000000
1!
1'
b10 -
#77020000000
0!
0'
#77025000000
1!
1'
b11 -
10
#77030000000
0!
0'
#77035000000
1!
1'
b0 -
00
#77040000000
0!
0'
#77045000000
1!
1'
b1 -
#77050000000
0!
0'
#77055000000
1!
1'
b10 -
#77060000000
0!
0'
#77065000000
1!
1'
b11 -
10
#77070000000
0!
0'
#77075000000
1!
1'
b0 -
00
#77080000000
0!
0'
#77085000000
1!
1'
b1 -
#77090000000
0!
0'
#77095000000
1!
1'
b10 -
#77100000000
0!
0'
#77105000000
1!
1'
b11 -
10
#77110000000
0!
0'
#77115000000
1!
1'
b0 -
00
#77120000000
0!
0'
#77125000000
1!
1'
b1 -
#77130000000
0!
0'
#77135000000
1!
1'
b10 -
#77140000000
0!
0'
#77145000000
1!
1'
b11 -
10
#77150000000
0!
0'
#77155000000
1!
1'
b0 -
00
#77160000000
0!
0'
#77165000000
1!
1'
b1 -
#77170000000
0!
0'
#77175000000
1!
1'
b10 -
#77180000000
0!
0'
#77185000000
1!
1'
b11 -
10
#77190000000
0!
0'
#77195000000
1!
1'
b0 -
00
#77200000000
0!
0'
#77205000000
1!
1'
b1 -
#77210000000
0!
0'
#77215000000
1!
1'
b10 -
#77220000000
0!
0'
#77225000000
1!
1'
b11 -
10
#77230000000
0!
0'
#77235000000
1!
1'
b0 -
00
#77240000000
0!
0'
#77245000000
1!
1'
b1 -
#77250000000
0!
0'
#77255000000
1!
1'
b10 -
#77260000000
0!
0'
#77265000000
1!
1'
b11 -
10
#77270000000
0!
0'
#77275000000
1!
1'
b0 -
00
#77280000000
0!
0'
#77285000000
1!
1'
b1 -
#77290000000
0!
0'
#77295000000
1!
1'
b10 -
#77300000000
0!
0'
#77305000000
1!
1'
b11 -
10
#77310000000
0!
0'
#77315000000
1!
1'
b0 -
00
#77320000000
0!
0'
#77325000000
1!
1'
b1 -
#77330000000
0!
0'
#77335000000
1!
1'
b10 -
#77340000000
0!
0'
#77345000000
1!
1'
b11 -
10
#77350000000
0!
0'
#77355000000
1!
1'
b0 -
00
#77360000000
0!
0'
#77365000000
1!
1'
b1 -
#77370000000
0!
0'
#77375000000
1!
1'
b10 -
#77380000000
0!
0'
#77385000000
1!
1'
b11 -
10
#77390000000
0!
0'
#77395000000
1!
1'
b0 -
00
#77400000000
0!
0'
#77405000000
1!
1'
b1 -
#77410000000
0!
0'
#77415000000
1!
1'
b10 -
#77420000000
0!
0'
#77425000000
1!
1'
b11 -
10
#77430000000
0!
0'
#77435000000
1!
1'
b0 -
00
#77440000000
0!
0'
#77445000000
1!
1'
b1 -
#77450000000
0!
0'
#77455000000
1!
1'
b10 -
#77460000000
0!
0'
#77465000000
1!
1'
b11 -
10
#77470000000
0!
0'
#77475000000
1!
1'
b0 -
00
#77480000000
0!
0'
#77485000000
1!
1'
b1 -
#77490000000
0!
0'
#77495000000
1!
1'
b10 -
#77500000000
0!
0'
#77505000000
1!
1'
b11 -
10
#77510000000
0!
0'
#77515000000
1!
1'
b0 -
00
#77520000000
0!
0'
#77525000000
1!
1'
b1 -
#77530000000
0!
0'
#77535000000
1!
1'
b10 -
#77540000000
0!
0'
#77545000000
1!
1'
b11 -
10
#77550000000
0!
0'
#77555000000
1!
1'
b0 -
00
#77560000000
0!
0'
#77565000000
1!
1'
b1 -
#77570000000
0!
0'
#77575000000
1!
1'
b10 -
#77580000000
0!
0'
#77585000000
1!
1'
b11 -
10
#77590000000
0!
0'
#77595000000
1!
1'
b0 -
00
#77600000000
0!
0'
#77605000000
1!
1'
b1 -
#77610000000
0!
0'
#77615000000
1!
1'
b10 -
#77620000000
0!
0'
#77625000000
1!
1'
b11 -
10
#77630000000
0!
0'
#77635000000
1!
1'
b0 -
00
#77640000000
0!
0'
#77645000000
1!
1'
b1 -
#77650000000
0!
0'
#77655000000
1!
1'
b10 -
#77660000000
0!
0'
#77665000000
1!
1'
b11 -
10
#77670000000
0!
0'
#77675000000
1!
1'
b0 -
00
#77680000000
0!
0'
#77685000000
1!
1'
b1 -
#77690000000
0!
0'
#77695000000
1!
1'
b10 -
#77700000000
0!
0'
#77705000000
1!
1'
b11 -
10
#77710000000
0!
0'
#77715000000
1!
1'
b0 -
00
#77720000000
0!
0'
#77725000000
1!
1'
b1 -
#77730000000
0!
0'
#77735000000
1!
1'
b10 -
#77740000000
0!
0'
#77745000000
1!
1'
b11 -
10
#77750000000
0!
0'
#77755000000
1!
1'
b0 -
00
#77760000000
0!
0'
#77765000000
1!
1'
b1 -
#77770000000
0!
0'
#77775000000
1!
1'
b10 -
#77780000000
0!
0'
#77785000000
1!
1'
b11 -
10
#77790000000
0!
0'
#77795000000
1!
1'
b0 -
00
#77800000000
0!
0'
#77805000000
1!
1'
b1 -
#77810000000
0!
0'
#77815000000
1!
1'
b10 -
#77820000000
0!
0'
#77825000000
1!
1'
b11 -
10
#77830000000
0!
0'
#77835000000
1!
1'
b0 -
00
#77840000000
0!
0'
#77845000000
1!
1'
b1 -
#77850000000
0!
0'
#77855000000
1!
1'
b10 -
#77860000000
0!
0'
#77865000000
1!
1'
b11 -
10
#77870000000
0!
0'
#77875000000
1!
1'
b0 -
00
#77880000000
0!
0'
#77885000000
1!
1'
b1 -
#77890000000
0!
0'
#77895000000
1!
1'
b10 -
#77900000000
0!
0'
#77905000000
1!
1'
b11 -
10
#77910000000
0!
0'
#77915000000
1!
1'
b0 -
00
#77920000000
0!
0'
#77925000000
1!
1'
b1 -
#77930000000
0!
0'
#77935000000
1!
1'
b10 -
#77940000000
0!
0'
#77945000000
1!
1'
b11 -
10
#77950000000
0!
0'
#77955000000
1!
1'
b0 -
00
#77960000000
0!
0'
#77965000000
1!
1'
b1 -
#77970000000
0!
0'
#77975000000
1!
1'
b10 -
#77980000000
0!
0'
#77985000000
1!
1'
b11 -
10
#77990000000
0!
0'
#77995000000
1!
1'
b0 -
00
#78000000000
0!
0'
#78005000000
1!
1'
b1 -
#78010000000
0!
0'
#78015000000
1!
1'
b10 -
#78020000000
0!
0'
#78025000000
1!
1'
b11 -
10
#78030000000
0!
0'
#78035000000
1!
1'
b0 -
00
#78040000000
0!
0'
#78045000000
1!
1'
b1 -
#78050000000
0!
0'
#78055000000
1!
1'
b10 -
#78060000000
0!
0'
#78065000000
1!
1'
b11 -
10
#78070000000
0!
0'
#78075000000
1!
1'
b0 -
00
#78080000000
0!
0'
#78085000000
1!
1'
b1 -
#78090000000
0!
0'
#78095000000
1!
1'
b10 -
#78100000000
0!
0'
#78105000000
1!
1'
b11 -
10
#78110000000
0!
0'
#78115000000
1!
1'
b0 -
00
#78120000000
0!
0'
#78125000000
1!
1'
b1 -
#78130000000
0!
0'
#78135000000
1!
1'
b10 -
#78140000000
0!
0'
#78145000000
1!
1'
b11 -
10
#78150000000
0!
0'
#78155000000
1!
1'
b0 -
00
#78160000000
0!
0'
#78165000000
1!
1'
b1 -
#78170000000
0!
0'
#78175000000
1!
1'
b10 -
#78180000000
0!
0'
#78185000000
1!
1'
b11 -
10
#78190000000
0!
0'
#78195000000
1!
1'
b0 -
00
#78200000000
0!
0'
#78205000000
1!
1'
b1 -
#78210000000
0!
0'
#78215000000
1!
1'
b10 -
#78220000000
0!
0'
#78225000000
1!
1'
b11 -
10
#78230000000
0!
0'
#78235000000
1!
1'
b0 -
00
#78240000000
0!
0'
#78245000000
1!
1'
b1 -
#78250000000
0!
0'
#78255000000
1!
1'
b10 -
#78260000000
0!
0'
#78265000000
1!
1'
b11 -
10
#78270000000
0!
0'
#78275000000
1!
1'
b0 -
00
#78280000000
0!
0'
#78285000000
1!
1'
b1 -
#78290000000
0!
0'
#78295000000
1!
1'
b10 -
#78300000000
0!
0'
#78305000000
1!
1'
b11 -
10
#78310000000
0!
0'
#78315000000
1!
1'
b0 -
00
#78320000000
0!
0'
#78325000000
1!
1'
b1 -
#78330000000
0!
0'
#78335000000
1!
1'
b10 -
#78340000000
0!
0'
#78345000000
1!
1'
b11 -
10
#78350000000
0!
0'
#78355000000
1!
1'
b0 -
00
#78360000000
0!
0'
#78365000000
1!
1'
b1 -
#78370000000
0!
0'
#78375000000
1!
1'
b10 -
#78380000000
0!
0'
#78385000000
1!
1'
b11 -
10
#78390000000
0!
0'
#78395000000
1!
1'
b0 -
00
#78400000000
0!
0'
#78405000000
1!
1'
b1 -
#78410000000
0!
0'
#78415000000
1!
1'
b10 -
#78420000000
0!
0'
#78425000000
1!
1'
b11 -
10
#78430000000
0!
0'
#78435000000
1!
1'
b0 -
00
#78440000000
0!
0'
#78445000000
1!
1'
b1 -
#78450000000
0!
0'
#78455000000
1!
1'
b10 -
#78460000000
0!
0'
#78465000000
1!
1'
b11 -
10
#78470000000
0!
0'
#78475000000
1!
1'
b0 -
00
#78480000000
0!
0'
#78485000000
1!
1'
b1 -
#78490000000
0!
0'
#78495000000
1!
1'
b10 -
#78500000000
0!
0'
#78505000000
1!
1'
b11 -
10
#78510000000
0!
0'
#78515000000
1!
1'
b0 -
00
#78520000000
0!
0'
#78525000000
1!
1'
b1 -
#78530000000
0!
0'
#78535000000
1!
1'
b10 -
#78540000000
0!
0'
#78545000000
1!
1'
b11 -
10
#78550000000
0!
0'
#78555000000
1!
1'
b0 -
00
#78560000000
0!
0'
#78565000000
1!
1'
b1 -
#78570000000
0!
0'
#78575000000
1!
1'
b10 -
#78580000000
0!
0'
#78585000000
1!
1'
b11 -
10
#78590000000
0!
0'
#78595000000
1!
1'
b0 -
00
#78600000000
0!
0'
#78605000000
1!
1'
b1 -
#78610000000
0!
0'
#78615000000
1!
1'
b10 -
#78620000000
0!
0'
#78625000000
1!
1'
b11 -
10
#78630000000
0!
0'
#78635000000
1!
1'
b0 -
00
#78640000000
0!
0'
#78645000000
1!
1'
b1 -
#78650000000
0!
0'
#78655000000
1!
1'
b10 -
#78660000000
0!
0'
#78665000000
1!
1'
b11 -
10
#78670000000
0!
0'
#78675000000
1!
1'
b0 -
00
#78680000000
0!
0'
#78685000000
1!
1'
b1 -
#78690000000
0!
0'
#78695000000
1!
1'
b10 -
#78700000000
0!
0'
#78705000000
1!
1'
b11 -
10
#78710000000
0!
0'
#78715000000
1!
1'
b0 -
00
#78720000000
0!
0'
#78725000000
1!
1'
b1 -
#78730000000
0!
0'
#78735000000
1!
1'
b10 -
#78740000000
0!
0'
#78745000000
1!
1'
b11 -
10
#78750000000
0!
0'
#78755000000
1!
1'
b0 -
00
#78760000000
0!
0'
#78765000000
1!
1'
b1 -
#78770000000
0!
0'
#78775000000
1!
1'
b10 -
#78780000000
0!
0'
#78785000000
1!
1'
b11 -
10
#78790000000
0!
0'
#78795000000
1!
1'
b0 -
00
#78800000000
0!
0'
#78805000000
1!
1'
b1 -
#78810000000
0!
0'
#78815000000
1!
1'
b10 -
#78820000000
0!
0'
#78825000000
1!
1'
b11 -
10
#78830000000
0!
0'
#78835000000
1!
1'
b0 -
00
#78840000000
0!
0'
#78845000000
1!
1'
b1 -
#78850000000
0!
0'
#78855000000
1!
1'
b10 -
#78860000000
0!
0'
#78865000000
1!
1'
b11 -
10
#78870000000
0!
0'
#78875000000
1!
1'
b0 -
00
#78880000000
0!
0'
#78885000000
1!
1'
b1 -
#78890000000
0!
0'
#78895000000
1!
1'
b10 -
#78900000000
0!
0'
#78905000000
1!
1'
b11 -
10
#78910000000
0!
0'
#78915000000
1!
1'
b0 -
00
#78920000000
0!
0'
#78925000000
1!
1'
b1 -
#78930000000
0!
0'
#78935000000
1!
1'
b10 -
#78940000000
0!
0'
#78945000000
1!
1'
b11 -
10
#78950000000
0!
0'
#78955000000
1!
1'
b0 -
00
#78960000000
0!
0'
#78965000000
1!
1'
b1 -
#78970000000
0!
0'
#78975000000
1!
1'
b10 -
#78980000000
0!
0'
#78985000000
1!
1'
b11 -
10
#78990000000
0!
0'
#78995000000
1!
1'
b0 -
00
#79000000000
0!
0'
#79005000000
1!
1'
b1 -
#79010000000
0!
0'
#79015000000
1!
1'
b10 -
#79020000000
0!
0'
#79025000000
1!
1'
b11 -
10
#79030000000
0!
0'
#79035000000
1!
1'
b0 -
00
#79040000000
0!
0'
#79045000000
1!
1'
b1 -
#79050000000
0!
0'
#79055000000
1!
1'
b10 -
#79060000000
0!
0'
#79065000000
1!
1'
b11 -
10
#79070000000
0!
0'
#79075000000
1!
1'
b0 -
00
#79080000000
0!
0'
#79085000000
1!
1'
b1 -
#79090000000
0!
0'
#79095000000
1!
1'
b10 -
#79100000000
0!
0'
#79105000000
1!
1'
b11 -
10
#79110000000
0!
0'
#79115000000
1!
1'
b0 -
00
#79120000000
0!
0'
#79125000000
1!
1'
b1 -
#79130000000
0!
0'
#79135000000
1!
1'
b10 -
#79140000000
0!
0'
#79145000000
1!
1'
b11 -
10
#79150000000
0!
0'
#79155000000
1!
1'
b0 -
00
#79160000000
0!
0'
#79165000000
1!
1'
b1 -
#79170000000
0!
0'
#79175000000
1!
1'
b10 -
#79180000000
0!
0'
#79185000000
1!
1'
b11 -
10
#79190000000
0!
0'
#79195000000
1!
1'
b0 -
00
#79200000000
0!
0'
#79205000000
1!
1'
b1 -
#79210000000
0!
0'
#79215000000
1!
1'
b10 -
#79220000000
0!
0'
#79225000000
1!
1'
b11 -
10
#79230000000
0!
0'
#79235000000
1!
1'
b0 -
00
#79240000000
0!
0'
#79245000000
1!
1'
b1 -
#79250000000
0!
0'
#79255000000
1!
1'
b10 -
#79260000000
0!
0'
#79265000000
1!
1'
b11 -
10
#79270000000
0!
0'
#79275000000
1!
1'
b0 -
00
#79280000000
0!
0'
#79285000000
1!
1'
b1 -
#79290000000
0!
0'
#79295000000
1!
1'
b10 -
#79300000000
0!
0'
#79305000000
1!
1'
b11 -
10
#79310000000
0!
0'
#79315000000
1!
1'
b0 -
00
#79320000000
0!
0'
#79325000000
1!
1'
b1 -
#79330000000
0!
0'
#79335000000
1!
1'
b10 -
#79340000000
0!
0'
#79345000000
1!
1'
b11 -
10
#79350000000
0!
0'
#79355000000
1!
1'
b0 -
00
#79360000000
0!
0'
#79365000000
1!
1'
b1 -
#79370000000
0!
0'
#79375000000
1!
1'
b10 -
#79380000000
0!
0'
#79385000000
1!
1'
b11 -
10
#79390000000
0!
0'
#79395000000
1!
1'
b0 -
00
#79400000000
0!
0'
#79405000000
1!
1'
b1 -
#79410000000
0!
0'
#79415000000
1!
1'
b10 -
#79420000000
0!
0'
#79425000000
1!
1'
b11 -
10
#79430000000
0!
0'
#79435000000
1!
1'
b0 -
00
#79440000000
0!
0'
#79445000000
1!
1'
b1 -
#79450000000
0!
0'
#79455000000
1!
1'
b10 -
#79460000000
0!
0'
#79465000000
1!
1'
b11 -
10
#79470000000
0!
0'
#79475000000
1!
1'
b0 -
00
#79480000000
0!
0'
#79485000000
1!
1'
b1 -
#79490000000
0!
0'
#79495000000
1!
1'
b10 -
#79500000000
0!
0'
#79505000000
1!
1'
b11 -
10
#79510000000
0!
0'
#79515000000
1!
1'
b0 -
00
#79520000000
0!
0'
#79525000000
1!
1'
b1 -
#79530000000
0!
0'
#79535000000
1!
1'
b10 -
#79540000000
0!
0'
#79545000000
1!
1'
b11 -
10
#79550000000
0!
0'
#79555000000
1!
1'
b0 -
00
#79560000000
0!
0'
#79565000000
1!
1'
b1 -
#79570000000
0!
0'
#79575000000
1!
1'
b10 -
#79580000000
0!
0'
#79585000000
1!
1'
b11 -
10
#79590000000
0!
0'
#79595000000
1!
1'
b0 -
00
#79600000000
0!
0'
#79605000000
1!
1'
b1 -
#79610000000
0!
0'
#79615000000
1!
1'
b10 -
#79620000000
0!
0'
#79625000000
1!
1'
b11 -
10
#79630000000
0!
0'
#79635000000
1!
1'
b0 -
00
#79640000000
0!
0'
#79645000000
1!
1'
b1 -
#79650000000
0!
0'
#79655000000
1!
1'
b10 -
#79660000000
0!
0'
#79665000000
1!
1'
b11 -
10
#79670000000
0!
0'
#79675000000
1!
1'
b0 -
00
#79680000000
0!
0'
#79685000000
1!
1'
b1 -
#79690000000
0!
0'
#79695000000
1!
1'
b10 -
#79700000000
0!
0'
#79705000000
1!
1'
b11 -
10
#79710000000
0!
0'
#79715000000
1!
1'
b0 -
00
#79720000000
0!
0'
#79725000000
1!
1'
b1 -
#79730000000
0!
0'
#79735000000
1!
1'
b10 -
#79740000000
0!
0'
#79745000000
1!
1'
b11 -
10
#79750000000
0!
0'
#79755000000
1!
1'
b0 -
00
#79760000000
0!
0'
#79765000000
1!
1'
b1 -
#79770000000
0!
0'
#79775000000
1!
1'
b10 -
#79780000000
0!
0'
#79785000000
1!
1'
b11 -
10
#79790000000
0!
0'
#79795000000
1!
1'
b0 -
00
#79800000000
0!
0'
#79805000000
1!
1'
b1 -
#79810000000
0!
0'
#79815000000
1!
1'
b10 -
#79820000000
0!
0'
#79825000000
1!
1'
b11 -
10
#79830000000
0!
0'
#79835000000
1!
1'
b0 -
00
#79840000000
0!
0'
#79845000000
1!
1'
b1 -
#79850000000
0!
0'
#79855000000
1!
1'
b10 -
#79860000000
0!
0'
#79865000000
1!
1'
b11 -
10
#79870000000
0!
0'
#79875000000
1!
1'
b0 -
00
#79880000000
0!
0'
#79885000000
1!
1'
b1 -
#79890000000
0!
0'
#79895000000
1!
1'
b10 -
#79900000000
0!
0'
#79905000000
1!
1'
b11 -
10
#79910000000
0!
0'
#79915000000
1!
1'
b0 -
00
#79920000000
0!
0'
#79925000000
1!
1'
b1 -
#79930000000
0!
0'
#79935000000
1!
1'
b10 -
#79940000000
0!
0'
#79945000000
1!
1'
b11 -
10
#79950000000
0!
0'
#79955000000
1!
1'
b0 -
00
#79960000000
0!
0'
#79965000000
1!
1'
b1 -
#79970000000
0!
0'
#79975000000
1!
1'
b10 -
#79980000000
0!
0'
#79985000000
1!
1'
b11 -
10
#79990000000
0!
0'
#79995000000
1!
1'
b0 -
00
#80000000000
0!
0'
#80005000000
1!
1'
b1 -
#80010000000
0!
0'
#80015000000
1!
1'
b10 -
#80020000000
0!
0'
#80025000000
1!
1'
b11 -
10
#80030000000
0!
0'
#80035000000
1!
1'
b0 -
00
#80040000000
0!
0'
#80045000000
1!
1'
b1 -
#80050000000
0!
0'
#80055000000
1!
1'
b10 -
#80060000000
0!
0'
#80065000000
1!
1'
b11 -
10
#80070000000
0!
0'
#80075000000
1!
1'
b0 -
00
#80080000000
0!
0'
#80085000000
1!
1'
b1 -
#80090000000
0!
0'
#80095000000
1!
1'
b10 -
#80100000000
0!
0'
#80105000000
1!
1'
b11 -
10
#80110000000
0!
0'
#80115000000
1!
1'
b0 -
00
#80120000000
0!
0'
#80125000000
1!
1'
b1 -
#80130000000
0!
0'
#80135000000
1!
1'
b10 -
#80140000000
0!
0'
#80145000000
1!
1'
b11 -
10
#80150000000
0!
0'
#80155000000
1!
1'
b0 -
00
#80160000000
0!
0'
#80165000000
1!
1'
b1 -
#80170000000
0!
0'
#80175000000
1!
1'
b10 -
#80180000000
0!
0'
#80185000000
1!
1'
b11 -
10
#80190000000
0!
0'
#80195000000
1!
1'
b0 -
00
#80200000000
0!
0'
#80205000000
1!
1'
b1 -
#80210000000
0!
0'
#80215000000
1!
1'
b10 -
#80220000000
0!
0'
#80225000000
1!
1'
b11 -
10
#80230000000
0!
0'
#80235000000
1!
1'
b0 -
00
#80240000000
0!
0'
#80245000000
1!
1'
b1 -
#80250000000
0!
0'
#80255000000
1!
1'
b10 -
#80260000000
0!
0'
#80265000000
1!
1'
b11 -
10
#80270000000
0!
0'
#80275000000
1!
1'
b0 -
00
#80280000000
0!
0'
#80285000000
1!
1'
b1 -
#80290000000
0!
0'
#80295000000
1!
1'
b10 -
#80300000000
0!
0'
#80305000000
1!
1'
b11 -
10
#80310000000
0!
0'
#80315000000
1!
1'
b0 -
00
#80320000000
0!
0'
#80325000000
1!
1'
b1 -
#80330000000
0!
0'
#80335000000
1!
1'
b10 -
#80340000000
0!
0'
#80345000000
1!
1'
b11 -
10
#80350000000
0!
0'
#80355000000
1!
1'
b0 -
00
#80360000000
0!
0'
#80365000000
1!
1'
b1 -
#80370000000
0!
0'
#80375000000
1!
1'
b10 -
#80380000000
0!
0'
#80385000000
1!
1'
b11 -
10
#80390000000
0!
0'
#80395000000
1!
1'
b0 -
00
#80400000000
0!
0'
#80405000000
1!
1'
b1 -
#80410000000
0!
0'
#80415000000
1!
1'
b10 -
#80420000000
0!
0'
#80425000000
1!
1'
b11 -
10
#80430000000
0!
0'
#80435000000
1!
1'
b0 -
00
#80440000000
0!
0'
#80445000000
1!
1'
b1 -
#80450000000
0!
0'
#80455000000
1!
1'
b10 -
#80460000000
0!
0'
#80465000000
1!
1'
b11 -
10
#80470000000
0!
0'
#80475000000
1!
1'
b0 -
00
#80480000000
0!
0'
#80485000000
1!
1'
b1 -
#80490000000
0!
0'
#80495000000
1!
1'
b10 -
#80500000000
0!
0'
#80505000000
1!
1'
b11 -
10
#80510000000
0!
0'
#80515000000
1!
1'
b0 -
00
#80520000000
0!
0'
#80525000000
1!
1'
b1 -
#80530000000
0!
0'
#80535000000
1!
1'
b10 -
#80540000000
0!
0'
#80545000000
1!
1'
b11 -
10
#80550000000
0!
0'
#80555000000
1!
1'
b0 -
00
#80560000000
0!
0'
#80565000000
1!
1'
b1 -
#80570000000
0!
0'
#80575000000
1!
1'
b10 -
#80580000000
0!
0'
#80585000000
1!
1'
b11 -
10
#80590000000
0!
0'
#80595000000
1!
1'
b0 -
00
#80600000000
0!
0'
#80605000000
1!
1'
b1 -
#80610000000
0!
0'
#80615000000
1!
1'
b10 -
#80620000000
0!
0'
#80625000000
1!
1'
b11 -
10
#80630000000
0!
0'
#80635000000
1!
1'
b0 -
00
#80640000000
0!
0'
#80645000000
1!
1'
b1 -
#80650000000
0!
0'
#80655000000
1!
1'
b10 -
#80660000000
0!
0'
#80665000000
1!
1'
b11 -
10
#80670000000
0!
0'
#80675000000
1!
1'
b0 -
00
#80680000000
0!
0'
#80685000000
1!
1'
b1 -
#80690000000
0!
0'
#80695000000
1!
1'
b10 -
#80700000000
0!
0'
#80705000000
1!
1'
b11 -
10
#80710000000
0!
0'
#80715000000
1!
1'
b0 -
00
#80720000000
0!
0'
#80725000000
1!
1'
b1 -
#80730000000
0!
0'
#80735000000
1!
1'
b10 -
#80740000000
0!
0'
#80745000000
1!
1'
b11 -
10
#80750000000
0!
0'
#80755000000
1!
1'
b0 -
00
#80760000000
0!
0'
#80765000000
1!
1'
b1 -
#80770000000
0!
0'
#80775000000
1!
1'
b10 -
#80780000000
0!
0'
#80785000000
1!
1'
b11 -
10
#80790000000
0!
0'
#80795000000
1!
1'
b0 -
00
#80800000000
0!
0'
#80805000000
1!
1'
b1 -
#80810000000
0!
0'
#80815000000
1!
1'
b10 -
#80820000000
0!
0'
#80825000000
1!
1'
b11 -
10
#80830000000
0!
0'
#80835000000
1!
1'
b0 -
00
#80840000000
0!
0'
#80845000000
1!
1'
b1 -
#80850000000
0!
0'
#80855000000
1!
1'
b10 -
#80860000000
0!
0'
#80865000000
1!
1'
b11 -
10
#80870000000
0!
0'
#80875000000
1!
1'
b0 -
00
#80880000000
0!
0'
#80885000000
1!
1'
b1 -
#80890000000
0!
0'
#80895000000
1!
1'
b10 -
#80900000000
0!
0'
#80905000000
1!
1'
b11 -
10
#80910000000
0!
0'
#80915000000
1!
1'
b0 -
00
#80920000000
0!
0'
#80925000000
1!
1'
b1 -
#80930000000
0!
0'
#80935000000
1!
1'
b10 -
#80940000000
0!
0'
#80945000000
1!
1'
b11 -
10
#80950000000
0!
0'
#80955000000
1!
1'
b0 -
00
#80960000000
0!
0'
#80965000000
1!
1'
b1 -
#80970000000
0!
0'
#80975000000
1!
1'
b10 -
#80980000000
0!
0'
#80985000000
1!
1'
b11 -
10
#80990000000
0!
0'
#80995000000
1!
1'
b0 -
00
#81000000000
0!
0'
#81005000000
1!
1'
b1 -
#81010000000
0!
0'
#81015000000
1!
1'
b10 -
#81020000000
0!
0'
#81025000000
1!
1'
b11 -
10
#81030000000
0!
0'
#81035000000
1!
1'
b0 -
00
#81040000000
0!
0'
#81045000000
1!
1'
b1 -
#81050000000
0!
0'
#81055000000
1!
1'
b10 -
#81060000000
0!
0'
#81065000000
1!
1'
b11 -
10
#81070000000
0!
0'
#81075000000
1!
1'
b0 -
00
#81080000000
0!
0'
#81085000000
1!
1'
b1 -
#81090000000
0!
0'
#81095000000
1!
1'
b10 -
#81100000000
0!
0'
#81105000000
1!
1'
b11 -
10
#81110000000
0!
0'
#81115000000
1!
1'
b0 -
00
#81120000000
0!
0'
#81125000000
1!
1'
b1 -
#81130000000
0!
0'
#81135000000
1!
1'
b10 -
#81140000000
0!
0'
#81145000000
1!
1'
b11 -
10
#81150000000
0!
0'
#81155000000
1!
1'
b0 -
00
#81160000000
0!
0'
#81165000000
1!
1'
b1 -
#81170000000
0!
0'
#81175000000
1!
1'
b10 -
#81180000000
0!
0'
#81185000000
1!
1'
b11 -
10
#81190000000
0!
0'
#81195000000
1!
1'
b0 -
00
#81200000000
0!
0'
#81205000000
1!
1'
b1 -
#81210000000
0!
0'
#81215000000
1!
1'
b10 -
#81220000000
0!
0'
#81225000000
1!
1'
b11 -
10
#81230000000
0!
0'
#81235000000
1!
1'
b0 -
00
#81240000000
0!
0'
#81245000000
1!
1'
b1 -
#81250000000
0!
0'
#81255000000
1!
1'
b10 -
#81260000000
0!
0'
#81265000000
1!
1'
b11 -
10
#81270000000
0!
0'
#81275000000
1!
1'
b0 -
00
#81280000000
0!
0'
#81285000000
1!
1'
b1 -
#81290000000
0!
0'
#81295000000
1!
1'
b10 -
#81300000000
0!
0'
#81305000000
1!
1'
b11 -
10
#81310000000
0!
0'
#81315000000
1!
1'
b0 -
00
#81320000000
0!
0'
#81325000000
1!
1'
b1 -
#81330000000
0!
0'
#81335000000
1!
1'
b10 -
#81340000000
0!
0'
#81345000000
1!
1'
b11 -
10
#81350000000
0!
0'
#81355000000
1!
1'
b0 -
00
#81360000000
0!
0'
#81365000000
1!
1'
b1 -
#81370000000
0!
0'
#81375000000
1!
1'
b10 -
#81380000000
0!
0'
#81385000000
1!
1'
b11 -
10
#81390000000
0!
0'
#81395000000
1!
1'
b0 -
00
#81400000000
0!
0'
#81405000000
1!
1'
b1 -
#81410000000
0!
0'
#81415000000
1!
1'
b10 -
#81420000000
0!
0'
#81425000000
1!
1'
b11 -
10
#81430000000
0!
0'
#81435000000
1!
1'
b0 -
00
#81440000000
0!
0'
#81445000000
1!
1'
b1 -
#81450000000
0!
0'
#81455000000
1!
1'
b10 -
#81460000000
0!
0'
#81465000000
1!
1'
b11 -
10
#81470000000
0!
0'
#81475000000
1!
1'
b0 -
00
#81480000000
0!
0'
#81485000000
1!
1'
b1 -
#81490000000
0!
0'
#81495000000
1!
1'
b10 -
#81500000000
0!
0'
#81505000000
1!
1'
b11 -
10
#81510000000
0!
0'
#81515000000
1!
1'
b0 -
00
#81520000000
0!
0'
#81525000000
1!
1'
b1 -
#81530000000
0!
0'
#81535000000
1!
1'
b10 -
#81540000000
0!
0'
#81545000000
1!
1'
b11 -
10
#81550000000
0!
0'
#81555000000
1!
1'
b0 -
00
#81560000000
0!
0'
#81565000000
1!
1'
b1 -
#81570000000
0!
0'
#81575000000
1!
1'
b10 -
#81580000000
0!
0'
#81585000000
1!
1'
b11 -
10
#81590000000
0!
0'
#81595000000
1!
1'
b0 -
00
#81600000000
0!
0'
#81605000000
1!
1'
b1 -
#81610000000
0!
0'
#81615000000
1!
1'
b10 -
#81620000000
0!
0'
#81625000000
1!
1'
b11 -
10
#81630000000
0!
0'
#81635000000
1!
1'
b0 -
00
#81640000000
0!
0'
#81645000000
1!
1'
b1 -
#81650000000
0!
0'
#81655000000
1!
1'
b10 -
#81660000000
0!
0'
#81665000000
1!
1'
b11 -
10
#81670000000
0!
0'
#81675000000
1!
1'
b0 -
00
#81680000000
0!
0'
#81685000000
1!
1'
b1 -
#81690000000
0!
0'
#81695000000
1!
1'
b10 -
#81700000000
0!
0'
#81705000000
1!
1'
b11 -
10
#81710000000
0!
0'
#81715000000
1!
1'
b0 -
00
#81720000000
0!
0'
#81725000000
1!
1'
b1 -
#81730000000
0!
0'
#81735000000
1!
1'
b10 -
#81740000000
0!
0'
#81745000000
1!
1'
b11 -
10
#81750000000
0!
0'
#81755000000
1!
1'
b0 -
00
#81760000000
0!
0'
#81765000000
1!
1'
b1 -
#81770000000
0!
0'
#81775000000
1!
1'
b10 -
#81780000000
0!
0'
#81785000000
1!
1'
b11 -
10
#81790000000
0!
0'
#81795000000
1!
1'
b0 -
00
#81800000000
0!
0'
#81805000000
1!
1'
b1 -
#81810000000
0!
0'
#81815000000
1!
1'
b10 -
#81820000000
0!
0'
#81825000000
1!
1'
b11 -
10
#81830000000
0!
0'
#81835000000
1!
1'
b0 -
00
#81840000000
0!
0'
#81845000000
1!
1'
b1 -
#81850000000
0!
0'
#81855000000
1!
1'
b10 -
#81860000000
0!
0'
#81865000000
1!
1'
b11 -
10
#81870000000
0!
0'
#81875000000
1!
1'
b0 -
00
#81880000000
0!
0'
#81885000000
1!
1'
b1 -
#81890000000
0!
0'
#81895000000
1!
1'
b10 -
#81900000000
0!
0'
#81905000000
1!
1'
b11 -
10
#81910000000
0!
0'
#81915000000
1!
1'
b0 -
00
#81920000000
0!
0'
#81925000000
1!
1'
b1 -
#81930000000
0!
0'
#81935000000
1!
1'
b10 -
#81940000000
0!
0'
#81945000000
1!
1'
b11 -
10
#81950000000
0!
0'
#81955000000
1!
1'
b0 -
00
#81960000000
0!
0'
#81965000000
1!
1'
b1 -
#81970000000
0!
0'
#81975000000
1!
1'
b10 -
#81980000000
0!
0'
#81985000000
1!
1'
b11 -
10
#81990000000
0!
0'
#81995000000
1!
1'
b0 -
00
#82000000000
0!
0'
#82005000000
1!
1'
b1 -
#82010000000
0!
0'
#82015000000
1!
1'
b10 -
#82020000000
0!
0'
#82025000000
1!
1'
b11 -
10
#82030000000
0!
0'
#82035000000
1!
1'
b0 -
00
#82040000000
0!
0'
#82045000000
1!
1'
b1 -
#82050000000
0!
0'
#82055000000
1!
1'
b10 -
#82060000000
0!
0'
#82065000000
1!
1'
b11 -
10
#82070000000
0!
0'
#82075000000
1!
1'
b0 -
00
#82080000000
0!
0'
#82085000000
1!
1'
b1 -
#82090000000
0!
0'
#82095000000
1!
1'
b10 -
#82100000000
0!
0'
#82105000000
1!
1'
b11 -
10
#82110000000
0!
0'
#82115000000
1!
1'
b0 -
00
#82120000000
0!
0'
#82125000000
1!
1'
b1 -
#82130000000
0!
0'
#82135000000
1!
1'
b10 -
#82140000000
0!
0'
#82145000000
1!
1'
b11 -
10
#82150000000
0!
0'
#82155000000
1!
1'
b0 -
00
#82160000000
0!
0'
#82165000000
1!
1'
b1 -
#82170000000
0!
0'
#82175000000
1!
1'
b10 -
#82180000000
0!
0'
#82185000000
1!
1'
b11 -
10
#82190000000
0!
0'
#82195000000
1!
1'
b0 -
00
#82200000000
0!
0'
#82205000000
1!
1'
b1 -
#82210000000
0!
0'
#82215000000
1!
1'
b10 -
#82220000000
0!
0'
#82225000000
1!
1'
b11 -
10
#82230000000
0!
0'
#82235000000
1!
1'
b0 -
00
#82240000000
0!
0'
#82245000000
1!
1'
b1 -
#82250000000
0!
0'
#82255000000
1!
1'
b10 -
#82260000000
0!
0'
#82265000000
1!
1'
b11 -
10
#82270000000
0!
0'
#82275000000
1!
1'
b0 -
00
#82280000000
0!
0'
#82285000000
1!
1'
b1 -
#82290000000
0!
0'
#82295000000
1!
1'
b10 -
#82300000000
0!
0'
#82305000000
1!
1'
b11 -
10
#82310000000
0!
0'
#82315000000
1!
1'
b0 -
00
#82320000000
0!
0'
#82325000000
1!
1'
b1 -
#82330000000
0!
0'
#82335000000
1!
1'
b10 -
#82340000000
0!
0'
#82345000000
1!
1'
b11 -
10
#82350000000
0!
0'
#82355000000
1!
1'
b0 -
00
#82360000000
0!
0'
#82365000000
1!
1'
b1 -
#82370000000
0!
0'
#82375000000
1!
1'
b10 -
#82380000000
0!
0'
#82385000000
1!
1'
b11 -
10
#82390000000
0!
0'
#82395000000
1!
1'
b0 -
00
#82400000000
0!
0'
#82405000000
1!
1'
b1 -
#82410000000
0!
0'
#82415000000
1!
1'
b10 -
#82420000000
0!
0'
#82425000000
1!
1'
b11 -
10
#82430000000
0!
0'
#82435000000
1!
1'
b0 -
00
#82440000000
0!
0'
#82445000000
1!
1'
b1 -
#82450000000
0!
0'
#82455000000
1!
1'
b10 -
#82460000000
0!
0'
#82465000000
1!
1'
b11 -
10
#82470000000
0!
0'
#82475000000
1!
1'
b0 -
00
#82480000000
0!
0'
#82485000000
1!
1'
b1 -
#82490000000
0!
0'
#82495000000
1!
1'
b10 -
#82500000000
0!
0'
#82505000000
1!
1'
b11 -
10
#82510000000
0!
0'
#82515000000
1!
1'
b0 -
00
#82520000000
0!
0'
#82525000000
1!
1'
b1 -
#82530000000
0!
0'
#82535000000
1!
1'
b10 -
#82540000000
0!
0'
#82545000000
1!
1'
b11 -
10
#82550000000
0!
0'
#82555000000
1!
1'
b0 -
00
#82560000000
0!
0'
#82565000000
1!
1'
b1 -
#82570000000
0!
0'
#82575000000
1!
1'
b10 -
#82580000000
0!
0'
#82585000000
1!
1'
b11 -
10
#82590000000
0!
0'
#82595000000
1!
1'
b0 -
00
#82600000000
0!
0'
#82605000000
1!
1'
b1 -
#82610000000
0!
0'
#82615000000
1!
1'
b10 -
#82620000000
0!
0'
#82625000000
1!
1'
b11 -
10
#82630000000
0!
0'
#82635000000
1!
1'
b0 -
00
#82640000000
0!
0'
#82645000000
1!
1'
b1 -
#82650000000
0!
0'
#82655000000
1!
1'
b10 -
#82660000000
0!
0'
#82665000000
1!
1'
b11 -
10
#82670000000
0!
0'
#82675000000
1!
1'
b0 -
00
#82680000000
0!
0'
#82685000000
1!
1'
b1 -
#82690000000
0!
0'
#82695000000
1!
1'
b10 -
#82700000000
0!
0'
#82705000000
1!
1'
b11 -
10
#82710000000
0!
0'
#82715000000
1!
1'
b0 -
00
#82720000000
0!
0'
#82725000000
1!
1'
b1 -
#82730000000
0!
0'
#82735000000
1!
1'
b10 -
#82740000000
0!
0'
#82745000000
1!
1'
b11 -
10
#82750000000
0!
0'
#82755000000
1!
1'
b0 -
00
#82760000000
0!
0'
#82765000000
1!
1'
b1 -
#82770000000
0!
0'
#82775000000
1!
1'
b10 -
#82780000000
0!
0'
#82785000000
1!
1'
b11 -
10
#82790000000
0!
0'
#82795000000
1!
1'
b0 -
00
#82800000000
0!
0'
#82805000000
1!
1'
b1 -
#82810000000
0!
0'
#82815000000
1!
1'
b10 -
#82820000000
0!
0'
#82825000000
1!
1'
b11 -
10
#82830000000
0!
0'
#82835000000
1!
1'
b0 -
00
#82840000000
0!
0'
#82845000000
1!
1'
b1 -
#82850000000
0!
0'
#82855000000
1!
1'
b10 -
#82860000000
0!
0'
#82865000000
1!
1'
b11 -
10
#82870000000
0!
0'
#82875000000
1!
1'
b0 -
00
#82880000000
0!
0'
#82885000000
1!
1'
b1 -
#82890000000
0!
0'
#82895000000
1!
1'
b10 -
#82900000000
0!
0'
#82905000000
1!
1'
b11 -
10
#82910000000
0!
0'
#82915000000
1!
1'
b0 -
00
#82920000000
0!
0'
#82925000000
1!
1'
b1 -
#82930000000
0!
0'
#82935000000
1!
1'
b10 -
#82940000000
0!
0'
#82945000000
1!
1'
b11 -
10
#82950000000
0!
0'
#82955000000
1!
1'
b0 -
00
#82960000000
0!
0'
#82965000000
1!
1'
b1 -
#82970000000
0!
0'
#82975000000
1!
1'
b10 -
#82980000000
0!
0'
#82985000000
1!
1'
b11 -
10
#82990000000
0!
0'
#82995000000
1!
1'
b0 -
00
#83000000000
0!
0'
#83005000000
1!
1'
b1 -
#83010000000
0!
0'
#83015000000
1!
1'
b10 -
#83020000000
0!
0'
#83025000000
1!
1'
b11 -
10
#83030000000
0!
0'
#83035000000
1!
1'
b0 -
00
#83040000000
0!
0'
#83045000000
1!
1'
b1 -
#83050000000
0!
0'
#83055000000
1!
1'
b10 -
#83060000000
0!
0'
#83065000000
1!
1'
b11 -
10
#83070000000
0!
0'
#83075000000
1!
1'
b0 -
00
#83080000000
0!
0'
#83085000000
1!
1'
b1 -
#83090000000
0!
0'
#83095000000
1!
1'
b10 -
#83100000000
0!
0'
#83105000000
1!
1'
b11 -
10
#83110000000
0!
0'
#83115000000
1!
1'
b0 -
00
#83120000000
0!
0'
#83125000000
1!
1'
b1 -
#83130000000
0!
0'
#83135000000
1!
1'
b10 -
#83140000000
0!
0'
#83145000000
1!
1'
b11 -
10
#83150000000
0!
0'
#83155000000
1!
1'
b0 -
00
#83160000000
0!
0'
#83165000000
1!
1'
b1 -
#83170000000
0!
0'
#83175000000
1!
1'
b10 -
#83180000000
0!
0'
#83185000000
1!
1'
b11 -
10
#83190000000
0!
0'
#83195000000
1!
1'
b0 -
00
#83200000000
0!
0'
#83205000000
1!
1'
b1 -
#83210000000
0!
0'
#83215000000
1!
1'
b10 -
#83220000000
0!
0'
#83225000000
1!
1'
b11 -
10
#83230000000
0!
0'
#83235000000
1!
1'
b0 -
00
#83240000000
0!
0'
#83245000000
1!
1'
b1 -
#83250000000
0!
0'
#83255000000
1!
1'
b10 -
#83260000000
0!
0'
#83265000000
1!
1'
b11 -
10
#83270000000
0!
0'
#83275000000
1!
1'
b0 -
00
#83280000000
0!
0'
#83285000000
1!
1'
b1 -
#83290000000
0!
0'
#83295000000
1!
1'
b10 -
#83300000000
0!
0'
#83305000000
1!
1'
b11 -
10
#83310000000
0!
0'
#83315000000
1!
1'
b0 -
00
#83320000000
0!
0'
#83325000000
1!
1'
b1 -
#83330000000
0!
0'
#83335000000
1!
1'
b10 -
#83340000000
0!
0'
#83345000000
1!
1'
b11 -
10
#83350000000
0!
0'
#83355000000
1!
1'
b0 -
00
#83360000000
0!
0'
#83365000000
1!
1'
b1 -
#83370000000
0!
0'
#83375000000
1!
1'
b10 -
#83380000000
0!
0'
#83385000000
1!
1'
b11 -
10
#83390000000
0!
0'
#83395000000
1!
1'
b0 -
00
#83400000000
0!
0'
#83405000000
1!
1'
b1 -
#83410000000
0!
0'
#83415000000
1!
1'
b10 -
#83420000000
0!
0'
#83425000000
1!
1'
b11 -
10
#83430000000
0!
0'
#83435000000
1!
1'
b0 -
00
#83440000000
0!
0'
#83445000000
1!
1'
b1 -
#83450000000
0!
0'
#83455000000
1!
1'
b10 -
#83460000000
0!
0'
#83465000000
1!
1'
b11 -
10
#83470000000
0!
0'
#83475000000
1!
1'
b0 -
00
#83480000000
0!
0'
#83485000000
1!
1'
b1 -
#83490000000
0!
0'
#83495000000
1!
1'
b10 -
#83500000000
0!
0'
#83505000000
1!
1'
b11 -
10
#83510000000
0!
0'
#83515000000
1!
1'
b0 -
00
#83520000000
0!
0'
#83525000000
1!
1'
b1 -
#83530000000
0!
0'
#83535000000
1!
1'
b10 -
#83540000000
0!
0'
#83545000000
1!
1'
b11 -
10
#83550000000
0!
0'
#83555000000
1!
1'
b0 -
00
#83560000000
0!
0'
#83565000000
1!
1'
b1 -
#83570000000
0!
0'
#83575000000
1!
1'
b10 -
#83580000000
0!
0'
#83585000000
1!
1'
b11 -
10
#83590000000
0!
0'
#83595000000
1!
1'
b0 -
00
#83600000000
0!
0'
#83605000000
1!
1'
b1 -
#83610000000
0!
0'
#83615000000
1!
1'
b10 -
#83620000000
0!
0'
#83625000000
1!
1'
b11 -
10
#83630000000
0!
0'
#83635000000
1!
1'
b0 -
00
#83640000000
0!
0'
#83645000000
1!
1'
b1 -
#83650000000
0!
0'
#83655000000
1!
1'
b10 -
#83660000000
0!
0'
#83665000000
1!
1'
b11 -
10
#83670000000
0!
0'
#83675000000
1!
1'
b0 -
00
#83680000000
0!
0'
#83685000000
1!
1'
b1 -
#83690000000
0!
0'
#83695000000
1!
1'
b10 -
#83700000000
0!
0'
#83705000000
1!
1'
b11 -
10
#83710000000
0!
0'
#83715000000
1!
1'
b0 -
00
#83720000000
0!
0'
#83725000000
1!
1'
b1 -
#83730000000
0!
0'
#83735000000
1!
1'
b10 -
#83740000000
0!
0'
#83745000000
1!
1'
b11 -
10
#83750000000
0!
0'
#83755000000
1!
1'
b0 -
00
#83760000000
0!
0'
#83765000000
1!
1'
b1 -
#83770000000
0!
0'
#83775000000
1!
1'
b10 -
#83780000000
0!
0'
#83785000000
1!
1'
b11 -
10
#83790000000
0!
0'
#83795000000
1!
1'
b0 -
00
#83800000000
0!
0'
#83805000000
1!
1'
b1 -
#83810000000
0!
0'
#83815000000
1!
1'
b10 -
#83820000000
0!
0'
#83825000000
1!
1'
b11 -
10
#83830000000
0!
0'
#83835000000
1!
1'
b0 -
00
#83840000000
0!
0'
#83845000000
1!
1'
b1 -
#83850000000
0!
0'
#83855000000
1!
1'
b10 -
#83860000000
0!
0'
#83865000000
1!
1'
b11 -
10
#83870000000
0!
0'
#83875000000
1!
1'
b0 -
00
#83880000000
0!
0'
#83885000000
1!
1'
b1 -
#83890000000
0!
0'
#83895000000
1!
1'
b10 -
#83900000000
0!
0'
#83905000000
1!
1'
b11 -
10
#83910000000
0!
0'
#83915000000
1!
1'
b0 -
00
#83920000000
0!
0'
#83925000000
1!
1'
b1 -
#83930000000
0!
0'
#83935000000
1!
1'
b10 -
#83940000000
0!
0'
#83945000000
1!
1'
b11 -
10
#83950000000
0!
0'
#83955000000
1!
1'
b0 -
00
#83960000000
0!
0'
#83965000000
1!
1'
b1 -
#83970000000
0!
0'
#83975000000
1!
1'
b10 -
#83980000000
0!
0'
#83985000000
1!
1'
b11 -
10
#83990000000
0!
0'
#83995000000
1!
1'
b0 -
00
#84000000000
0!
0'
#84005000000
1!
1'
b1 -
#84010000000
0!
0'
#84015000000
1!
1'
b10 -
#84020000000
0!
0'
#84025000000
1!
1'
b11 -
10
#84030000000
0!
0'
#84035000000
1!
1'
b0 -
00
#84040000000
0!
0'
#84045000000
1!
1'
b1 -
#84050000000
0!
0'
#84055000000
1!
1'
b10 -
#84060000000
0!
0'
#84065000000
1!
1'
b11 -
10
#84070000000
0!
0'
#84075000000
1!
1'
b0 -
00
#84080000000
0!
0'
#84085000000
1!
1'
b1 -
#84090000000
0!
0'
#84095000000
1!
1'
b10 -
#84100000000
0!
0'
#84105000000
1!
1'
b11 -
10
#84110000000
0!
0'
#84115000000
1!
1'
b0 -
00
#84120000000
0!
0'
#84125000000
1!
1'
b1 -
#84130000000
0!
0'
#84135000000
1!
1'
b10 -
#84140000000
0!
0'
#84145000000
1!
1'
b11 -
10
#84150000000
0!
0'
#84155000000
1!
1'
b0 -
00
#84160000000
0!
0'
#84165000000
1!
1'
b1 -
#84170000000
0!
0'
#84175000000
1!
1'
b10 -
#84180000000
0!
0'
#84185000000
1!
1'
b11 -
10
#84190000000
0!
0'
#84195000000
1!
1'
b0 -
00
#84200000000
0!
0'
#84205000000
1!
1'
b1 -
#84210000000
0!
0'
#84215000000
1!
1'
b10 -
#84220000000
0!
0'
#84225000000
1!
1'
b11 -
10
#84230000000
0!
0'
#84235000000
1!
1'
b0 -
00
#84240000000
0!
0'
#84245000000
1!
1'
b1 -
#84250000000
0!
0'
#84255000000
1!
1'
b10 -
#84260000000
0!
0'
#84265000000
1!
1'
b11 -
10
#84270000000
0!
0'
#84275000000
1!
1'
b0 -
00
#84280000000
0!
0'
#84285000000
1!
1'
b1 -
#84290000000
0!
0'
#84295000000
1!
1'
b10 -
#84300000000
0!
0'
#84305000000
1!
1'
b11 -
10
#84310000000
0!
0'
#84315000000
1!
1'
b0 -
00
#84320000000
0!
0'
#84325000000
1!
1'
b1 -
#84330000000
0!
0'
#84335000000
1!
1'
b10 -
#84340000000
0!
0'
#84345000000
1!
1'
b11 -
10
#84350000000
0!
0'
#84355000000
1!
1'
b0 -
00
#84360000000
0!
0'
#84365000000
1!
1'
b1 -
#84370000000
0!
0'
#84375000000
1!
1'
b10 -
#84380000000
0!
0'
#84385000000
1!
1'
b11 -
10
#84390000000
0!
0'
#84395000000
1!
1'
b0 -
00
#84400000000
0!
0'
#84405000000
1!
1'
b1 -
#84410000000
0!
0'
#84415000000
1!
1'
b10 -
#84420000000
0!
0'
#84425000000
1!
1'
b11 -
10
#84430000000
0!
0'
#84435000000
1!
1'
b0 -
00
#84440000000
0!
0'
#84445000000
1!
1'
b1 -
#84450000000
0!
0'
#84455000000
1!
1'
b10 -
#84460000000
0!
0'
#84465000000
1!
1'
b11 -
10
#84470000000
0!
0'
#84475000000
1!
1'
b0 -
00
#84480000000
0!
0'
#84485000000
1!
1'
b1 -
#84490000000
0!
0'
#84495000000
1!
1'
b10 -
#84500000000
0!
0'
#84505000000
1!
1'
b11 -
10
#84510000000
0!
0'
#84515000000
1!
1'
b0 -
00
#84520000000
0!
0'
#84525000000
1!
1'
b1 -
#84530000000
0!
0'
#84535000000
1!
1'
b10 -
#84540000000
0!
0'
#84545000000
1!
1'
b11 -
10
#84550000000
0!
0'
#84555000000
1!
1'
b0 -
00
#84560000000
0!
0'
#84565000000
1!
1'
b1 -
#84570000000
0!
0'
#84575000000
1!
1'
b10 -
#84580000000
0!
0'
#84585000000
1!
1'
b11 -
10
#84590000000
0!
0'
#84595000000
1!
1'
b0 -
00
#84600000000
0!
0'
#84605000000
1!
1'
b1 -
#84610000000
0!
0'
#84615000000
1!
1'
b10 -
#84620000000
0!
0'
#84625000000
1!
1'
b11 -
10
#84630000000
0!
0'
#84635000000
1!
1'
b0 -
00
#84640000000
0!
0'
#84645000000
1!
1'
b1 -
#84650000000
0!
0'
#84655000000
1!
1'
b10 -
#84660000000
0!
0'
#84665000000
1!
1'
b11 -
10
#84670000000
0!
0'
#84675000000
1!
1'
b0 -
00
#84680000000
0!
0'
#84685000000
1!
1'
b1 -
#84690000000
0!
0'
#84695000000
1!
1'
b10 -
#84700000000
0!
0'
#84705000000
1!
1'
b11 -
10
#84710000000
0!
0'
#84715000000
1!
1'
b0 -
00
#84720000000
0!
0'
#84725000000
1!
1'
b1 -
#84730000000
0!
0'
#84735000000
1!
1'
b10 -
#84740000000
0!
0'
#84745000000
1!
1'
b11 -
10
#84750000000
0!
0'
#84755000000
1!
1'
b0 -
00
#84760000000
0!
0'
#84765000000
1!
1'
b1 -
#84770000000
0!
0'
#84775000000
1!
1'
b10 -
#84780000000
0!
0'
#84785000000
1!
1'
b11 -
10
#84790000000
0!
0'
#84795000000
1!
1'
b0 -
00
#84800000000
0!
0'
#84805000000
1!
1'
b1 -
#84810000000
0!
0'
#84815000000
1!
1'
b10 -
#84820000000
0!
0'
#84825000000
1!
1'
b11 -
10
#84830000000
0!
0'
#84835000000
1!
1'
b0 -
00
#84840000000
0!
0'
#84845000000
1!
1'
b1 -
#84850000000
0!
0'
#84855000000
1!
1'
b10 -
#84860000000
0!
0'
#84865000000
1!
1'
b11 -
10
#84870000000
0!
0'
#84875000000
1!
1'
b0 -
00
#84880000000
0!
0'
#84885000000
1!
1'
b1 -
#84890000000
0!
0'
#84895000000
1!
1'
b10 -
#84900000000
0!
0'
#84905000000
1!
1'
b11 -
10
#84910000000
0!
0'
#84915000000
1!
1'
b0 -
00
#84920000000
0!
0'
#84925000000
1!
1'
b1 -
#84930000000
0!
0'
#84935000000
1!
1'
b10 -
#84940000000
0!
0'
#84945000000
1!
1'
b11 -
10
#84950000000
0!
0'
#84955000000
1!
1'
b0 -
00
#84960000000
0!
0'
#84965000000
1!
1'
b1 -
#84970000000
0!
0'
#84975000000
1!
1'
b10 -
#84980000000
0!
0'
#84985000000
1!
1'
b11 -
10
#84990000000
0!
0'
#84995000000
1!
1'
b0 -
00
#85000000000
0!
0'
#85005000000
1!
1'
b1 -
#85010000000
0!
0'
#85015000000
1!
1'
b10 -
#85020000000
0!
0'
#85025000000
1!
1'
b11 -
10
#85030000000
0!
0'
#85035000000
1!
1'
b0 -
00
#85040000000
0!
0'
#85045000000
1!
1'
b1 -
#85050000000
0!
0'
#85055000000
1!
1'
b10 -
#85060000000
0!
0'
#85065000000
1!
1'
b11 -
10
#85070000000
0!
0'
#85075000000
1!
1'
b0 -
00
#85080000000
0!
0'
#85085000000
1!
1'
b1 -
#85090000000
0!
0'
#85095000000
1!
1'
b10 -
#85100000000
0!
0'
#85105000000
1!
1'
b11 -
10
#85110000000
0!
0'
#85115000000
1!
1'
b0 -
00
#85120000000
0!
0'
#85125000000
1!
1'
b1 -
#85130000000
0!
0'
#85135000000
1!
1'
b10 -
#85140000000
0!
0'
#85145000000
1!
1'
b11 -
10
#85150000000
0!
0'
#85155000000
1!
1'
b0 -
00
#85160000000
0!
0'
#85165000000
1!
1'
b1 -
#85170000000
0!
0'
#85175000000
1!
1'
b10 -
#85180000000
0!
0'
#85185000000
1!
1'
b11 -
10
#85190000000
0!
0'
#85195000000
1!
1'
b0 -
00
#85200000000
0!
0'
#85205000000
1!
1'
b1 -
#85210000000
0!
0'
#85215000000
1!
1'
b10 -
#85220000000
0!
0'
#85225000000
1!
1'
b11 -
10
#85230000000
0!
0'
#85235000000
1!
1'
b0 -
00
#85240000000
0!
0'
#85245000000
1!
1'
b1 -
#85250000000
0!
0'
#85255000000
1!
1'
b10 -
#85260000000
0!
0'
#85265000000
1!
1'
b11 -
10
#85270000000
0!
0'
#85275000000
1!
1'
b0 -
00
#85280000000
0!
0'
#85285000000
1!
1'
b1 -
#85290000000
0!
0'
#85295000000
1!
1'
b10 -
#85300000000
0!
0'
#85305000000
1!
1'
b11 -
10
#85310000000
0!
0'
#85315000000
1!
1'
b0 -
00
#85320000000
0!
0'
#85325000000
1!
1'
b1 -
#85330000000
0!
0'
#85335000000
1!
1'
b10 -
#85340000000
0!
0'
#85345000000
1!
1'
b11 -
10
#85350000000
0!
0'
#85355000000
1!
1'
b0 -
00
#85360000000
0!
0'
#85365000000
1!
1'
b1 -
#85370000000
0!
0'
#85375000000
1!
1'
b10 -
#85380000000
0!
0'
#85385000000
1!
1'
b11 -
10
#85390000000
0!
0'
#85395000000
1!
1'
b0 -
00
#85400000000
0!
0'
#85405000000
1!
1'
b1 -
#85410000000
0!
0'
#85415000000
1!
1'
b10 -
#85420000000
0!
0'
#85425000000
1!
1'
b11 -
10
#85430000000
0!
0'
#85435000000
1!
1'
b0 -
00
#85440000000
0!
0'
#85445000000
1!
1'
b1 -
#85450000000
0!
0'
#85455000000
1!
1'
b10 -
#85460000000
0!
0'
#85465000000
1!
1'
b11 -
10
#85470000000
0!
0'
#85475000000
1!
1'
b0 -
00
#85480000000
0!
0'
#85485000000
1!
1'
b1 -
#85490000000
0!
0'
#85495000000
1!
1'
b10 -
#85500000000
0!
0'
#85505000000
1!
1'
b11 -
10
#85510000000
0!
0'
#85515000000
1!
1'
b0 -
00
#85520000000
0!
0'
#85525000000
1!
1'
b1 -
#85530000000
0!
0'
#85535000000
1!
1'
b10 -
#85540000000
0!
0'
#85545000000
1!
1'
b11 -
10
#85550000000
0!
0'
#85555000000
1!
1'
b0 -
00
#85560000000
0!
0'
#85565000000
1!
1'
b1 -
#85570000000
0!
0'
#85575000000
1!
1'
b10 -
#85580000000
0!
0'
#85585000000
1!
1'
b11 -
10
#85590000000
0!
0'
#85595000000
1!
1'
b0 -
00
#85600000000
0!
0'
#85605000000
1!
1'
b1 -
#85610000000
0!
0'
#85615000000
1!
1'
b10 -
#85620000000
0!
0'
#85625000000
1!
1'
b11 -
10
#85630000000
0!
0'
#85635000000
1!
1'
b0 -
00
#85640000000
0!
0'
#85645000000
1!
1'
b1 -
#85650000000
0!
0'
#85655000000
1!
1'
b10 -
#85660000000
0!
0'
#85665000000
1!
1'
b11 -
10
#85670000000
0!
0'
#85675000000
1!
1'
b0 -
00
#85680000000
0!
0'
#85685000000
1!
1'
b1 -
#85690000000
0!
0'
#85695000000
1!
1'
b10 -
#85700000000
0!
0'
#85705000000
1!
1'
b11 -
10
#85710000000
0!
0'
#85715000000
1!
1'
b0 -
00
#85720000000
0!
0'
#85725000000
1!
1'
b1 -
#85730000000
0!
0'
#85735000000
1!
1'
b10 -
#85740000000
0!
0'
#85745000000
1!
1'
b11 -
10
#85750000000
0!
0'
#85755000000
1!
1'
b0 -
00
#85760000000
0!
0'
#85765000000
1!
1'
b1 -
#85770000000
0!
0'
#85775000000
1!
1'
b10 -
#85780000000
0!
0'
#85785000000
1!
1'
b11 -
10
#85790000000
0!
0'
#85795000000
1!
1'
b0 -
00
#85800000000
0!
0'
#85805000000
1!
1'
b1 -
#85810000000
0!
0'
#85815000000
1!
1'
b10 -
#85820000000
0!
0'
#85825000000
1!
1'
b11 -
10
#85830000000
0!
0'
#85835000000
1!
1'
b0 -
00
#85840000000
0!
0'
#85845000000
1!
1'
b1 -
#85850000000
0!
0'
#85855000000
1!
1'
b10 -
#85860000000
0!
0'
#85865000000
1!
1'
b11 -
10
#85870000000
0!
0'
#85875000000
1!
1'
b0 -
00
#85880000000
0!
0'
#85885000000
1!
1'
b1 -
#85890000000
0!
0'
#85895000000
1!
1'
b10 -
#85900000000
0!
0'
#85905000000
1!
1'
b11 -
10
#85910000000
0!
0'
#85915000000
1!
1'
b0 -
00
#85920000000
0!
0'
#85925000000
1!
1'
b1 -
#85930000000
0!
0'
#85935000000
1!
1'
b10 -
#85940000000
0!
0'
#85945000000
1!
1'
b11 -
10
#85950000000
0!
0'
#85955000000
1!
1'
b0 -
00
#85960000000
0!
0'
#85965000000
1!
1'
b1 -
#85970000000
0!
0'
#85975000000
1!
1'
b10 -
#85980000000
0!
0'
#85985000000
1!
1'
b11 -
10
#85990000000
0!
0'
#85995000000
1!
1'
b0 -
00
#86000000000
0!
0'
#86005000000
1!
1'
b1 -
#86010000000
0!
0'
#86015000000
1!
1'
b10 -
#86020000000
0!
0'
#86025000000
1!
1'
b11 -
10
#86030000000
0!
0'
#86035000000
1!
1'
b0 -
00
#86040000000
0!
0'
#86045000000
1!
1'
b1 -
#86050000000
0!
0'
#86055000000
1!
1'
b10 -
#86060000000
0!
0'
#86065000000
1!
1'
b11 -
10
#86070000000
0!
0'
#86075000000
1!
1'
b0 -
00
#86080000000
0!
0'
#86085000000
1!
1'
b1 -
#86090000000
0!
0'
#86095000000
1!
1'
b10 -
#86100000000
0!
0'
#86105000000
1!
1'
b11 -
10
#86110000000
0!
0'
#86115000000
1!
1'
b0 -
00
#86120000000
0!
0'
#86125000000
1!
1'
b1 -
#86130000000
0!
0'
#86135000000
1!
1'
b10 -
#86140000000
0!
0'
#86145000000
1!
1'
b11 -
10
#86150000000
0!
0'
#86155000000
1!
1'
b0 -
00
#86160000000
0!
0'
#86165000000
1!
1'
b1 -
#86170000000
0!
0'
#86175000000
1!
1'
b10 -
#86180000000
0!
0'
#86185000000
1!
1'
b11 -
10
#86190000000
0!
0'
#86195000000
1!
1'
b0 -
00
#86200000000
0!
0'
#86205000000
1!
1'
b1 -
#86210000000
0!
0'
#86215000000
1!
1'
b10 -
#86220000000
0!
0'
#86225000000
1!
1'
b11 -
10
#86230000000
0!
0'
#86235000000
1!
1'
b0 -
00
#86240000000
0!
0'
#86245000000
1!
1'
b1 -
#86250000000
0!
0'
#86255000000
1!
1'
b10 -
#86260000000
0!
0'
#86265000000
1!
1'
b11 -
10
#86270000000
0!
0'
#86275000000
1!
1'
b0 -
00
#86280000000
0!
0'
#86285000000
1!
1'
b1 -
#86290000000
0!
0'
#86295000000
1!
1'
b10 -
#86300000000
0!
0'
#86305000000
1!
1'
b11 -
10
#86310000000
0!
0'
#86315000000
1!
1'
b0 -
00
#86320000000
0!
0'
#86325000000
1!
1'
b1 -
#86330000000
0!
0'
#86335000000
1!
1'
b10 -
#86340000000
0!
0'
#86345000000
1!
1'
b11 -
10
#86350000000
0!
0'
#86355000000
1!
1'
b0 -
00
#86360000000
0!
0'
#86365000000
1!
1'
b1 -
#86370000000
0!
0'
#86375000000
1!
1'
b10 -
#86380000000
0!
0'
#86385000000
1!
1'
b11 -
10
#86390000000
0!
0'
#86395000000
1!
1'
b0 -
00
#86400000000
0!
0'
#86405000000
1!
1'
b1 -
#86410000000
0!
0'
#86415000000
1!
1'
b10 -
#86420000000
0!
0'
#86425000000
1!
1'
b11 -
10
#86430000000
0!
0'
#86435000000
1!
1'
b0 -
00
#86440000000
0!
0'
#86445000000
1!
1'
b1 -
#86450000000
0!
0'
#86455000000
1!
1'
b10 -
#86460000000
0!
0'
#86465000000
1!
1'
b11 -
10
#86470000000
0!
0'
#86475000000
1!
1'
b0 -
00
#86480000000
0!
0'
#86485000000
1!
1'
b1 -
#86490000000
0!
0'
#86495000000
1!
1'
b10 -
#86500000000
0!
0'
#86505000000
1!
1'
b11 -
10
#86510000000
0!
0'
#86515000000
1!
1'
b0 -
00
#86520000000
0!
0'
#86525000000
1!
1'
b1 -
#86530000000
0!
0'
#86535000000
1!
1'
b10 -
#86540000000
0!
0'
#86545000000
1!
1'
b11 -
10
#86550000000
0!
0'
#86555000000
1!
1'
b0 -
00
#86560000000
0!
0'
#86565000000
1!
1'
b1 -
#86570000000
0!
0'
#86575000000
1!
1'
b10 -
#86580000000
0!
0'
#86585000000
1!
1'
b11 -
10
#86590000000
0!
0'
#86595000000
1!
1'
b0 -
00
#86600000000
0!
0'
#86605000000
1!
1'
b1 -
#86610000000
0!
0'
#86615000000
1!
1'
b10 -
#86620000000
0!
0'
#86625000000
1!
1'
b11 -
10
#86630000000
0!
0'
#86635000000
1!
1'
b0 -
00
#86640000000
0!
0'
#86645000000
1!
1'
b1 -
#86650000000
0!
0'
#86655000000
1!
1'
b10 -
#86660000000
0!
0'
#86665000000
1!
1'
b11 -
10
#86670000000
0!
0'
#86675000000
1!
1'
b0 -
00
#86680000000
0!
0'
#86685000000
1!
1'
b1 -
#86690000000
0!
0'
#86695000000
1!
1'
b10 -
#86700000000
0!
0'
#86705000000
1!
1'
b11 -
10
#86710000000
0!
0'
#86715000000
1!
1'
b0 -
00
#86720000000
0!
0'
#86725000000
1!
1'
b1 -
#86730000000
0!
0'
#86735000000
1!
1'
b10 -
#86740000000
0!
0'
#86745000000
1!
1'
b11 -
10
#86750000000
0!
0'
#86755000000
1!
1'
b0 -
00
#86760000000
0!
0'
#86765000000
1!
1'
b1 -
#86770000000
0!
0'
#86775000000
1!
1'
b10 -
#86780000000
0!
0'
#86785000000
1!
1'
b11 -
10
#86790000000
0!
0'
#86795000000
1!
1'
b0 -
00
#86800000000
0!
0'
#86805000000
1!
1'
b1 -
#86810000000
0!
0'
#86815000000
1!
1'
b10 -
#86820000000
0!
0'
#86825000000
1!
1'
b11 -
10
#86830000000
0!
0'
#86835000000
1!
1'
b0 -
00
#86840000000
0!
0'
#86845000000
1!
1'
b1 -
#86850000000
0!
0'
#86855000000
1!
1'
b10 -
#86860000000
0!
0'
#86865000000
1!
1'
b11 -
10
#86870000000
0!
0'
#86875000000
1!
1'
b0 -
00
#86880000000
0!
0'
#86885000000
1!
1'
b1 -
#86890000000
0!
0'
#86895000000
1!
1'
b10 -
#86900000000
0!
0'
#86905000000
1!
1'
b11 -
10
#86910000000
0!
0'
#86915000000
1!
1'
b0 -
00
#86920000000
0!
0'
#86925000000
1!
1'
b1 -
#86930000000
0!
0'
#86935000000
1!
1'
b10 -
#86940000000
0!
0'
#86945000000
1!
1'
b11 -
10
#86950000000
0!
0'
#86955000000
1!
1'
b0 -
00
#86960000000
0!
0'
#86965000000
1!
1'
b1 -
#86970000000
0!
0'
#86975000000
1!
1'
b10 -
#86980000000
0!
0'
#86985000000
1!
1'
b11 -
10
#86990000000
0!
0'
#86995000000
1!
1'
b0 -
00
#87000000000
0!
0'
#87005000000
1!
1'
b1 -
#87010000000
0!
0'
#87015000000
1!
1'
b10 -
#87020000000
0!
0'
#87025000000
1!
1'
b11 -
10
#87030000000
0!
0'
#87035000000
1!
1'
b0 -
00
#87040000000
0!
0'
#87045000000
1!
1'
b1 -
#87050000000
0!
0'
#87055000000
1!
1'
b10 -
#87060000000
0!
0'
#87065000000
1!
1'
b11 -
10
#87070000000
0!
0'
#87075000000
1!
1'
b0 -
00
#87080000000
0!
0'
#87085000000
1!
1'
b1 -
#87090000000
0!
0'
#87095000000
1!
1'
b10 -
#87100000000
0!
0'
#87105000000
1!
1'
b11 -
10
#87110000000
0!
0'
#87115000000
1!
1'
b0 -
00
#87120000000
0!
0'
#87125000000
1!
1'
b1 -
#87130000000
0!
0'
#87135000000
1!
1'
b10 -
#87140000000
0!
0'
#87145000000
1!
1'
b11 -
10
#87150000000
0!
0'
#87155000000
1!
1'
b0 -
00
#87160000000
0!
0'
#87165000000
1!
1'
b1 -
#87170000000
0!
0'
#87175000000
1!
1'
b10 -
#87180000000
0!
0'
#87185000000
1!
1'
b11 -
10
#87190000000
0!
0'
#87195000000
1!
1'
b0 -
00
#87200000000
0!
0'
#87205000000
1!
1'
b1 -
#87210000000
0!
0'
#87215000000
1!
1'
b10 -
#87220000000
0!
0'
#87225000000
1!
1'
b11 -
10
#87230000000
0!
0'
#87235000000
1!
1'
b0 -
00
#87240000000
0!
0'
#87245000000
1!
1'
b1 -
#87250000000
0!
0'
#87255000000
1!
1'
b10 -
#87260000000
0!
0'
#87265000000
1!
1'
b11 -
10
#87270000000
0!
0'
#87275000000
1!
1'
b0 -
00
#87280000000
0!
0'
#87285000000
1!
1'
b1 -
#87290000000
0!
0'
#87295000000
1!
1'
b10 -
#87300000000
0!
0'
#87305000000
1!
1'
b11 -
10
#87310000000
0!
0'
#87315000000
1!
1'
b0 -
00
#87320000000
0!
0'
#87325000000
1!
1'
b1 -
#87330000000
0!
0'
#87335000000
1!
1'
b10 -
#87340000000
0!
0'
#87345000000
1!
1'
b11 -
10
#87350000000
0!
0'
#87355000000
1!
1'
b0 -
00
#87360000000
0!
0'
#87365000000
1!
1'
b1 -
#87370000000
0!
0'
#87375000000
1!
1'
b10 -
#87380000000
0!
0'
#87385000000
1!
1'
b11 -
10
#87390000000
0!
0'
#87395000000
1!
1'
b0 -
00
#87400000000
0!
0'
#87405000000
1!
1'
b1 -
#87410000000
0!
0'
#87415000000
1!
1'
b10 -
#87420000000
0!
0'
#87425000000
1!
1'
b11 -
10
#87430000000
0!
0'
#87435000000
1!
1'
b0 -
00
#87440000000
0!
0'
#87445000000
1!
1'
b1 -
#87450000000
0!
0'
#87455000000
1!
1'
b10 -
#87460000000
0!
0'
#87465000000
1!
1'
b11 -
10
#87470000000
0!
0'
#87475000000
1!
1'
b0 -
00
#87480000000
0!
0'
#87485000000
1!
1'
b1 -
#87490000000
0!
0'
#87495000000
1!
1'
b10 -
#87500000000
0!
0'
#87505000000
1!
1'
b11 -
10
#87510000000
0!
0'
#87515000000
1!
1'
b0 -
00
#87520000000
0!
0'
#87525000000
1!
1'
b1 -
#87530000000
0!
0'
#87535000000
1!
1'
b10 -
#87540000000
0!
0'
#87545000000
1!
1'
b11 -
10
#87550000000
0!
0'
#87555000000
1!
1'
b0 -
00
#87560000000
0!
0'
#87565000000
1!
1'
b1 -
#87570000000
0!
0'
#87575000000
1!
1'
b10 -
#87580000000
0!
0'
#87585000000
1!
1'
b11 -
10
#87590000000
0!
0'
#87595000000
1!
1'
b0 -
00
#87600000000
0!
0'
#87605000000
1!
1'
b1 -
#87610000000
0!
0'
#87615000000
1!
1'
b10 -
#87620000000
0!
0'
#87625000000
1!
1'
b11 -
10
#87630000000
0!
0'
#87635000000
1!
1'
b0 -
00
#87640000000
0!
0'
#87645000000
1!
1'
b1 -
#87650000000
0!
0'
#87655000000
1!
1'
b10 -
#87660000000
0!
0'
#87665000000
1!
1'
b11 -
10
#87670000000
0!
0'
#87675000000
1!
1'
b0 -
00
#87680000000
0!
0'
#87685000000
1!
1'
b1 -
#87690000000
0!
0'
#87695000000
1!
1'
b10 -
#87700000000
0!
0'
#87705000000
1!
1'
b11 -
10
#87710000000
0!
0'
#87715000000
1!
1'
b0 -
00
#87720000000
0!
0'
#87725000000
1!
1'
b1 -
#87730000000
0!
0'
#87735000000
1!
1'
b10 -
#87740000000
0!
0'
#87745000000
1!
1'
b11 -
10
#87750000000
0!
0'
#87755000000
1!
1'
b0 -
00
#87760000000
0!
0'
#87765000000
1!
1'
b1 -
#87770000000
0!
0'
#87775000000
1!
1'
b10 -
#87780000000
0!
0'
#87785000000
1!
1'
b11 -
10
#87790000000
0!
0'
#87795000000
1!
1'
b0 -
00
#87800000000
0!
0'
#87805000000
1!
1'
b1 -
#87810000000
0!
0'
#87815000000
1!
1'
b10 -
#87820000000
0!
0'
#87825000000
1!
1'
b11 -
10
#87830000000
0!
0'
#87835000000
1!
1'
b0 -
00
#87840000000
0!
0'
#87845000000
1!
1'
b1 -
#87850000000
0!
0'
#87855000000
1!
1'
b10 -
#87860000000
0!
0'
#87865000000
1!
1'
b11 -
10
#87870000000
0!
0'
#87875000000
1!
1'
b0 -
00
#87880000000
0!
0'
#87885000000
1!
1'
b1 -
#87890000000
0!
0'
#87895000000
1!
1'
b10 -
#87900000000
0!
0'
#87905000000
1!
1'
b11 -
10
#87910000000
0!
0'
#87915000000
1!
1'
b0 -
00
#87920000000
0!
0'
#87925000000
1!
1'
b1 -
#87930000000
0!
0'
#87935000000
1!
1'
b10 -
#87940000000
0!
0'
#87945000000
1!
1'
b11 -
10
#87950000000
0!
0'
#87955000000
1!
1'
b0 -
00
#87960000000
0!
0'
#87965000000
1!
1'
b1 -
#87970000000
0!
0'
#87975000000
1!
1'
b10 -
#87980000000
0!
0'
#87985000000
1!
1'
b11 -
10
#87990000000
0!
0'
#87995000000
1!
1'
b0 -
00
#88000000000
0!
0'
#88005000000
1!
1'
b1 -
#88010000000
0!
0'
#88015000000
1!
1'
b10 -
#88020000000
0!
0'
#88025000000
1!
1'
b11 -
10
#88030000000
0!
0'
#88035000000
1!
1'
b0 -
00
#88040000000
0!
0'
#88045000000
1!
1'
b1 -
#88050000000
0!
0'
#88055000000
1!
1'
b10 -
#88060000000
0!
0'
#88065000000
1!
1'
b11 -
10
#88070000000
0!
0'
#88075000000
1!
1'
b0 -
00
#88080000000
0!
0'
#88085000000
1!
1'
b1 -
#88090000000
0!
0'
#88095000000
1!
1'
b10 -
#88100000000
0!
0'
#88105000000
1!
1'
b11 -
10
#88110000000
0!
0'
#88115000000
1!
1'
b0 -
00
#88120000000
0!
0'
#88125000000
1!
1'
b1 -
#88130000000
0!
0'
#88135000000
1!
1'
b10 -
#88140000000
0!
0'
#88145000000
1!
1'
b11 -
10
#88150000000
0!
0'
#88155000000
1!
1'
b0 -
00
#88160000000
0!
0'
#88165000000
1!
1'
b1 -
#88170000000
0!
0'
#88175000000
1!
1'
b10 -
#88180000000
0!
0'
#88185000000
1!
1'
b11 -
10
#88190000000
0!
0'
#88195000000
1!
1'
b0 -
00
#88200000000
0!
0'
#88205000000
1!
1'
b1 -
#88210000000
0!
0'
#88215000000
1!
1'
b10 -
#88220000000
0!
0'
#88225000000
1!
1'
b11 -
10
#88230000000
0!
0'
#88235000000
1!
1'
b0 -
00
#88240000000
0!
0'
#88245000000
1!
1'
b1 -
#88250000000
0!
0'
#88255000000
1!
1'
b10 -
#88260000000
0!
0'
#88265000000
1!
1'
b11 -
10
#88270000000
0!
0'
#88275000000
1!
1'
b0 -
00
#88280000000
0!
0'
#88285000000
1!
1'
b1 -
#88290000000
0!
0'
#88295000000
1!
1'
b10 -
#88300000000
0!
0'
#88305000000
1!
1'
b11 -
10
#88310000000
0!
0'
#88315000000
1!
1'
b0 -
00
#88320000000
0!
0'
#88325000000
1!
1'
b1 -
#88330000000
0!
0'
#88335000000
1!
1'
b10 -
#88340000000
0!
0'
#88345000000
1!
1'
b11 -
10
#88350000000
0!
0'
#88355000000
1!
1'
b0 -
00
#88360000000
0!
0'
#88365000000
1!
1'
b1 -
#88370000000
0!
0'
#88375000000
1!
1'
b10 -
#88380000000
0!
0'
#88385000000
1!
1'
b11 -
10
#88390000000
0!
0'
#88395000000
1!
1'
b0 -
00
#88400000000
0!
0'
#88405000000
1!
1'
b1 -
#88410000000
0!
0'
#88415000000
1!
1'
b10 -
#88420000000
0!
0'
#88425000000
1!
1'
b11 -
10
#88430000000
0!
0'
#88435000000
1!
1'
b0 -
00
#88440000000
0!
0'
#88445000000
1!
1'
b1 -
#88450000000
0!
0'
#88455000000
1!
1'
b10 -
#88460000000
0!
0'
#88465000000
1!
1'
b11 -
10
#88470000000
0!
0'
#88475000000
1!
1'
b0 -
00
#88480000000
0!
0'
#88485000000
1!
1'
b1 -
#88490000000
0!
0'
#88495000000
1!
1'
b10 -
#88500000000
0!
0'
#88505000000
1!
1'
b11 -
10
#88510000000
0!
0'
#88515000000
1!
1'
b0 -
00
#88520000000
0!
0'
#88525000000
1!
1'
b1 -
#88530000000
0!
0'
#88535000000
1!
1'
b10 -
#88540000000
0!
0'
#88545000000
1!
1'
b11 -
10
#88550000000
0!
0'
#88555000000
1!
1'
b0 -
00
#88560000000
0!
0'
#88565000000
1!
1'
b1 -
#88570000000
0!
0'
#88575000000
1!
1'
b10 -
#88580000000
0!
0'
#88585000000
1!
1'
b11 -
10
#88590000000
0!
0'
#88595000000
1!
1'
b0 -
00
#88600000000
0!
0'
#88605000000
1!
1'
b1 -
#88610000000
0!
0'
#88615000000
1!
1'
b10 -
#88620000000
0!
0'
#88625000000
1!
1'
b11 -
10
#88630000000
0!
0'
#88635000000
1!
1'
b0 -
00
#88640000000
0!
0'
#88645000000
1!
1'
b1 -
#88650000000
0!
0'
#88655000000
1!
1'
b10 -
#88660000000
0!
0'
#88665000000
1!
1'
b11 -
10
#88670000000
0!
0'
#88675000000
1!
1'
b0 -
00
#88680000000
0!
0'
#88685000000
1!
1'
b1 -
#88690000000
0!
0'
#88695000000
1!
1'
b10 -
#88700000000
0!
0'
#88705000000
1!
1'
b11 -
10
#88710000000
0!
0'
#88715000000
1!
1'
b0 -
00
#88720000000
0!
0'
#88725000000
1!
1'
b1 -
#88730000000
0!
0'
#88735000000
1!
1'
b10 -
#88740000000
0!
0'
#88745000000
1!
1'
b11 -
10
#88750000000
0!
0'
#88755000000
1!
1'
b0 -
00
#88760000000
0!
0'
#88765000000
1!
1'
b1 -
#88770000000
0!
0'
#88775000000
1!
1'
b10 -
#88780000000
0!
0'
#88785000000
1!
1'
b11 -
10
#88790000000
0!
0'
#88795000000
1!
1'
b0 -
00
#88800000000
0!
0'
#88805000000
1!
1'
b1 -
#88810000000
0!
0'
#88815000000
1!
1'
b10 -
#88820000000
0!
0'
#88825000000
1!
1'
b11 -
10
#88830000000
0!
0'
#88835000000
1!
1'
b0 -
00
#88840000000
0!
0'
#88845000000
1!
1'
b1 -
#88850000000
0!
0'
#88855000000
1!
1'
b10 -
#88860000000
0!
0'
#88865000000
1!
1'
b11 -
10
#88870000000
0!
0'
#88875000000
1!
1'
b0 -
00
#88880000000
0!
0'
#88885000000
1!
1'
b1 -
#88890000000
0!
0'
#88895000000
1!
1'
b10 -
#88900000000
0!
0'
#88905000000
1!
1'
b11 -
10
#88910000000
0!
0'
#88915000000
1!
1'
b0 -
00
#88920000000
0!
0'
#88925000000
1!
1'
b1 -
#88930000000
0!
0'
#88935000000
1!
1'
b10 -
#88940000000
0!
0'
#88945000000
1!
1'
b11 -
10
#88950000000
0!
0'
#88955000000
1!
1'
b0 -
00
#88960000000
0!
0'
#88965000000
1!
1'
b1 -
#88970000000
0!
0'
#88975000000
1!
1'
b10 -
#88980000000
0!
0'
#88985000000
1!
1'
b11 -
10
#88990000000
0!
0'
#88995000000
1!
1'
b0 -
00
#89000000000
0!
0'
#89005000000
1!
1'
b1 -
#89010000000
0!
0'
#89015000000
1!
1'
b10 -
#89020000000
0!
0'
#89025000000
1!
1'
b11 -
10
#89030000000
0!
0'
#89035000000
1!
1'
b0 -
00
#89040000000
0!
0'
#89045000000
1!
1'
b1 -
#89050000000
0!
0'
#89055000000
1!
1'
b10 -
#89060000000
0!
0'
#89065000000
1!
1'
b11 -
10
#89070000000
0!
0'
#89075000000
1!
1'
b0 -
00
#89080000000
0!
0'
#89085000000
1!
1'
b1 -
#89090000000
0!
0'
#89095000000
1!
1'
b10 -
#89100000000
0!
0'
#89105000000
1!
1'
b11 -
10
#89110000000
0!
0'
#89115000000
1!
1'
b0 -
00
#89120000000
0!
0'
#89125000000
1!
1'
b1 -
#89130000000
0!
0'
#89135000000
1!
1'
b10 -
#89140000000
0!
0'
#89145000000
1!
1'
b11 -
10
#89150000000
0!
0'
#89155000000
1!
1'
b0 -
00
#89160000000
0!
0'
#89165000000
1!
1'
b1 -
#89170000000
0!
0'
#89175000000
1!
1'
b10 -
#89180000000
0!
0'
#89185000000
1!
1'
b11 -
10
#89190000000
0!
0'
#89195000000
1!
1'
b0 -
00
#89200000000
0!
0'
#89205000000
1!
1'
b1 -
#89210000000
0!
0'
#89215000000
1!
1'
b10 -
#89220000000
0!
0'
#89225000000
1!
1'
b11 -
10
#89230000000
0!
0'
#89235000000
1!
1'
b0 -
00
#89240000000
0!
0'
#89245000000
1!
1'
b1 -
#89250000000
0!
0'
#89255000000
1!
1'
b10 -
#89260000000
0!
0'
#89265000000
1!
1'
b11 -
10
#89270000000
0!
0'
#89275000000
1!
1'
b0 -
00
#89280000000
0!
0'
#89285000000
1!
1'
b1 -
#89290000000
0!
0'
#89295000000
1!
1'
b10 -
#89300000000
0!
0'
#89305000000
1!
1'
b11 -
10
#89310000000
0!
0'
#89315000000
1!
1'
b0 -
00
#89320000000
0!
0'
#89325000000
1!
1'
b1 -
#89330000000
0!
0'
#89335000000
1!
1'
b10 -
#89340000000
0!
0'
#89345000000
1!
1'
b11 -
10
#89350000000
0!
0'
#89355000000
1!
1'
b0 -
00
#89360000000
0!
0'
#89365000000
1!
1'
b1 -
#89370000000
0!
0'
#89375000000
1!
1'
b10 -
#89380000000
0!
0'
#89385000000
1!
1'
b11 -
10
#89390000000
0!
0'
#89395000000
1!
1'
b0 -
00
#89400000000
0!
0'
#89405000000
1!
1'
b1 -
#89410000000
0!
0'
#89415000000
1!
1'
b10 -
#89420000000
0!
0'
#89425000000
1!
1'
b11 -
10
#89430000000
0!
0'
#89435000000
1!
1'
b0 -
00
#89440000000
0!
0'
#89445000000
1!
1'
b1 -
#89450000000
0!
0'
#89455000000
1!
1'
b10 -
#89460000000
0!
0'
#89465000000
1!
1'
b11 -
10
#89470000000
0!
0'
#89475000000
1!
1'
b0 -
00
#89480000000
0!
0'
#89485000000
1!
1'
b1 -
#89490000000
0!
0'
#89495000000
1!
1'
b10 -
#89500000000
0!
0'
#89505000000
1!
1'
b11 -
10
#89510000000
0!
0'
#89515000000
1!
1'
b0 -
00
#89520000000
0!
0'
#89525000000
1!
1'
b1 -
#89530000000
0!
0'
#89535000000
1!
1'
b10 -
#89540000000
0!
0'
#89545000000
1!
1'
b11 -
10
#89550000000
0!
0'
#89555000000
1!
1'
b0 -
00
#89560000000
0!
0'
#89565000000
1!
1'
b1 -
#89570000000
0!
0'
#89575000000
1!
1'
b10 -
#89580000000
0!
0'
#89585000000
1!
1'
b11 -
10
#89590000000
0!
0'
#89595000000
1!
1'
b0 -
00
#89600000000
0!
0'
#89605000000
1!
1'
b1 -
#89610000000
0!
0'
#89615000000
1!
1'
b10 -
#89620000000
0!
0'
#89625000000
1!
1'
b11 -
10
#89630000000
0!
0'
#89635000000
1!
1'
b0 -
00
#89640000000
0!
0'
#89645000000
1!
1'
b1 -
#89650000000
0!
0'
#89655000000
1!
1'
b10 -
#89660000000
0!
0'
#89665000000
1!
1'
b11 -
10
#89670000000
0!
0'
#89675000000
1!
1'
b0 -
00
#89680000000
0!
0'
#89685000000
1!
1'
b1 -
#89690000000
0!
0'
#89695000000
1!
1'
b10 -
#89700000000
0!
0'
#89705000000
1!
1'
b11 -
10
#89710000000
0!
0'
#89715000000
1!
1'
b0 -
00
#89720000000
0!
0'
#89725000000
1!
1'
b1 -
#89730000000
0!
0'
#89735000000
1!
1'
b10 -
#89740000000
0!
0'
#89745000000
1!
1'
b11 -
10
#89750000000
0!
0'
#89755000000
1!
1'
b0 -
00
#89760000000
0!
0'
#89765000000
1!
1'
b1 -
#89770000000
0!
0'
#89775000000
1!
1'
b10 -
#89780000000
0!
0'
#89785000000
1!
1'
b11 -
10
#89790000000
0!
0'
#89795000000
1!
1'
b0 -
00
#89800000000
0!
0'
#89805000000
1!
1'
b1 -
#89810000000
0!
0'
#89815000000
1!
1'
b10 -
#89820000000
0!
0'
#89825000000
1!
1'
b11 -
10
#89830000000
0!
0'
#89835000000
1!
1'
b0 -
00
#89840000000
0!
0'
#89845000000
1!
1'
b1 -
#89850000000
0!
0'
#89855000000
1!
1'
b10 -
#89860000000
0!
0'
#89865000000
1!
1'
b11 -
10
#89870000000
0!
0'
#89875000000
1!
1'
b0 -
00
#89880000000
0!
0'
#89885000000
1!
1'
b1 -
#89890000000
0!
0'
#89895000000
1!
1'
b10 -
#89900000000
0!
0'
#89905000000
1!
1'
b11 -
10
#89910000000
0!
0'
#89915000000
1!
1'
b0 -
00
#89920000000
0!
0'
#89925000000
1!
1'
b1 -
#89930000000
0!
0'
#89935000000
1!
1'
b10 -
#89940000000
0!
0'
#89945000000
1!
1'
b11 -
10
#89950000000
0!
0'
#89955000000
1!
1'
b0 -
00
#89960000000
0!
0'
#89965000000
1!
1'
b1 -
#89970000000
0!
0'
#89975000000
1!
1'
b10 -
#89980000000
0!
0'
#89985000000
1!
1'
b11 -
10
#89990000000
0!
0'
#89995000000
1!
1'
b0 -
00
#90000000000
0!
0'
#90005000000
1!
1'
b1 -
#90010000000
0!
0'
#90015000000
1!
1'
b10 -
#90020000000
0!
0'
#90025000000
1!
1'
b11 -
10
#90030000000
0!
0'
#90035000000
1!
1'
b0 -
00
#90040000000
0!
0'
#90045000000
1!
1'
b1 -
#90050000000
0!
0'
#90055000000
1!
1'
b10 -
#90060000000
0!
0'
#90065000000
1!
1'
b11 -
10
#90070000000
0!
0'
#90075000000
1!
1'
b0 -
00
#90080000000
0!
0'
#90085000000
1!
1'
b1 -
#90090000000
0!
0'
#90095000000
1!
1'
b10 -
#90100000000
0!
0'
#90105000000
1!
1'
b11 -
10
#90110000000
0!
0'
#90115000000
1!
1'
b0 -
00
#90120000000
0!
0'
#90125000000
1!
1'
b1 -
#90130000000
0!
0'
#90135000000
1!
1'
b10 -
#90140000000
0!
0'
#90145000000
1!
1'
b11 -
10
#90150000000
0!
0'
#90155000000
1!
1'
b0 -
00
#90160000000
0!
0'
#90165000000
1!
1'
b1 -
#90170000000
0!
0'
#90175000000
1!
1'
b10 -
#90180000000
0!
0'
#90185000000
1!
1'
b11 -
10
#90190000000
0!
0'
#90195000000
1!
1'
b0 -
00
#90200000000
0!
0'
#90205000000
1!
1'
b1 -
#90210000000
0!
0'
#90215000000
1!
1'
b10 -
#90220000000
0!
0'
#90225000000
1!
1'
b11 -
10
#90230000000
0!
0'
#90235000000
1!
1'
b0 -
00
#90240000000
0!
0'
#90245000000
1!
1'
b1 -
#90250000000
0!
0'
#90255000000
1!
1'
b10 -
#90260000000
0!
0'
#90265000000
1!
1'
b11 -
10
#90270000000
0!
0'
#90275000000
1!
1'
b0 -
00
#90280000000
0!
0'
#90285000000
1!
1'
b1 -
#90290000000
0!
0'
#90295000000
1!
1'
b10 -
#90300000000
0!
0'
#90305000000
1!
1'
b11 -
10
#90310000000
0!
0'
#90315000000
1!
1'
b0 -
00
#90320000000
0!
0'
#90325000000
1!
1'
b1 -
#90330000000
0!
0'
#90335000000
1!
1'
b10 -
#90340000000
0!
0'
#90345000000
1!
1'
b11 -
10
#90350000000
0!
0'
#90355000000
1!
1'
b0 -
00
#90360000000
0!
0'
#90365000000
1!
1'
b1 -
#90370000000
0!
0'
#90375000000
1!
1'
b10 -
#90380000000
0!
0'
#90385000000
1!
1'
b11 -
10
#90390000000
0!
0'
#90395000000
1!
1'
b0 -
00
#90400000000
0!
0'
#90405000000
1!
1'
b1 -
#90410000000
0!
0'
#90415000000
1!
1'
b10 -
#90420000000
0!
0'
#90425000000
1!
1'
b11 -
10
#90430000000
0!
0'
#90435000000
1!
1'
b0 -
00
#90440000000
0!
0'
#90445000000
1!
1'
b1 -
#90450000000
0!
0'
#90455000000
1!
1'
b10 -
#90460000000
0!
0'
#90465000000
1!
1'
b11 -
10
#90470000000
0!
0'
#90475000000
1!
1'
b0 -
00
#90480000000
0!
0'
#90485000000
1!
1'
b1 -
#90490000000
0!
0'
#90495000000
1!
1'
b10 -
#90500000000
0!
0'
#90505000000
1!
1'
b11 -
10
#90510000000
0!
0'
#90515000000
1!
1'
b0 -
00
#90520000000
0!
0'
#90525000000
1!
1'
b1 -
#90530000000
0!
0'
#90535000000
1!
1'
b10 -
#90540000000
0!
0'
#90545000000
1!
1'
b11 -
10
#90550000000
0!
0'
#90555000000
1!
1'
b0 -
00
#90560000000
0!
0'
#90565000000
1!
1'
b1 -
#90570000000
0!
0'
#90575000000
1!
1'
b10 -
#90580000000
0!
0'
#90585000000
1!
1'
b11 -
10
#90590000000
0!
0'
#90595000000
1!
1'
b0 -
00
#90600000000
0!
0'
#90605000000
1!
1'
b1 -
#90610000000
0!
0'
#90615000000
1!
1'
b10 -
#90620000000
0!
0'
#90625000000
1!
1'
b11 -
10
#90630000000
0!
0'
#90635000000
1!
1'
b0 -
00
#90640000000
0!
0'
#90645000000
1!
1'
b1 -
#90650000000
0!
0'
#90655000000
1!
1'
b10 -
#90660000000
0!
0'
#90665000000
1!
1'
b11 -
10
#90670000000
0!
0'
#90675000000
1!
1'
b0 -
00
#90680000000
0!
0'
#90685000000
1!
1'
b1 -
#90690000000
0!
0'
#90695000000
1!
1'
b10 -
#90700000000
0!
0'
#90705000000
1!
1'
b11 -
10
#90710000000
0!
0'
#90715000000
1!
1'
b0 -
00
#90720000000
0!
0'
#90725000000
1!
1'
b1 -
#90730000000
0!
0'
#90735000000
1!
1'
b10 -
#90740000000
0!
0'
#90745000000
1!
1'
b11 -
10
#90750000000
0!
0'
#90755000000
1!
1'
b0 -
00
#90760000000
0!
0'
#90765000000
1!
1'
b1 -
#90770000000
0!
0'
#90775000000
1!
1'
b10 -
#90780000000
0!
0'
#90785000000
1!
1'
b11 -
10
#90790000000
0!
0'
#90795000000
1!
1'
b0 -
00
#90800000000
0!
0'
#90805000000
1!
1'
b1 -
#90810000000
0!
0'
#90815000000
1!
1'
b10 -
#90820000000
0!
0'
#90825000000
1!
1'
b11 -
10
#90830000000
0!
0'
#90835000000
1!
1'
b0 -
00
#90840000000
0!
0'
#90845000000
1!
1'
b1 -
#90850000000
0!
0'
#90855000000
1!
1'
b10 -
#90860000000
0!
0'
#90865000000
1!
1'
b11 -
10
#90870000000
0!
0'
#90875000000
1!
1'
b0 -
00
#90880000000
0!
0'
#90885000000
1!
1'
b1 -
#90890000000
0!
0'
#90895000000
1!
1'
b10 -
#90900000000
0!
0'
#90905000000
1!
1'
b11 -
10
#90910000000
0!
0'
#90915000000
1!
1'
b0 -
00
#90920000000
0!
0'
#90925000000
1!
1'
b1 -
#90930000000
0!
0'
#90935000000
1!
1'
b10 -
#90940000000
0!
0'
#90945000000
1!
1'
b11 -
10
#90950000000
0!
0'
#90955000000
1!
1'
b0 -
00
#90960000000
0!
0'
#90965000000
1!
1'
b1 -
#90970000000
0!
0'
#90975000000
1!
1'
b10 -
#90980000000
0!
0'
#90985000000
1!
1'
b11 -
10
#90990000000
0!
0'
#90995000000
1!
1'
b0 -
00
#91000000000
0!
0'
#91005000000
1!
1'
b1 -
#91010000000
0!
0'
#91015000000
1!
1'
b10 -
#91020000000
0!
0'
#91025000000
1!
1'
b11 -
10
#91030000000
0!
0'
#91035000000
1!
1'
b0 -
00
#91040000000
0!
0'
#91045000000
1!
1'
b1 -
#91050000000
0!
0'
#91055000000
1!
1'
b10 -
#91060000000
0!
0'
#91065000000
1!
1'
b11 -
10
#91070000000
0!
0'
#91075000000
1!
1'
b0 -
00
#91080000000
0!
0'
#91085000000
1!
1'
b1 -
#91090000000
0!
0'
#91095000000
1!
1'
b10 -
#91100000000
0!
0'
#91105000000
1!
1'
b11 -
10
#91110000000
0!
0'
#91115000000
1!
1'
b0 -
00
#91120000000
0!
0'
#91125000000
1!
1'
b1 -
#91130000000
0!
0'
#91135000000
1!
1'
b10 -
#91140000000
0!
0'
#91145000000
1!
1'
b11 -
10
#91150000000
0!
0'
#91155000000
1!
1'
b0 -
00
#91160000000
0!
0'
#91165000000
1!
1'
b1 -
#91170000000
0!
0'
#91175000000
1!
1'
b10 -
#91180000000
0!
0'
#91185000000
1!
1'
b11 -
10
#91190000000
0!
0'
#91195000000
1!
1'
b0 -
00
#91200000000
0!
0'
#91205000000
1!
1'
b1 -
#91210000000
0!
0'
#91215000000
1!
1'
b10 -
#91220000000
0!
0'
#91225000000
1!
1'
b11 -
10
#91230000000
0!
0'
#91235000000
1!
1'
b0 -
00
#91240000000
0!
0'
#91245000000
1!
1'
b1 -
#91250000000
0!
0'
#91255000000
1!
1'
b10 -
#91260000000
0!
0'
#91265000000
1!
1'
b11 -
10
#91270000000
0!
0'
#91275000000
1!
1'
b0 -
00
#91280000000
0!
0'
#91285000000
1!
1'
b1 -
#91290000000
0!
0'
#91295000000
1!
1'
b10 -
#91300000000
0!
0'
#91305000000
1!
1'
b11 -
10
#91310000000
0!
0'
#91315000000
1!
1'
b0 -
00
#91320000000
0!
0'
#91325000000
1!
1'
b1 -
#91330000000
0!
0'
#91335000000
1!
1'
b10 -
#91340000000
0!
0'
#91345000000
1!
1'
b11 -
10
#91350000000
0!
0'
#91355000000
1!
1'
b0 -
00
#91360000000
0!
0'
#91365000000
1!
1'
b1 -
#91370000000
0!
0'
#91375000000
1!
1'
b10 -
#91380000000
0!
0'
#91385000000
1!
1'
b11 -
10
#91390000000
0!
0'
#91395000000
1!
1'
b0 -
00
#91400000000
0!
0'
#91405000000
1!
1'
b1 -
#91410000000
0!
0'
#91415000000
1!
1'
b10 -
#91420000000
0!
0'
#91425000000
1!
1'
b11 -
10
#91430000000
0!
0'
#91435000000
1!
1'
b0 -
00
#91440000000
0!
0'
#91445000000
1!
1'
b1 -
#91450000000
0!
0'
#91455000000
1!
1'
b10 -
#91460000000
0!
0'
#91465000000
1!
1'
b11 -
10
#91470000000
0!
0'
#91475000000
1!
1'
b0 -
00
#91480000000
0!
0'
#91485000000
1!
1'
b1 -
#91490000000
0!
0'
#91495000000
1!
1'
b10 -
#91500000000
0!
0'
#91505000000
1!
1'
b11 -
10
#91510000000
0!
0'
#91515000000
1!
1'
b0 -
00
#91520000000
0!
0'
#91525000000
1!
1'
b1 -
#91530000000
0!
0'
#91535000000
1!
1'
b10 -
#91540000000
0!
0'
#91545000000
1!
1'
b11 -
10
#91550000000
0!
0'
#91555000000
1!
1'
b0 -
00
#91560000000
0!
0'
#91565000000
1!
1'
b1 -
#91570000000
0!
0'
#91575000000
1!
1'
b10 -
#91580000000
0!
0'
#91585000000
1!
1'
b11 -
10
#91590000000
0!
0'
#91595000000
1!
1'
b0 -
00
#91600000000
0!
0'
#91605000000
1!
1'
b1 -
#91610000000
0!
0'
#91615000000
1!
1'
b10 -
#91620000000
0!
0'
#91625000000
1!
1'
b11 -
10
#91630000000
0!
0'
#91635000000
1!
1'
b0 -
00
#91640000000
0!
0'
#91645000000
1!
1'
b1 -
#91650000000
0!
0'
#91655000000
1!
1'
b10 -
#91660000000
0!
0'
#91665000000
1!
1'
b11 -
10
#91670000000
0!
0'
#91675000000
1!
1'
b0 -
00
#91680000000
0!
0'
#91685000000
1!
1'
b1 -
#91690000000
0!
0'
#91695000000
1!
1'
b10 -
#91700000000
0!
0'
#91705000000
1!
1'
b11 -
10
#91710000000
0!
0'
#91715000000
1!
1'
b0 -
00
#91720000000
0!
0'
#91725000000
1!
1'
b1 -
#91730000000
0!
0'
#91735000000
1!
1'
b10 -
#91740000000
0!
0'
#91745000000
1!
1'
b11 -
10
#91750000000
0!
0'
#91755000000
1!
1'
b0 -
00
#91760000000
0!
0'
#91765000000
1!
1'
b1 -
#91770000000
0!
0'
#91775000000
1!
1'
b10 -
#91780000000
0!
0'
#91785000000
1!
1'
b11 -
10
#91790000000
0!
0'
#91795000000
1!
1'
b0 -
00
#91800000000
0!
0'
#91805000000
1!
1'
b1 -
#91810000000
0!
0'
#91815000000
1!
1'
b10 -
#91820000000
0!
0'
#91825000000
1!
1'
b11 -
10
#91830000000
0!
0'
#91835000000
1!
1'
b0 -
00
#91840000000
0!
0'
#91845000000
1!
1'
b1 -
#91850000000
0!
0'
#91855000000
1!
1'
b10 -
#91860000000
0!
0'
#91865000000
1!
1'
b11 -
10
#91870000000
0!
0'
#91875000000
1!
1'
b0 -
00
#91880000000
0!
0'
#91885000000
1!
1'
b1 -
#91890000000
0!
0'
#91895000000
1!
1'
b10 -
#91900000000
0!
0'
#91905000000
1!
1'
b11 -
10
#91910000000
0!
0'
#91915000000
1!
1'
b0 -
00
#91920000000
0!
0'
#91925000000
1!
1'
b1 -
#91930000000
0!
0'
#91935000000
1!
1'
b10 -
#91940000000
0!
0'
#91945000000
1!
1'
b11 -
10
#91950000000
0!
0'
#91955000000
1!
1'
b0 -
00
#91960000000
0!
0'
#91965000000
1!
1'
b1 -
#91970000000
0!
0'
#91975000000
1!
1'
b10 -
#91980000000
0!
0'
#91985000000
1!
1'
b11 -
10
#91990000000
0!
0'
#91995000000
1!
1'
b0 -
00
#92000000000
0!
0'
#92005000000
1!
1'
b1 -
#92010000000
0!
0'
#92015000000
1!
1'
b10 -
#92020000000
0!
0'
#92025000000
1!
1'
b11 -
10
#92030000000
0!
0'
#92035000000
1!
1'
b0 -
00
#92040000000
0!
0'
#92045000000
1!
1'
b1 -
#92050000000
0!
0'
#92055000000
1!
1'
b10 -
#92060000000
0!
0'
#92065000000
1!
1'
b11 -
10
#92070000000
0!
0'
#92075000000
1!
1'
b0 -
00
#92080000000
0!
0'
#92085000000
1!
1'
b1 -
#92090000000
0!
0'
#92095000000
1!
1'
b10 -
#92100000000
0!
0'
#92105000000
1!
1'
b11 -
10
#92110000000
0!
0'
#92115000000
1!
1'
b0 -
00
#92120000000
0!
0'
#92125000000
1!
1'
b1 -
#92130000000
0!
0'
#92135000000
1!
1'
b10 -
#92140000000
0!
0'
#92145000000
1!
1'
b11 -
10
#92150000000
0!
0'
#92155000000
1!
1'
b0 -
00
#92160000000
0!
0'
#92165000000
1!
1'
b1 -
#92170000000
0!
0'
#92175000000
1!
1'
b10 -
#92180000000
0!
0'
#92185000000
1!
1'
b11 -
10
#92190000000
0!
0'
#92195000000
1!
1'
b0 -
00
#92200000000
0!
0'
#92205000000
1!
1'
b1 -
#92210000000
0!
0'
#92215000000
1!
1'
b10 -
#92220000000
0!
0'
#92225000000
1!
1'
b11 -
10
#92230000000
0!
0'
#92235000000
1!
1'
b0 -
00
#92240000000
0!
0'
#92245000000
1!
1'
b1 -
#92250000000
0!
0'
#92255000000
1!
1'
b10 -
#92260000000
0!
0'
#92265000000
1!
1'
b11 -
10
#92270000000
0!
0'
#92275000000
1!
1'
b0 -
00
#92280000000
0!
0'
#92285000000
1!
1'
b1 -
#92290000000
0!
0'
#92295000000
1!
1'
b10 -
#92300000000
0!
0'
#92305000000
1!
1'
b11 -
10
#92310000000
0!
0'
#92315000000
1!
1'
b0 -
00
#92320000000
0!
0'
#92325000000
1!
1'
b1 -
#92330000000
0!
0'
#92335000000
1!
1'
b10 -
#92340000000
0!
0'
#92345000000
1!
1'
b11 -
10
#92350000000
0!
0'
#92355000000
1!
1'
b0 -
00
#92360000000
0!
0'
#92365000000
1!
1'
b1 -
#92370000000
0!
0'
#92375000000
1!
1'
b10 -
#92380000000
0!
0'
#92385000000
1!
1'
b11 -
10
#92390000000
0!
0'
#92395000000
1!
1'
b0 -
00
#92400000000
0!
0'
#92405000000
1!
1'
b1 -
#92410000000
0!
0'
#92415000000
1!
1'
b10 -
#92420000000
0!
0'
#92425000000
1!
1'
b11 -
10
#92430000000
0!
0'
#92435000000
1!
1'
b0 -
00
#92440000000
0!
0'
#92445000000
1!
1'
b1 -
#92450000000
0!
0'
#92455000000
1!
1'
b10 -
#92460000000
0!
0'
#92465000000
1!
1'
b11 -
10
#92470000000
0!
0'
#92475000000
1!
1'
b0 -
00
#92480000000
0!
0'
#92485000000
1!
1'
b1 -
#92490000000
0!
0'
#92495000000
1!
1'
b10 -
#92500000000
0!
0'
#92505000000
1!
1'
b11 -
10
#92510000000
0!
0'
#92515000000
1!
1'
b0 -
00
#92520000000
0!
0'
#92525000000
1!
1'
b1 -
#92530000000
0!
0'
#92535000000
1!
1'
b10 -
#92540000000
0!
0'
#92545000000
1!
1'
b11 -
10
#92550000000
0!
0'
#92555000000
1!
1'
b0 -
00
#92560000000
0!
0'
#92565000000
1!
1'
b1 -
#92570000000
0!
0'
#92575000000
1!
1'
b10 -
#92580000000
0!
0'
#92585000000
1!
1'
b11 -
10
#92590000000
0!
0'
#92595000000
1!
1'
b0 -
00
#92600000000
0!
0'
#92605000000
1!
1'
b1 -
#92610000000
0!
0'
#92615000000
1!
1'
b10 -
#92620000000
0!
0'
#92625000000
1!
1'
b11 -
10
#92630000000
0!
0'
#92635000000
1!
1'
b0 -
00
#92640000000
0!
0'
#92645000000
1!
1'
b1 -
#92650000000
0!
0'
#92655000000
1!
1'
b10 -
#92660000000
0!
0'
#92665000000
1!
1'
b11 -
10
#92670000000
0!
0'
#92675000000
1!
1'
b0 -
00
#92680000000
0!
0'
#92685000000
1!
1'
b1 -
#92690000000
0!
0'
#92695000000
1!
1'
b10 -
#92700000000
0!
0'
#92705000000
1!
1'
b11 -
10
#92710000000
0!
0'
#92715000000
1!
1'
b0 -
00
#92720000000
0!
0'
#92725000000
1!
1'
b1 -
#92730000000
0!
0'
#92735000000
1!
1'
b10 -
#92740000000
0!
0'
#92745000000
1!
1'
b11 -
10
#92750000000
0!
0'
#92755000000
1!
1'
b0 -
00
#92760000000
0!
0'
#92765000000
1!
1'
b1 -
#92770000000
0!
0'
#92775000000
1!
1'
b10 -
#92780000000
0!
0'
#92785000000
1!
1'
b11 -
10
#92790000000
0!
0'
#92795000000
1!
1'
b0 -
00
#92800000000
0!
0'
#92805000000
1!
1'
b1 -
#92810000000
0!
0'
#92815000000
1!
1'
b10 -
#92820000000
0!
0'
#92825000000
1!
1'
b11 -
10
#92830000000
0!
0'
#92835000000
1!
1'
b0 -
00
#92840000000
0!
0'
#92845000000
1!
1'
b1 -
#92850000000
0!
0'
#92855000000
1!
1'
b10 -
#92860000000
0!
0'
#92865000000
1!
1'
b11 -
10
#92870000000
0!
0'
#92875000000
1!
1'
b0 -
00
#92880000000
0!
0'
#92885000000
1!
1'
b1 -
#92890000000
0!
0'
#92895000000
1!
1'
b10 -
#92900000000
0!
0'
#92905000000
1!
1'
b11 -
10
#92910000000
0!
0'
#92915000000
1!
1'
b0 -
00
#92920000000
0!
0'
#92925000000
1!
1'
b1 -
#92930000000
0!
0'
#92935000000
1!
1'
b10 -
#92940000000
0!
0'
#92945000000
1!
1'
b11 -
10
#92950000000
0!
0'
#92955000000
1!
1'
b0 -
00
#92960000000
0!
0'
#92965000000
1!
1'
b1 -
#92970000000
0!
0'
#92975000000
1!
1'
b10 -
#92980000000
0!
0'
#92985000000
1!
1'
b11 -
10
#92990000000
0!
0'
#92995000000
1!
1'
b0 -
00
#93000000000
0!
0'
#93005000000
1!
1'
b1 -
#93010000000
0!
0'
#93015000000
1!
1'
b10 -
#93020000000
0!
0'
#93025000000
1!
1'
b11 -
10
#93030000000
0!
0'
#93035000000
1!
1'
b0 -
00
#93040000000
0!
0'
#93045000000
1!
1'
b1 -
#93050000000
0!
0'
#93055000000
1!
1'
b10 -
#93060000000
0!
0'
#93065000000
1!
1'
b11 -
10
#93070000000
0!
0'
#93075000000
1!
1'
b0 -
00
#93080000000
0!
0'
#93085000000
1!
1'
b1 -
#93090000000
0!
0'
#93095000000
1!
1'
b10 -
#93100000000
0!
0'
#93105000000
1!
1'
b11 -
10
#93110000000
0!
0'
#93115000000
1!
1'
b0 -
00
#93120000000
0!
0'
#93125000000
1!
1'
b1 -
#93130000000
0!
0'
#93135000000
1!
1'
b10 -
#93140000000
0!
0'
#93145000000
1!
1'
b11 -
10
#93150000000
0!
0'
#93155000000
1!
1'
b0 -
00
#93160000000
0!
0'
#93165000000
1!
1'
b1 -
#93170000000
0!
0'
#93175000000
1!
1'
b10 -
#93180000000
0!
0'
#93185000000
1!
1'
b11 -
10
#93190000000
0!
0'
#93195000000
1!
1'
b0 -
00
#93200000000
0!
0'
#93205000000
1!
1'
b1 -
#93210000000
0!
0'
#93215000000
1!
1'
b10 -
#93220000000
0!
0'
#93225000000
1!
1'
b11 -
10
#93230000000
0!
0'
#93235000000
1!
1'
b0 -
00
#93240000000
0!
0'
#93245000000
1!
1'
b1 -
#93250000000
0!
0'
#93255000000
1!
1'
b10 -
#93260000000
0!
0'
#93265000000
1!
1'
b11 -
10
#93270000000
0!
0'
#93275000000
1!
1'
b0 -
00
#93280000000
0!
0'
#93285000000
1!
1'
b1 -
#93290000000
0!
0'
#93295000000
1!
1'
b10 -
#93300000000
0!
0'
#93305000000
1!
1'
b11 -
10
#93310000000
0!
0'
#93315000000
1!
1'
b0 -
00
#93320000000
0!
0'
#93325000000
1!
1'
b1 -
#93330000000
0!
0'
#93335000000
1!
1'
b10 -
#93340000000
0!
0'
#93345000000
1!
1'
b11 -
10
#93350000000
0!
0'
#93355000000
1!
1'
b0 -
00
#93360000000
0!
0'
#93365000000
1!
1'
b1 -
#93370000000
0!
0'
#93375000000
1!
1'
b10 -
#93380000000
0!
0'
#93385000000
1!
1'
b11 -
10
#93390000000
0!
0'
#93395000000
1!
1'
b0 -
00
#93400000000
0!
0'
#93405000000
1!
1'
b1 -
#93410000000
0!
0'
#93415000000
1!
1'
b10 -
#93420000000
0!
0'
#93425000000
1!
1'
b11 -
10
#93430000000
0!
0'
#93435000000
1!
1'
b0 -
00
#93440000000
0!
0'
#93445000000
1!
1'
b1 -
#93450000000
0!
0'
#93455000000
1!
1'
b10 -
#93460000000
0!
0'
#93465000000
1!
1'
b11 -
10
#93470000000
0!
0'
#93475000000
1!
1'
b0 -
00
#93480000000
0!
0'
#93485000000
1!
1'
b1 -
#93490000000
0!
0'
#93495000000
1!
1'
b10 -
#93500000000
0!
0'
#93505000000
1!
1'
b11 -
10
#93510000000
0!
0'
#93515000000
1!
1'
b0 -
00
#93520000000
0!
0'
#93525000000
1!
1'
b1 -
#93530000000
0!
0'
#93535000000
1!
1'
b10 -
#93540000000
0!
0'
#93545000000
1!
1'
b11 -
10
#93550000000
0!
0'
#93555000000
1!
1'
b0 -
00
#93560000000
0!
0'
#93565000000
1!
1'
b1 -
#93570000000
0!
0'
#93575000000
1!
1'
b10 -
#93580000000
0!
0'
#93585000000
1!
1'
b11 -
10
#93590000000
0!
0'
#93595000000
1!
1'
b0 -
00
#93600000000
0!
0'
#93605000000
1!
1'
b1 -
#93610000000
0!
0'
#93615000000
1!
1'
b10 -
#93620000000
0!
0'
#93625000000
1!
1'
b11 -
10
#93630000000
0!
0'
#93635000000
1!
1'
b0 -
00
#93640000000
0!
0'
#93645000000
1!
1'
b1 -
#93650000000
0!
0'
#93655000000
1!
1'
b10 -
#93660000000
0!
0'
#93665000000
1!
1'
b11 -
10
#93670000000
0!
0'
#93675000000
1!
1'
b0 -
00
#93680000000
0!
0'
#93685000000
1!
1'
b1 -
#93690000000
0!
0'
#93695000000
1!
1'
b10 -
#93700000000
0!
0'
#93705000000
1!
1'
b11 -
10
#93710000000
0!
0'
#93715000000
1!
1'
b0 -
00
#93720000000
0!
0'
#93725000000
1!
1'
b1 -
#93730000000
0!
0'
#93735000000
1!
1'
b10 -
#93740000000
0!
0'
#93745000000
1!
1'
b11 -
10
#93750000000
0!
0'
#93755000000
1!
1'
b0 -
00
#93760000000
0!
0'
#93765000000
1!
1'
b1 -
#93770000000
0!
0'
#93775000000
1!
1'
b10 -
#93780000000
0!
0'
#93785000000
1!
1'
b11 -
10
#93790000000
0!
0'
#93795000000
1!
1'
b0 -
00
#93800000000
0!
0'
#93805000000
1!
1'
b1 -
#93810000000
0!
0'
#93815000000
1!
1'
b10 -
#93820000000
0!
0'
#93825000000
1!
1'
b11 -
10
#93830000000
0!
0'
#93835000000
1!
1'
b0 -
00
#93840000000
0!
0'
#93845000000
1!
1'
b1 -
#93850000000
0!
0'
#93855000000
1!
1'
b10 -
#93860000000
0!
0'
#93865000000
1!
1'
b11 -
10
#93870000000
0!
0'
#93875000000
1!
1'
b0 -
00
#93880000000
0!
0'
#93885000000
1!
1'
b1 -
#93890000000
0!
0'
#93895000000
1!
1'
b10 -
#93900000000
0!
0'
#93905000000
1!
1'
b11 -
10
#93910000000
0!
0'
#93915000000
1!
1'
b0 -
00
#93920000000
0!
0'
#93925000000
1!
1'
b1 -
#93930000000
0!
0'
#93935000000
1!
1'
b10 -
#93940000000
0!
0'
#93945000000
1!
1'
b11 -
10
#93950000000
0!
0'
#93955000000
1!
1'
b0 -
00
#93960000000
0!
0'
#93965000000
1!
1'
b1 -
#93970000000
0!
0'
#93975000000
1!
1'
b10 -
#93980000000
0!
0'
#93985000000
1!
1'
b11 -
10
#93990000000
0!
0'
#93995000000
1!
1'
b0 -
00
#94000000000
0!
0'
#94005000000
1!
1'
b1 -
#94010000000
0!
0'
#94015000000
1!
1'
b10 -
#94020000000
0!
0'
#94025000000
1!
1'
b11 -
10
#94030000000
0!
0'
#94035000000
1!
1'
b0 -
00
#94040000000
0!
0'
#94045000000
1!
1'
b1 -
#94050000000
0!
0'
#94055000000
1!
1'
b10 -
#94060000000
0!
0'
#94065000000
1!
1'
b11 -
10
#94070000000
0!
0'
#94075000000
1!
1'
b0 -
00
#94080000000
0!
0'
#94085000000
1!
1'
b1 -
#94090000000
0!
0'
#94095000000
1!
1'
b10 -
#94100000000
0!
0'
#94105000000
1!
1'
b11 -
10
#94110000000
0!
0'
#94115000000
1!
1'
b0 -
00
#94120000000
0!
0'
#94125000000
1!
1'
b1 -
#94130000000
0!
0'
#94135000000
1!
1'
b10 -
#94140000000
0!
0'
#94145000000
1!
1'
b11 -
10
#94150000000
0!
0'
#94155000000
1!
1'
b0 -
00
#94160000000
0!
0'
#94165000000
1!
1'
b1 -
#94170000000
0!
0'
#94175000000
1!
1'
b10 -
#94180000000
0!
0'
#94185000000
1!
1'
b11 -
10
#94190000000
0!
0'
#94195000000
1!
1'
b0 -
00
#94200000000
0!
0'
#94205000000
1!
1'
b1 -
#94210000000
0!
0'
#94215000000
1!
1'
b10 -
#94220000000
0!
0'
#94225000000
1!
1'
b11 -
10
#94230000000
0!
0'
#94235000000
1!
1'
b0 -
00
#94240000000
0!
0'
#94245000000
1!
1'
b1 -
#94250000000
0!
0'
#94255000000
1!
1'
b10 -
#94260000000
0!
0'
#94265000000
1!
1'
b11 -
10
#94270000000
0!
0'
#94275000000
1!
1'
b0 -
00
#94280000000
0!
0'
#94285000000
1!
1'
b1 -
#94290000000
0!
0'
#94295000000
1!
1'
b10 -
#94300000000
0!
0'
#94305000000
1!
1'
b11 -
10
#94310000000
0!
0'
#94315000000
1!
1'
b0 -
00
#94320000000
0!
0'
#94325000000
1!
1'
b1 -
#94330000000
0!
0'
#94335000000
1!
1'
b10 -
#94340000000
0!
0'
#94345000000
1!
1'
b11 -
10
#94350000000
0!
0'
#94355000000
1!
1'
b0 -
00
#94360000000
0!
0'
#94365000000
1!
1'
b1 -
#94370000000
0!
0'
#94375000000
1!
1'
b10 -
#94380000000
0!
0'
#94385000000
1!
1'
b11 -
10
#94390000000
0!
0'
#94395000000
1!
1'
b0 -
00
#94400000000
0!
0'
#94405000000
1!
1'
b1 -
#94410000000
0!
0'
#94415000000
1!
1'
b10 -
#94420000000
0!
0'
#94425000000
1!
1'
b11 -
10
#94430000000
0!
0'
#94435000000
1!
1'
b0 -
00
#94440000000
0!
0'
#94445000000
1!
1'
b1 -
#94450000000
0!
0'
#94455000000
1!
1'
b10 -
#94460000000
0!
0'
#94465000000
1!
1'
b11 -
10
#94470000000
0!
0'
#94475000000
1!
1'
b0 -
00
#94480000000
0!
0'
#94485000000
1!
1'
b1 -
#94490000000
0!
0'
#94495000000
1!
1'
b10 -
#94500000000
0!
0'
#94505000000
1!
1'
b11 -
10
#94510000000
0!
0'
#94515000000
1!
1'
b0 -
00
#94520000000
0!
0'
#94525000000
1!
1'
b1 -
#94530000000
0!
0'
#94535000000
1!
1'
b10 -
#94540000000
0!
0'
#94545000000
1!
1'
b11 -
10
#94550000000
0!
0'
#94555000000
1!
1'
b0 -
00
#94560000000
0!
0'
#94565000000
1!
1'
b1 -
#94570000000
0!
0'
#94575000000
1!
1'
b10 -
#94580000000
0!
0'
#94585000000
1!
1'
b11 -
10
#94590000000
0!
0'
#94595000000
1!
1'
b0 -
00
#94600000000
0!
0'
#94605000000
1!
1'
b1 -
#94610000000
0!
0'
#94615000000
1!
1'
b10 -
#94620000000
0!
0'
#94625000000
1!
1'
b11 -
10
#94630000000
0!
0'
#94635000000
1!
1'
b0 -
00
#94640000000
0!
0'
#94645000000
1!
1'
b1 -
#94650000000
0!
0'
#94655000000
1!
1'
b10 -
#94660000000
0!
0'
#94665000000
1!
1'
b11 -
10
#94670000000
0!
0'
#94675000000
1!
1'
b0 -
00
#94680000000
0!
0'
#94685000000
1!
1'
b1 -
#94690000000
0!
0'
#94695000000
1!
1'
b10 -
#94700000000
0!
0'
#94705000000
1!
1'
b11 -
10
#94710000000
0!
0'
#94715000000
1!
1'
b0 -
00
#94720000000
0!
0'
#94725000000
1!
1'
b1 -
#94730000000
0!
0'
#94735000000
1!
1'
b10 -
#94740000000
0!
0'
#94745000000
1!
1'
b11 -
10
#94750000000
0!
0'
#94755000000
1!
1'
b0 -
00
#94760000000
0!
0'
#94765000000
1!
1'
b1 -
#94770000000
0!
0'
#94775000000
1!
1'
b10 -
#94780000000
0!
0'
#94785000000
1!
1'
b11 -
10
#94790000000
0!
0'
#94795000000
1!
1'
b0 -
00
#94800000000
0!
0'
#94805000000
1!
1'
b1 -
#94810000000
0!
0'
#94815000000
1!
1'
b10 -
#94820000000
0!
0'
#94825000000
1!
1'
b11 -
10
#94830000000
0!
0'
#94835000000
1!
1'
b0 -
00
#94840000000
0!
0'
#94845000000
1!
1'
b1 -
#94850000000
0!
0'
#94855000000
1!
1'
b10 -
#94860000000
0!
0'
#94865000000
1!
1'
b11 -
10
#94870000000
0!
0'
#94875000000
1!
1'
b0 -
00
#94880000000
0!
0'
#94885000000
1!
1'
b1 -
#94890000000
0!
0'
#94895000000
1!
1'
b10 -
#94900000000
0!
0'
#94905000000
1!
1'
b11 -
10
#94910000000
0!
0'
#94915000000
1!
1'
b0 -
00
#94920000000
0!
0'
#94925000000
1!
1'
b1 -
#94930000000
0!
0'
#94935000000
1!
1'
b10 -
#94940000000
0!
0'
#94945000000
1!
1'
b11 -
10
#94950000000
0!
0'
#94955000000
1!
1'
b0 -
00
#94960000000
0!
0'
#94965000000
1!
1'
b1 -
#94970000000
0!
0'
#94975000000
1!
1'
b10 -
#94980000000
0!
0'
#94985000000
1!
1'
b11 -
10
#94990000000
0!
0'
#94995000000
1!
1'
b0 -
00
#95000000000
0!
0'
#95005000000
1!
1'
b1 -
#95010000000
0!
0'
#95015000000
1!
1'
b10 -
#95020000000
0!
0'
#95025000000
1!
1'
b11 -
10
#95030000000
0!
0'
#95035000000
1!
1'
b0 -
00
#95040000000
0!
0'
#95045000000
1!
1'
b1 -
#95050000000
0!
0'
#95055000000
1!
1'
b10 -
#95060000000
0!
0'
#95065000000
1!
1'
b11 -
10
#95070000000
0!
0'
#95075000000
1!
1'
b0 -
00
#95080000000
0!
0'
#95085000000
1!
1'
b1 -
#95090000000
0!
0'
#95095000000
1!
1'
b10 -
#95100000000
0!
0'
#95105000000
1!
1'
b11 -
10
#95110000000
0!
0'
#95115000000
1!
1'
b0 -
00
#95120000000
0!
0'
#95125000000
1!
1'
b1 -
#95130000000
0!
0'
#95135000000
1!
1'
b10 -
#95140000000
0!
0'
#95145000000
1!
1'
b11 -
10
#95150000000
0!
0'
#95155000000
1!
1'
b0 -
00
#95160000000
0!
0'
#95165000000
1!
1'
b1 -
#95170000000
0!
0'
#95175000000
1!
1'
b10 -
#95180000000
0!
0'
#95185000000
1!
1'
b11 -
10
#95190000000
0!
0'
#95195000000
1!
1'
b0 -
00
#95200000000
0!
0'
#95205000000
1!
1'
b1 -
#95210000000
0!
0'
#95215000000
1!
1'
b10 -
#95220000000
0!
0'
#95225000000
1!
1'
b11 -
10
#95230000000
0!
0'
#95235000000
1!
1'
b0 -
00
#95240000000
0!
0'
#95245000000
1!
1'
b1 -
#95250000000
0!
0'
#95255000000
1!
1'
b10 -
#95260000000
0!
0'
#95265000000
1!
1'
b11 -
10
#95270000000
0!
0'
#95275000000
1!
1'
b0 -
00
#95280000000
0!
0'
#95285000000
1!
1'
b1 -
#95290000000
0!
0'
#95295000000
1!
1'
b10 -
#95300000000
0!
0'
#95305000000
1!
1'
b11 -
10
#95310000000
0!
0'
#95315000000
1!
1'
b0 -
00
#95320000000
0!
0'
#95325000000
1!
1'
b1 -
#95330000000
0!
0'
#95335000000
1!
1'
b10 -
#95340000000
0!
0'
#95345000000
1!
1'
b11 -
10
#95350000000
0!
0'
#95355000000
1!
1'
b0 -
00
#95360000000
0!
0'
#95365000000
1!
1'
b1 -
#95370000000
0!
0'
#95375000000
1!
1'
b10 -
#95380000000
0!
0'
#95385000000
1!
1'
b11 -
10
#95390000000
0!
0'
#95395000000
1!
1'
b0 -
00
#95400000000
0!
0'
#95405000000
1!
1'
b1 -
#95410000000
0!
0'
#95415000000
1!
1'
b10 -
#95420000000
0!
0'
#95425000000
1!
1'
b11 -
10
#95430000000
0!
0'
#95435000000
1!
1'
b0 -
00
#95440000000
0!
0'
#95445000000
1!
1'
b1 -
#95450000000
0!
0'
#95455000000
1!
1'
b10 -
#95460000000
0!
0'
#95465000000
1!
1'
b11 -
10
#95470000000
0!
0'
#95475000000
1!
1'
b0 -
00
#95480000000
0!
0'
#95485000000
1!
1'
b1 -
#95490000000
0!
0'
#95495000000
1!
1'
b10 -
#95500000000
0!
0'
#95505000000
1!
1'
b11 -
10
#95510000000
0!
0'
#95515000000
1!
1'
b0 -
00
#95520000000
0!
0'
#95525000000
1!
1'
b1 -
#95530000000
0!
0'
#95535000000
1!
1'
b10 -
#95540000000
0!
0'
#95545000000
1!
1'
b11 -
10
#95550000000
0!
0'
#95555000000
1!
1'
b0 -
00
#95560000000
0!
0'
#95565000000
1!
1'
b1 -
#95570000000
0!
0'
#95575000000
1!
1'
b10 -
#95580000000
0!
0'
#95585000000
1!
1'
b11 -
10
#95590000000
0!
0'
#95595000000
1!
1'
b0 -
00
#95600000000
0!
0'
#95605000000
1!
1'
b1 -
#95610000000
0!
0'
#95615000000
1!
1'
b10 -
#95620000000
0!
0'
#95625000000
1!
1'
b11 -
10
#95630000000
0!
0'
#95635000000
1!
1'
b0 -
00
#95640000000
0!
0'
#95645000000
1!
1'
b1 -
#95650000000
0!
0'
#95655000000
1!
1'
b10 -
#95660000000
0!
0'
#95665000000
1!
1'
b11 -
10
#95670000000
0!
0'
#95675000000
1!
1'
b0 -
00
#95680000000
0!
0'
#95685000000
1!
1'
b1 -
#95690000000
0!
0'
#95695000000
1!
1'
b10 -
#95700000000
0!
0'
#95705000000
1!
1'
b11 -
10
#95710000000
0!
0'
#95715000000
1!
1'
b0 -
00
#95720000000
0!
0'
#95725000000
1!
1'
b1 -
#95730000000
0!
0'
#95735000000
1!
1'
b10 -
#95740000000
0!
0'
#95745000000
1!
1'
b11 -
10
#95750000000
0!
0'
#95755000000
1!
1'
b0 -
00
#95760000000
0!
0'
#95765000000
1!
1'
b1 -
#95770000000
0!
0'
#95775000000
1!
1'
b10 -
#95780000000
0!
0'
#95785000000
1!
1'
b11 -
10
#95790000000
0!
0'
#95795000000
1!
1'
b0 -
00
#95800000000
0!
0'
#95805000000
1!
1'
b1 -
#95810000000
0!
0'
#95815000000
1!
1'
b10 -
#95820000000
0!
0'
#95825000000
1!
1'
b11 -
10
#95830000000
0!
0'
#95835000000
1!
1'
b0 -
00
#95840000000
0!
0'
#95845000000
1!
1'
b1 -
#95850000000
0!
0'
#95855000000
1!
1'
b10 -
#95860000000
0!
0'
#95865000000
1!
1'
b11 -
10
#95870000000
0!
0'
#95875000000
1!
1'
b0 -
00
#95880000000
0!
0'
#95885000000
1!
1'
b1 -
#95890000000
0!
0'
#95895000000
1!
1'
b10 -
#95900000000
0!
0'
#95905000000
1!
1'
b11 -
10
#95910000000
0!
0'
#95915000000
1!
1'
b0 -
00
#95920000000
0!
0'
#95925000000
1!
1'
b1 -
#95930000000
0!
0'
#95935000000
1!
1'
b10 -
#95940000000
0!
0'
#95945000000
1!
1'
b11 -
10
#95950000000
0!
0'
#95955000000
1!
1'
b0 -
00
#95960000000
0!
0'
#95965000000
1!
1'
b1 -
#95970000000
0!
0'
#95975000000
1!
1'
b10 -
#95980000000
0!
0'
#95985000000
1!
1'
b11 -
10
#95990000000
0!
0'
#95995000000
1!
1'
b0 -
00
#96000000000
0!
0'
#96005000000
1!
1'
b1 -
#96010000000
0!
0'
#96015000000
1!
1'
b10 -
#96020000000
0!
0'
#96025000000
1!
1'
b11 -
10
#96030000000
0!
0'
#96035000000
1!
1'
b0 -
00
#96040000000
0!
0'
#96045000000
1!
1'
b1 -
#96050000000
0!
0'
#96055000000
1!
1'
b10 -
#96060000000
0!
0'
#96065000000
1!
1'
b11 -
10
#96070000000
0!
0'
#96075000000
1!
1'
b0 -
00
#96080000000
0!
0'
#96085000000
1!
1'
b1 -
#96090000000
0!
0'
#96095000000
1!
1'
b10 -
#96100000000
0!
0'
#96105000000
1!
1'
b11 -
10
#96110000000
0!
0'
#96115000000
1!
1'
b0 -
00
#96120000000
0!
0'
#96125000000
1!
1'
b1 -
#96130000000
0!
0'
#96135000000
1!
1'
b10 -
#96140000000
0!
0'
#96145000000
1!
1'
b11 -
10
#96150000000
0!
0'
#96155000000
1!
1'
b0 -
00
#96160000000
0!
0'
#96165000000
1!
1'
b1 -
#96170000000
0!
0'
#96175000000
1!
1'
b10 -
#96180000000
0!
0'
#96185000000
1!
1'
b11 -
10
#96190000000
0!
0'
#96195000000
1!
1'
b0 -
00
#96200000000
0!
0'
#96205000000
1!
1'
b1 -
#96210000000
0!
0'
#96215000000
1!
1'
b10 -
#96220000000
0!
0'
#96225000000
1!
1'
b11 -
10
#96230000000
0!
0'
#96235000000
1!
1'
b0 -
00
#96240000000
0!
0'
#96245000000
1!
1'
b1 -
#96250000000
0!
0'
#96255000000
1!
1'
b10 -
#96260000000
0!
0'
#96265000000
1!
1'
b11 -
10
#96270000000
0!
0'
#96275000000
1!
1'
b0 -
00
#96280000000
0!
0'
#96285000000
1!
1'
b1 -
#96290000000
0!
0'
#96295000000
1!
1'
b10 -
#96300000000
0!
0'
#96305000000
1!
1'
b11 -
10
#96310000000
0!
0'
#96315000000
1!
1'
b0 -
00
#96320000000
0!
0'
#96325000000
1!
1'
b1 -
#96330000000
0!
0'
#96335000000
1!
1'
b10 -
#96340000000
0!
0'
#96345000000
1!
1'
b11 -
10
#96350000000
0!
0'
#96355000000
1!
1'
b0 -
00
#96360000000
0!
0'
#96365000000
1!
1'
b1 -
#96370000000
0!
0'
#96375000000
1!
1'
b10 -
#96380000000
0!
0'
#96385000000
1!
1'
b11 -
10
#96390000000
0!
0'
#96395000000
1!
1'
b0 -
00
#96400000000
0!
0'
#96405000000
1!
1'
b1 -
#96410000000
0!
0'
#96415000000
1!
1'
b10 -
#96420000000
0!
0'
#96425000000
1!
1'
b11 -
10
#96430000000
0!
0'
#96435000000
1!
1'
b0 -
00
#96440000000
0!
0'
#96445000000
1!
1'
b1 -
#96450000000
0!
0'
#96455000000
1!
1'
b10 -
#96460000000
0!
0'
#96465000000
1!
1'
b11 -
10
#96470000000
0!
0'
#96475000000
1!
1'
b0 -
00
#96480000000
0!
0'
#96485000000
1!
1'
b1 -
#96490000000
0!
0'
#96495000000
1!
1'
b10 -
#96500000000
0!
0'
#96505000000
1!
1'
b11 -
10
#96510000000
0!
0'
#96515000000
1!
1'
b0 -
00
#96520000000
0!
0'
#96525000000
1!
1'
b1 -
#96530000000
0!
0'
#96535000000
1!
1'
b10 -
#96540000000
0!
0'
#96545000000
1!
1'
b11 -
10
#96550000000
0!
0'
#96555000000
1!
1'
b0 -
00
#96560000000
0!
0'
#96565000000
1!
1'
b1 -
#96570000000
0!
0'
#96575000000
1!
1'
b10 -
#96580000000
0!
0'
#96585000000
1!
1'
b11 -
10
#96590000000
0!
0'
#96595000000
1!
1'
b0 -
00
#96600000000
0!
0'
#96605000000
1!
1'
b1 -
#96610000000
0!
0'
#96615000000
1!
1'
b10 -
#96620000000
0!
0'
#96625000000
1!
1'
b11 -
10
#96630000000
0!
0'
#96635000000
1!
1'
b0 -
00
#96640000000
0!
0'
#96645000000
1!
1'
b1 -
#96650000000
0!
0'
#96655000000
1!
1'
b10 -
#96660000000
0!
0'
#96665000000
1!
1'
b11 -
10
#96670000000
0!
0'
#96675000000
1!
1'
b0 -
00
#96680000000
0!
0'
#96685000000
1!
1'
b1 -
#96690000000
0!
0'
#96695000000
1!
1'
b10 -
#96700000000
0!
0'
#96705000000
1!
1'
b11 -
10
#96710000000
0!
0'
#96715000000
1!
1'
b0 -
00
#96720000000
0!
0'
#96725000000
1!
1'
b1 -
#96730000000
0!
0'
#96735000000
1!
1'
b10 -
#96740000000
0!
0'
#96745000000
1!
1'
b11 -
10
#96750000000
0!
0'
#96755000000
1!
1'
b0 -
00
#96760000000
0!
0'
#96765000000
1!
1'
b1 -
#96770000000
0!
0'
#96775000000
1!
1'
b10 -
#96780000000
0!
0'
#96785000000
1!
1'
b11 -
10
#96790000000
0!
0'
#96795000000
1!
1'
b0 -
00
#96800000000
0!
0'
#96805000000
1!
1'
b1 -
#96810000000
0!
0'
#96815000000
1!
1'
b10 -
#96820000000
0!
0'
#96825000000
1!
1'
b11 -
10
#96830000000
0!
0'
#96835000000
1!
1'
b0 -
00
#96840000000
0!
0'
#96845000000
1!
1'
b1 -
#96850000000
0!
0'
#96855000000
1!
1'
b10 -
#96860000000
0!
0'
#96865000000
1!
1'
b11 -
10
#96870000000
0!
0'
#96875000000
1!
1'
b0 -
00
#96880000000
0!
0'
#96885000000
1!
1'
b1 -
#96890000000
0!
0'
#96895000000
1!
1'
b10 -
#96900000000
0!
0'
#96905000000
1!
1'
b11 -
10
#96910000000
0!
0'
#96915000000
1!
1'
b0 -
00
#96920000000
0!
0'
#96925000000
1!
1'
b1 -
#96930000000
0!
0'
#96935000000
1!
1'
b10 -
#96940000000
0!
0'
#96945000000
1!
1'
b11 -
10
#96950000000
0!
0'
#96955000000
1!
1'
b0 -
00
#96960000000
0!
0'
#96965000000
1!
1'
b1 -
#96970000000
0!
0'
#96975000000
1!
1'
b10 -
#96980000000
0!
0'
#96985000000
1!
1'
b11 -
10
#96990000000
0!
0'
#96995000000
1!
1'
b0 -
00
#97000000000
0!
0'
#97005000000
1!
1'
b1 -
#97010000000
0!
0'
#97015000000
1!
1'
b10 -
#97020000000
0!
0'
#97025000000
1!
1'
b11 -
10
#97030000000
0!
0'
#97035000000
1!
1'
b0 -
00
#97040000000
0!
0'
#97045000000
1!
1'
b1 -
#97050000000
0!
0'
#97055000000
1!
1'
b10 -
#97060000000
0!
0'
#97065000000
1!
1'
b11 -
10
#97070000000
0!
0'
#97075000000
1!
1'
b0 -
00
#97080000000
0!
0'
#97085000000
1!
1'
b1 -
#97090000000
0!
0'
#97095000000
1!
1'
b10 -
#97100000000
0!
0'
#97105000000
1!
1'
b11 -
10
#97110000000
0!
0'
#97115000000
1!
1'
b0 -
00
#97120000000
0!
0'
#97125000000
1!
1'
b1 -
#97130000000
0!
0'
#97135000000
1!
1'
b10 -
#97140000000
0!
0'
#97145000000
1!
1'
b11 -
10
#97150000000
0!
0'
#97155000000
1!
1'
b0 -
00
#97160000000
0!
0'
#97165000000
1!
1'
b1 -
#97170000000
0!
0'
#97175000000
1!
1'
b10 -
#97180000000
0!
0'
#97185000000
1!
1'
b11 -
10
#97190000000
0!
0'
#97195000000
1!
1'
b0 -
00
#97200000000
0!
0'
#97205000000
1!
1'
b1 -
#97210000000
0!
0'
#97215000000
1!
1'
b10 -
#97220000000
0!
0'
#97225000000
1!
1'
b11 -
10
#97230000000
0!
0'
#97235000000
1!
1'
b0 -
00
#97240000000
0!
0'
#97245000000
1!
1'
b1 -
#97250000000
0!
0'
#97255000000
1!
1'
b10 -
#97260000000
0!
0'
#97265000000
1!
1'
b11 -
10
#97270000000
0!
0'
#97275000000
1!
1'
b0 -
00
#97280000000
0!
0'
#97285000000
1!
1'
b1 -
#97290000000
0!
0'
#97295000000
1!
1'
b10 -
#97300000000
0!
0'
#97305000000
1!
1'
b11 -
10
#97310000000
0!
0'
#97315000000
1!
1'
b0 -
00
#97320000000
0!
0'
#97325000000
1!
1'
b1 -
#97330000000
0!
0'
#97335000000
1!
1'
b10 -
#97340000000
0!
0'
#97345000000
1!
1'
b11 -
10
#97350000000
0!
0'
#97355000000
1!
1'
b0 -
00
#97360000000
0!
0'
#97365000000
1!
1'
b1 -
#97370000000
0!
0'
#97375000000
1!
1'
b10 -
#97380000000
0!
0'
#97385000000
1!
1'
b11 -
10
#97390000000
0!
0'
#97395000000
1!
1'
b0 -
00
#97400000000
0!
0'
#97405000000
1!
1'
b1 -
#97410000000
0!
0'
#97415000000
1!
1'
b10 -
#97420000000
0!
0'
#97425000000
1!
1'
b11 -
10
#97430000000
0!
0'
#97435000000
1!
1'
b0 -
00
#97440000000
0!
0'
#97445000000
1!
1'
b1 -
#97450000000
0!
0'
#97455000000
1!
1'
b10 -
#97460000000
0!
0'
#97465000000
1!
1'
b11 -
10
#97470000000
0!
0'
#97475000000
1!
1'
b0 -
00
#97480000000
0!
0'
#97485000000
1!
1'
b1 -
#97490000000
0!
0'
#97495000000
1!
1'
b10 -
#97500000000
0!
0'
#97505000000
1!
1'
b11 -
10
#97510000000
0!
0'
#97515000000
1!
1'
b0 -
00
#97520000000
0!
0'
#97525000000
1!
1'
b1 -
#97530000000
0!
0'
#97535000000
1!
1'
b10 -
#97540000000
0!
0'
#97545000000
1!
1'
b11 -
10
#97550000000
0!
0'
#97555000000
1!
1'
b0 -
00
#97560000000
0!
0'
#97565000000
1!
1'
b1 -
#97570000000
0!
0'
#97575000000
1!
1'
b10 -
#97580000000
0!
0'
#97585000000
1!
1'
b11 -
10
#97590000000
0!
0'
#97595000000
1!
1'
b0 -
00
#97600000000
0!
0'
#97605000000
1!
1'
b1 -
#97610000000
0!
0'
#97615000000
1!
1'
b10 -
#97620000000
0!
0'
#97625000000
1!
1'
b11 -
10
#97630000000
0!
0'
#97635000000
1!
1'
b0 -
00
#97640000000
0!
0'
#97645000000
1!
1'
b1 -
#97650000000
0!
0'
#97655000000
1!
1'
b10 -
#97660000000
0!
0'
#97665000000
1!
1'
b11 -
10
#97670000000
0!
0'
#97675000000
1!
1'
b0 -
00
#97680000000
0!
0'
#97685000000
1!
1'
b1 -
#97690000000
0!
0'
#97695000000
1!
1'
b10 -
#97700000000
0!
0'
#97705000000
1!
1'
b11 -
10
#97710000000
0!
0'
#97715000000
1!
1'
b0 -
00
#97720000000
0!
0'
#97725000000
1!
1'
b1 -
#97730000000
0!
0'
#97735000000
1!
1'
b10 -
#97740000000
0!
0'
#97745000000
1!
1'
b11 -
10
#97750000000
0!
0'
#97755000000
1!
1'
b0 -
00
#97760000000
0!
0'
#97765000000
1!
1'
b1 -
#97770000000
0!
0'
#97775000000
1!
1'
b10 -
#97780000000
0!
0'
#97785000000
1!
1'
b11 -
10
#97790000000
0!
0'
#97795000000
1!
1'
b0 -
00
#97800000000
0!
0'
#97805000000
1!
1'
b1 -
#97810000000
0!
0'
#97815000000
1!
1'
b10 -
#97820000000
0!
0'
#97825000000
1!
1'
b11 -
10
#97830000000
0!
0'
#97835000000
1!
1'
b0 -
00
#97840000000
0!
0'
#97845000000
1!
1'
b1 -
#97850000000
0!
0'
#97855000000
1!
1'
b10 -
#97860000000
0!
0'
#97865000000
1!
1'
b11 -
10
#97870000000
0!
0'
#97875000000
1!
1'
b0 -
00
#97880000000
0!
0'
#97885000000
1!
1'
b1 -
#97890000000
0!
0'
#97895000000
1!
1'
b10 -
#97900000000
0!
0'
#97905000000
1!
1'
b11 -
10
#97910000000
0!
0'
#97915000000
1!
1'
b0 -
00
#97920000000
0!
0'
#97925000000
1!
1'
b1 -
#97930000000
0!
0'
#97935000000
1!
1'
b10 -
#97940000000
0!
0'
#97945000000
1!
1'
b11 -
10
#97950000000
0!
0'
#97955000000
1!
1'
b0 -
00
#97960000000
0!
0'
#97965000000
1!
1'
b1 -
#97970000000
0!
0'
#97975000000
1!
1'
b10 -
#97980000000
0!
0'
#97985000000
1!
1'
b11 -
10
#97990000000
0!
0'
#97995000000
1!
1'
b0 -
00
#98000000000
0!
0'
#98005000000
1!
1'
b1 -
#98010000000
0!
0'
#98015000000
1!
1'
b10 -
#98020000000
0!
0'
#98025000000
1!
1'
b11 -
10
#98030000000
0!
0'
#98035000000
1!
1'
b0 -
00
#98040000000
0!
0'
#98045000000
1!
1'
b1 -
#98050000000
0!
0'
#98055000000
1!
1'
b10 -
#98060000000
0!
0'
#98065000000
1!
1'
b11 -
10
#98070000000
0!
0'
#98075000000
1!
1'
b0 -
00
#98080000000
0!
0'
#98085000000
1!
1'
b1 -
#98090000000
0!
0'
#98095000000
1!
1'
b10 -
#98100000000
0!
0'
#98105000000
1!
1'
b11 -
10
#98110000000
0!
0'
#98115000000
1!
1'
b0 -
00
#98120000000
0!
0'
#98125000000
1!
1'
b1 -
#98130000000
0!
0'
#98135000000
1!
1'
b10 -
#98140000000
0!
0'
#98145000000
1!
1'
b11 -
10
#98150000000
0!
0'
#98155000000
1!
1'
b0 -
00
#98160000000
0!
0'
#98165000000
1!
1'
b1 -
#98170000000
0!
0'
#98175000000
1!
1'
b10 -
#98180000000
0!
0'
#98185000000
1!
1'
b11 -
10
#98190000000
0!
0'
#98195000000
1!
1'
b0 -
00
#98200000000
0!
0'
#98205000000
1!
1'
b1 -
#98210000000
0!
0'
#98215000000
1!
1'
b10 -
#98220000000
0!
0'
#98225000000
1!
1'
b11 -
10
#98230000000
0!
0'
#98235000000
1!
1'
b0 -
00
#98240000000
0!
0'
#98245000000
1!
1'
b1 -
#98250000000
0!
0'
#98255000000
1!
1'
b10 -
#98260000000
0!
0'
#98265000000
1!
1'
b11 -
10
#98270000000
0!
0'
#98275000000
1!
1'
b0 -
00
#98280000000
0!
0'
#98285000000
1!
1'
b1 -
#98290000000
0!
0'
#98295000000
1!
1'
b10 -
#98300000000
0!
0'
#98305000000
1!
1'
b11 -
10
#98310000000
0!
0'
#98315000000
1!
1'
b0 -
00
#98320000000
0!
0'
#98325000000
1!
1'
b1 -
#98330000000
0!
0'
#98335000000
1!
1'
b10 -
#98340000000
0!
0'
#98345000000
1!
1'
b11 -
10
#98350000000
0!
0'
#98355000000
1!
1'
b0 -
00
#98360000000
0!
0'
#98365000000
1!
1'
b1 -
#98370000000
0!
0'
#98375000000
1!
1'
b10 -
#98380000000
0!
0'
#98385000000
1!
1'
b11 -
10
#98390000000
0!
0'
#98395000000
1!
1'
b0 -
00
#98400000000
0!
0'
#98405000000
1!
1'
b1 -
#98410000000
0!
0'
#98415000000
1!
1'
b10 -
#98420000000
0!
0'
#98425000000
1!
1'
b11 -
10
#98430000000
0!
0'
#98435000000
1!
1'
b0 -
00
#98440000000
0!
0'
#98445000000
1!
1'
b1 -
#98450000000
0!
0'
#98455000000
1!
1'
b10 -
#98460000000
0!
0'
#98465000000
1!
1'
b11 -
10
#98470000000
0!
0'
#98475000000
1!
1'
b0 -
00
#98480000000
0!
0'
#98485000000
1!
1'
b1 -
#98490000000
0!
0'
#98495000000
1!
1'
b10 -
#98500000000
0!
0'
#98505000000
1!
1'
b11 -
10
#98510000000
0!
0'
#98515000000
1!
1'
b0 -
00
#98520000000
0!
0'
#98525000000
1!
1'
b1 -
#98530000000
0!
0'
#98535000000
1!
1'
b10 -
#98540000000
0!
0'
#98545000000
1!
1'
b11 -
10
#98550000000
0!
0'
#98555000000
1!
1'
b0 -
00
#98560000000
0!
0'
#98565000000
1!
1'
b1 -
#98570000000
0!
0'
#98575000000
1!
1'
b10 -
#98580000000
0!
0'
#98585000000
1!
1'
b11 -
10
#98590000000
0!
0'
#98595000000
1!
1'
b0 -
00
#98600000000
0!
0'
#98605000000
1!
1'
b1 -
#98610000000
0!
0'
#98615000000
1!
1'
b10 -
#98620000000
0!
0'
#98625000000
1!
1'
b11 -
10
#98630000000
0!
0'
#98635000000
1!
1'
b0 -
00
#98640000000
0!
0'
#98645000000
1!
1'
b1 -
#98650000000
0!
0'
#98655000000
1!
1'
b10 -
#98660000000
0!
0'
#98665000000
1!
1'
b11 -
10
#98670000000
0!
0'
#98675000000
1!
1'
b0 -
00
#98680000000
0!
0'
#98685000000
1!
1'
b1 -
#98690000000
0!
0'
#98695000000
1!
1'
b10 -
#98700000000
0!
0'
#98705000000
1!
1'
b11 -
10
#98710000000
0!
0'
#98715000000
1!
1'
b0 -
00
#98720000000
0!
0'
#98725000000
1!
1'
b1 -
#98730000000
0!
0'
#98735000000
1!
1'
b10 -
#98740000000
0!
0'
#98745000000
1!
1'
b11 -
10
#98750000000
0!
0'
#98755000000
1!
1'
b0 -
00
#98760000000
0!
0'
#98765000000
1!
1'
b1 -
#98770000000
0!
0'
#98775000000
1!
1'
b10 -
#98780000000
0!
0'
#98785000000
1!
1'
b11 -
10
#98790000000
0!
0'
#98795000000
1!
1'
b0 -
00
#98800000000
0!
0'
#98805000000
1!
1'
b1 -
#98810000000
0!
0'
#98815000000
1!
1'
b10 -
#98820000000
0!
0'
#98825000000
1!
1'
b11 -
10
#98830000000
0!
0'
#98835000000
1!
1'
b0 -
00
#98840000000
0!
0'
#98845000000
1!
1'
b1 -
#98850000000
0!
0'
#98855000000
1!
1'
b10 -
#98860000000
0!
0'
#98865000000
1!
1'
b11 -
10
#98870000000
0!
0'
#98875000000
1!
1'
b0 -
00
#98880000000
0!
0'
#98885000000
1!
1'
b1 -
#98890000000
0!
0'
#98895000000
1!
1'
b10 -
#98900000000
0!
0'
#98905000000
1!
1'
b11 -
10
#98910000000
0!
0'
#98915000000
1!
1'
b0 -
00
#98920000000
0!
0'
#98925000000
1!
1'
b1 -
#98930000000
0!
0'
#98935000000
1!
1'
b10 -
#98940000000
0!
0'
#98945000000
1!
1'
b11 -
10
#98950000000
0!
0'
#98955000000
1!
1'
b0 -
00
#98960000000
0!
0'
#98965000000
1!
1'
b1 -
#98970000000
0!
0'
#98975000000
1!
1'
b10 -
#98980000000
0!
0'
#98985000000
1!
1'
b11 -
10
#98990000000
0!
0'
#98995000000
1!
1'
b0 -
00
#99000000000
0!
0'
#99005000000
1!
1'
b1 -
#99010000000
0!
0'
#99015000000
1!
1'
b10 -
#99020000000
0!
0'
#99025000000
1!
1'
b11 -
10
#99030000000
0!
0'
#99035000000
1!
1'
b0 -
00
#99040000000
0!
0'
#99045000000
1!
1'
b1 -
#99050000000
0!
0'
#99055000000
1!
1'
b10 -
#99060000000
0!
0'
#99065000000
1!
1'
b11 -
10
#99070000000
0!
0'
#99075000000
1!
1'
b0 -
00
#99080000000
0!
0'
#99085000000
1!
1'
b1 -
#99090000000
0!
0'
#99095000000
1!
1'
b10 -
#99100000000
0!
0'
#99105000000
1!
1'
b11 -
10
#99110000000
0!
0'
#99115000000
1!
1'
b0 -
00
#99120000000
0!
0'
#99125000000
1!
1'
b1 -
#99130000000
0!
0'
#99135000000
1!
1'
b10 -
#99140000000
0!
0'
#99145000000
1!
1'
b11 -
10
#99150000000
0!
0'
#99155000000
1!
1'
b0 -
00
#99160000000
0!
0'
#99165000000
1!
1'
b1 -
#99170000000
0!
0'
#99175000000
1!
1'
b10 -
#99180000000
0!
0'
#99185000000
1!
1'
b11 -
10
#99190000000
0!
0'
#99195000000
1!
1'
b0 -
00
#99200000000
0!
0'
#99205000000
1!
1'
b1 -
#99210000000
0!
0'
#99215000000
1!
1'
b10 -
#99220000000
0!
0'
#99225000000
1!
1'
b11 -
10
#99230000000
0!
0'
#99235000000
1!
1'
b0 -
00
#99240000000
0!
0'
#99245000000
1!
1'
b1 -
#99250000000
0!
0'
#99255000000
1!
1'
b10 -
#99260000000
0!
0'
#99265000000
1!
1'
b11 -
10
#99270000000
0!
0'
#99275000000
1!
1'
b0 -
00
#99280000000
0!
0'
#99285000000
1!
1'
b1 -
#99290000000
0!
0'
#99295000000
1!
1'
b10 -
#99300000000
0!
0'
#99305000000
1!
1'
b11 -
10
#99310000000
0!
0'
#99315000000
1!
1'
b0 -
00
#99320000000
0!
0'
#99325000000
1!
1'
b1 -
#99330000000
0!
0'
#99335000000
1!
1'
b10 -
#99340000000
0!
0'
#99345000000
1!
1'
b11 -
10
#99350000000
0!
0'
#99355000000
1!
1'
b0 -
00
#99360000000
0!
0'
#99365000000
1!
1'
b1 -
#99370000000
0!
0'
#99375000000
1!
1'
b10 -
#99380000000
0!
0'
#99385000000
1!
1'
b11 -
10
#99390000000
0!
0'
#99395000000
1!
1'
b0 -
00
#99400000000
0!
0'
#99405000000
1!
1'
b1 -
#99410000000
0!
0'
#99415000000
1!
1'
b10 -
#99420000000
0!
0'
#99425000000
1!
1'
b11 -
10
#99430000000
0!
0'
#99435000000
1!
1'
b0 -
00
#99440000000
0!
0'
#99445000000
1!
1'
b1 -
#99450000000
0!
0'
#99455000000
1!
1'
b10 -
#99460000000
0!
0'
#99465000000
1!
1'
b11 -
10
#99470000000
0!
0'
#99475000000
1!
1'
b0 -
00
#99480000000
0!
0'
#99485000000
1!
1'
b1 -
#99490000000
0!
0'
#99495000000
1!
1'
b10 -
#99500000000
0!
0'
#99505000000
1!
1'
b11 -
10
#99510000000
0!
0'
#99515000000
1!
1'
b0 -
00
#99520000000
0!
0'
#99525000000
1!
1'
b1 -
#99530000000
0!
0'
#99535000000
1!
1'
b10 -
#99540000000
0!
0'
#99545000000
1!
1'
b11 -
10
#99550000000
0!
0'
#99555000000
1!
1'
b0 -
00
#99560000000
0!
0'
#99565000000
1!
1'
b1 -
#99570000000
0!
0'
#99575000000
1!
1'
b10 -
#99580000000
0!
0'
#99585000000
1!
1'
b11 -
10
#99590000000
0!
0'
#99595000000
1!
1'
b0 -
00
#99600000000
0!
0'
#99605000000
1!
1'
b1 -
#99610000000
0!
0'
#99615000000
1!
1'
b10 -
#99620000000
0!
0'
#99625000000
1!
1'
b11 -
10
#99630000000
0!
0'
#99635000000
1!
1'
b0 -
00
#99640000000
0!
0'
#99645000000
1!
1'
b1 -
#99650000000
0!
0'
#99655000000
1!
1'
b10 -
#99660000000
0!
0'
#99665000000
1!
1'
b11 -
10
#99670000000
0!
0'
#99675000000
1!
1'
b0 -
00
#99680000000
0!
0'
#99685000000
1!
1'
b1 -
#99690000000
0!
0'
#99695000000
1!
1'
b10 -
#99700000000
0!
0'
#99705000000
1!
1'
b11 -
10
#99710000000
0!
0'
#99715000000
1!
1'
b0 -
00
#99720000000
0!
0'
#99725000000
1!
1'
b1 -
#99730000000
0!
0'
#99735000000
1!
1'
b10 -
#99740000000
0!
0'
#99745000000
1!
1'
b11 -
10
#99750000000
0!
0'
#99755000000
1!
1'
b0 -
00
#99760000000
0!
0'
#99765000000
1!
1'
b1 -
#99770000000
0!
0'
#99775000000
1!
1'
b10 -
#99780000000
0!
0'
#99785000000
1!
1'
b11 -
10
#99790000000
0!
0'
#99795000000
1!
1'
b0 -
00
#99800000000
0!
0'
#99805000000
1!
1'
b1 -
#99810000000
0!
0'
#99815000000
1!
1'
b10 -
#99820000000
0!
0'
#99825000000
1!
1'
b11 -
10
#99830000000
0!
0'
#99835000000
1!
1'
b0 -
00
#99840000000
0!
0'
#99845000000
1!
1'
b1 -
#99850000000
0!
0'
#99855000000
1!
1'
b10 -
#99860000000
0!
0'
#99865000000
1!
1'
b11 -
10
#99870000000
0!
0'
#99875000000
1!
1'
b0 -
00
#99880000000
0!
0'
#99885000000
1!
1'
b1 -
#99890000000
0!
0'
#99895000000
1!
1'
b10 -
#99900000000
0!
0'
#99905000000
1!
1'
b11 -
10
#99910000000
0!
0'
#99915000000
1!
1'
b0 -
00
#99920000000
0!
0'
#99925000000
1!
1'
b1 -
#99930000000
0!
0'
#99935000000
1!
1'
b10 -
#99940000000
0!
0'
#99945000000
1!
1'
b11 -
10
#99950000000
0!
0'
#99955000000
1!
1'
b0 -
00
#99960000000
0!
0'
#99965000000
1!
1'
b1 -
#99970000000
0!
0'
#99975000000
1!
1'
b10 -
#99980000000
0!
0'
#99985000000
1!
1'
b11 -
10
#99990000000
0!
0'
#99995000000
1!
1'
b0 -
00
#100000000000
0!
0'
